idx,question,answer,answer_aliases,answerable,gold_idx,gold_titles,support_para_idxs,hop_count
2hop__460946_294723,Who is the spouse of the Green performer?,Miquette Giraudy,[],1,"musique_2hop__460946_294723_5,musique_2hop__460946_294723_10","[""Miquette Giraudy"", ""Green (Steve Hillage album)""]","[5, 10]",2
2hop__252311_366220,Who founded the company that distributed the film UHF?,Mike Medavoy,[],1,"musique_2hop__252311_366220_6,musique_2hop__252311_366220_10","[""Mike Medavoy"", ""UHF (film)""]","[6, 10]",2
2hop__701895_752697,What administrative territorial entity is the owner of Ciudad Deportiva located?,Tamaulipas,[],1,"musique_2hop__701895_752697_3,musique_2hop__701895_752697_11","[""Nuevo Laredo Municipality"", ""Ciudad Deportiva (Nuevo Laredo)""]","[3, 11]",2
2hop__259228_793698,Where is Ulrich Walter's employer headquartered?,Cologne,[],1,"musique_2hop__259228_793698_11,musique_2hop__259228_793698_14","[""Philae (spacecraft)"", ""Ulrich Walter""]","[11, 14]",2
2hop__481349_302087,Which company owns the manufacturer of Learjet 60?,Bombardier Inc.,"[""Bombardier""]",1,"musique_2hop__481349_302087_5,musique_2hop__481349_302087_10","[""List of Bombardier CRJ operators"", ""Learjet 60""]","[5, 10]",2
2hop__697790_864352,Who is the child of Caroline LeRoy's spouse?,Fletcher Webster,[],1,"musique_2hop__697790_864352_0,musique_2hop__697790_864352_10","[""Fletcher Webster"", ""Caroline LeRoy""]","[0, 10]",2
2hop__207476_625987,"Who is the grandmother of Philippe, Duke of Orléans?",Marie de' Medici,[],1,"musique_2hop__207476_625987_8,musique_2hop__207476_625987_14","[""Philippe I, Duke of Orl\u00e9ans"", ""Leonora Dori""]","[8, 14]",2
2hop__390947_232243,What is the goal of the group that European Movement Germany is a member of?,European integration,[],1,"musique_2hop__390947_232243_4,musique_2hop__390947_232243_17","[""Bernd H\u00fcttemann"", ""European Movement International""]","[4, 17]",2
2hop__354635_174222,What company succeeded the owner of Empire Sports Network?,Time Warner Cable,"[""Time Warner""]",1,"musique_2hop__354635_174222_2,musique_2hop__354635_174222_16","[""Empire Sports Network"", ""Windjammer Communications""]","[2, 16]",2
2hop__635187_861533,What province shares a border with the province where Lago District is located?,Cabo Delgado Province,[],1,"musique_2hop__635187_861533_0,musique_2hop__635187_861533_16","[""Niassa Reserve"", ""Lago District""]","[0, 16]",2
2hop__166824_185403,What league does the team that plays in Stadio Ciro Vigorito play for?,Lega Pro Prima Divisione,[],1,"musique_2hop__166824_185403_11,musique_2hop__166824_185403_13","[""Stadio Ciro Vigorito"", ""Carmelo Imbriani""]","[11, 13]",2
2hop__698577_851686,What is a notable work written by the author of The Timothy files?,Anderson Tapes,"[""The Anderson Tapes""]",1,"musique_2hop__698577_851686_3,musique_2hop__698577_851686_15","[""The Timothy Files"", ""The Anderson Tapes (novel)""]","[3, 15]",2
2hop__362107_652514,In which borough was Callum McManaman born?,Knowsley,"[""Metropolitan Borough of Knowsley""]",1,"musique_2hop__362107_652514_17,musique_2hop__362107_652514_18","[""Callum McManaman"", ""Whiston, Merseyside""]","[17, 18]",2
2hop__402530_774333,What other county does the county where Imperial is located share a border with?,Crockett County,[],1,"musique_2hop__402530_774333_12,musique_2hop__402530_774333_17","[""Lancaster Crossing"", ""Imperial, Texas""]","[12, 17]",2
2hop__195917_575657,In what county is William W. Blair's birthplace located?,Orleans County,"[""Orleans County, New York""]",1,"musique_2hop__195917_575657_15,musique_2hop__195917_575657_17","[""William W. Blair"", ""Holley, New York""]","[15, 17]",2
2hop__683835_709167,What award did the author of The Red Tree receive?,Academy Award for Best Animated Short Film,[],1,"musique_2hop__683835_709167_4,musique_2hop__683835_709167_13","[""Passion Pictures"", ""The Red Tree (Shaun Tan)""]","[4, 13]",2
2hop__197470_271394,Where was Tyler MacDuff's child educated?,Blair High School,[],1,"musique_2hop__197470_271394_8,musique_2hop__197470_271394_14","[""Dana MacDuff"", ""Dana MacDuff""]","[8, 14]",2
2hop__458131_174974,Who is the spouse of the Rabbit Hole's producer?,Keith Urban,[],1,"musique_2hop__458131_174974_3,musique_2hop__458131_174974_9","[""Planet Cake"", ""Rabbit Hole (film)""]","[3, 9]",2
2hop__299142_347613,Who is the child of Sigrid Eskilsdotter's child?,Svante Stensson Sture,[],1,"musique_2hop__299142_347613_4,musique_2hop__299142_347613_15","[""Sigrid Sture"", ""Sigrid Eskilsdotter (Ban\u00e9r)""]","[4, 15]",2
2hop__528263_865831,In which county is Kimbrough Memorial Stadium located?,Randall County,"[""Randall County, Texas""]",1,"musique_2hop__528263_865831_4,musique_2hop__528263_865831_16","[""Kimbrough Memorial Stadium"", ""Canyon, Texas""]","[4, 16]",2
2hop__569582_304416,What record label is the performer of Almost Made Ya signed to?,Derrty Entertainment,[],1,"musique_2hop__569582_304416_7,musique_2hop__569582_304416_10","[""Almost Made Ya"", ""Kinfolk (album)""]","[7, 10]",2
2hop__505860_650613,Where was the author of Hannibal and Scipio educated at?,Exeter College,[],1,"musique_2hop__505860_650613_9,musique_2hop__505860_650613_12","[""Thomas Nabbes"", ""Hannibal and Scipio""]","[9, 12]",2
2hop__821197_368148,In which county is Southern Maryland Electric Cooperative headquartered?,Charles County,"[""Charles County, Maryland""]",1,"musique_2hop__821197_368148_3,musique_2hop__821197_368148_7","[""Southern Maryland Electric Cooperative"", ""Hughesville, Maryland""]","[3, 7]",2
2hop__554167_451128,Who is the child of the Victim of Romance performer?,Chynna Phillips,[],1,"musique_2hop__554167_451128_8,musique_2hop__554167_451128_15","[""Wilson Phillips"", ""Victim of Romance""]","[8, 15]",2
2hop__702496_430061,What county was Tim Dubois born in?,McDonald County,"[""McDonald County, Missouri""]",1,"musique_2hop__702496_430061_6,musique_2hop__702496_430061_17","[""Tim DuBois"", ""Southwest City, Missouri""]","[6, 17]",2
2hop__549146_223121,What record label did the person who is part of The Bruce Lee Band start?,Asian Man Records,[],1,"musique_2hop__549146_223121_9,musique_2hop__549146_223121_18","[""The Bruce Lee Band"", ""Asian Man Records""]","[9, 18]",2
2hop__647996_551681,What is another notable work made by the author of Miss Sara Sampson?,Emilia Galotti,[],1,"musique_2hop__647996_551681_15,musique_2hop__647996_551681_17","[""Miss Sara Sampson"", ""Emilia Galotti""]","[15, 17]",2
2hop__673655_316668,What instrument is played by the person from The Blackout All-Stars?,conga,"[""Conga""]",1,"musique_2hop__673655_316668_12,musique_2hop__673655_316668_16","[""The Blackout All-Stars"", ""Midnight Blue (Kenny Burrell album)""]","[12, 16]",2
2hop__574419_270105,What is the seat of the county where Van Hook Township is located?,Stanley,[],1,"musique_2hop__574419_270105_1,musique_2hop__574419_270105_8","[""Mountrail County Courthouse"", ""Van Hook Township, Mountrail County, North Dakota""]","[1, 8]",2
2hop__403712_793210,"Who is the father of Edward Baring, 1st Baron Revelstoke's father?","Sir Francis Baring, 1st Baronet",[],1,"musique_2hop__403712_793210_6,musique_2hop__403712_793210_17","[""Tom Baring"", ""Godfrey Baring""]","[6, 17]",2
2hop__832795_350510,What group was the performer of Be the One a member of?,Jackson 5,[],1,"musique_2hop__832795_350510_8,musique_2hop__832795_350510_17","[""Be the One (album)"", ""Jackie Jackson (album)""]","[8, 17]",2
2hop__744055_408817,Who is the lead singer of the band performing Bang Bang Rock & Roll?,Eddie Argos,[],1,"musique_2hop__744055_408817_2,musique_2hop__744055_408817_8","[""Bang Bang Rock & Roll"", ""Eddie Argos""]","[2, 8]",2
2hop__726717_610238,What is the network which National Cycle Route 57 is part of an example of?,national cycling route network,"[""National cycling route network""]",1,"musique_2hop__726717_610238_12,musique_2hop__726717_610238_14","[""National Cycle Route 57"", ""National Cycle Network""]","[12, 14]",2
2hop__499577_617190,Who is the spouse of the child of Peter Andreas Heiberg?,Johanne Luise Heiberg,[],1,"musique_2hop__499577_617190_11,musique_2hop__499577_617190_16","[""The Crisis and a Crisis in the Life of an Actress"", ""Johan Ludvig Heiberg (poet)""]","[11, 16]",2
2hop__685280_510757,The Unwinding author volunteered for which organisation?,Peace Corps,[],1,"musique_2hop__685280_510757_11,musique_2hop__685280_510757_12","[""The Village of Waiting"", ""The Unwinding""]","[11, 12]",2
2hop__341305_332933,What is the capital of the county that Pine Springs is located in?,Van Horn,[],1,"musique_2hop__341305_332933_4,musique_2hop__341305_332933_6","[""Culberson County-Allamoore Independent School District"", ""Pine Springs, Texas""]","[4, 6]",2
2hop__731228_609866,What district is the headquarter of Julia's House located?,East Dorset,[],1,"musique_2hop__731228_609866_7,musique_2hop__731228_609866_10","[""Julia's House"", ""Corfe Mullen""]","[7, 10]",2
2hop__693444_220151,Who is the spouse of Young Man Luther's author?,Joan Erikson,[],1,"musique_2hop__693444_220151_12,musique_2hop__693444_220151_19","[""Young Man Luther"", ""Erikson's stages of psychosocial development""]","[12, 19]",2
2hop__235471_565925,What record label did the performer of The Place and the Time belong to?,Columbia Records,[],1,"musique_2hop__235471_565925_0,musique_2hop__235471_565925_6","[""The Place and the Time"", ""Great Grape""]","[0, 6]",2
2hop__310456_846599,Who is the child of the person who followed Tihomir of Serbia?,Saint Sava,[],1,"musique_2hop__310456_846599_6,musique_2hop__310456_846599_17","[""Stracimir Zavidovi\u0107"", ""Saint Sava""]","[6, 17]",2
2hop__335418_279684,What team was Anna Benson's husband on?,Pittsburgh Pirates,"[""Orioles"", ""Pirates"", ""Baltimore Orioles"", ""New York Mets"", ""Mets""]",1,"musique_2hop__335418_279684_9,musique_2hop__335418_279684_16","[""Anna Benson"", ""Kris Benson""]","[9, 16]",2
2hop__191125_781346,What place does the administrative territorial entity that Juba is located in share a border with?,Eastern Equatoria,[],1,"musique_2hop__191125_781346_13,musique_2hop__191125_781346_14","[""Badigeru Swamp"", ""The Citizen (South Sudan)""]","[13, 14]",2
2hop__475070_532404,Where was the spouse of Frances Tupper born?,Amherst,[],1,"musique_2hop__475070_532404_4,musique_2hop__475070_532404_13","[""Frances Tupper"", ""Arthur Rupert Dickey""]","[4, 13]",2
2hop__700093_455653,Who founded the political party of Dimuthu Bandara Abayakoon?,Rohana Wijeweera,[],1,"musique_2hop__700093_455653_8,musique_2hop__700093_455653_12","[""Rohana Wijeweera"", ""Dimuthu Bandara Abayakoon""]","[8, 12]",2
2hop__512773_346751,Bancroft's county borders what county?,Haliburton County,[],1,"musique_2hop__512773_346751_7,musique_2hop__512773_346751_8","[""York River (Ontario)"", ""North Hastings High School""]","[7, 8]",2
2hop__411091_625230,In which county is Mark Dismore's birthplace located?,Hancock County,[],1,"musique_2hop__411091_625230_10,musique_2hop__411091_625230_13","[""Greenfield, Indiana"", ""Mark Dismore""]","[10, 13]",2
2hop__423972_540249,Who was the sibling of Nannina de' Medici?,Giuliano de' Medici,[],1,"musique_2hop__423972_540249_5,musique_2hop__423972_540249_8","[""Giuliano de' Medici"", ""Nannina de' Medici""]","[5, 8]",2
2hop__455158_247871,What county is the NRHEG High School located in?,Waseca County,"[""Waseca County, Minnesota""]",1,"musique_2hop__455158_247871_16,musique_2hop__455158_247871_19","[""NRHEG High School"", ""New Richland, Minnesota""]","[16, 19]",2
2hop__189094_612080,What league does the team that occupies the Rabat Ajax Football Ground belong to?,Maltese Premier League,[],1,"musique_2hop__189094_612080_6,musique_2hop__189094_612080_13","[""Malcolm Licari"", ""Rabat Ajax Football Ground""]","[6, 13]",2
2hop__765678_310556,Who was married to the star of No Escape?,John Profumo,[],1,"musique_2hop__765678_310556_5,musique_2hop__765678_310556_19","[""David Profumo"", ""No Escape (1936 film)""]","[5, 19]",2
2hop__304852_758385,What administrative territorial entity contains the place where KPRM is licensed to broadcast to?,Hubbard County,"[""Hubbard County, Minnesota""]",1,"musique_2hop__304852_758385_5,musique_2hop__304852_758385_16","[""KPRM"", ""Emmaville, Minnesota""]","[5, 16]",2
2hop__628752_538661,Where are the headquarters for the publisher of In the Shadow of Greatness?,Annapolis,"[""Annapolis, Maryland""]",1,"musique_2hop__628752_538661_4,musique_2hop__628752_538661_5","[""United States Naval Institute"", ""In the Shadow of Greatness""]","[4, 5]",2
2hop__661847_288421,Who is part of the band that performed Full Cooperation?,Erick Sermon,[],1,"musique_2hop__661847_288421_8,musique_2hop__661847_288421_10","[""Def Squad"", ""Full Cooperation""]","[8, 10]",2
2hop__496732_658428,The territory containing Bansaan Island is located at which island?,Panglao Island,[],1,"musique_2hop__496732_658428_7,musique_2hop__496732_658428_17","[""Hinagdanan Cave"", ""Bansaan""]","[7, 17]",2
2hop__175175_347233,In which county did Snappy Tomato Pizza form?,Kenton County,"[""Kenton County, Kentucky""]",1,"musique_2hop__175175_347233_4,musique_2hop__175175_347233_8","[""Fort Mitchell, Kentucky"", ""Snappy Tomato Pizza""]","[4, 8]",2
2hop__496961_554601,What's the place of birth of the former member of The Sunnyboys?,Kingscliff,"[""Kingscliff, New South Wales""]",1,"musique_2hop__496961_554601_17,musique_2hop__496961_554601_18","[""Sunnyboys"", ""Jeremy Oxley""]","[17, 18]",2
2hop__274110_413723,In which district was Ernie Watts born?,West Berkshire,[],1,"musique_2hop__274110_413723_14,musique_2hop__274110_413723_18","[""Ernie Watts (footballer, born 1872)"", ""Woolhampton""]","[14, 18]",2
2hop__231890_595414,Which county does Lloyd Dane's birthplace belong to?,Miller County,"[""Miller County, Missouri""]",1,"musique_2hop__231890_595414_0,musique_2hop__231890_595414_18","[""Eldon, Missouri"", ""Lloyd Dane""]","[0, 18]",2
2hop__342746_679190,Who is the spouse of the screenwriter of The Actress?,Garson Kanin,[],1,"musique_2hop__342746_679190_0,musique_2hop__342746_679190_10","[""Adam's Rib"", ""The Actress""]","[0, 10]",2
2hop__860241_766393,What award was received by the person who authored Missing Person?,Nobel Prize in Literature,"[""Austrian State Prize for European Literature"", ""Prix mondial Cino Del Duca"", ""Grand Prix du roman de l'Acad\u00e9mie fran\u00e7aise"", ""Prix Goncourt""]",1,"musique_2hop__860241_766393_0,musique_2hop__860241_766393_16","[""Missing Person (novel)"", ""Patrick Modiano""]","[0, 16]",2
2hop__29368_29376,What event caused the founder of Australia's liberal party to become Prime Minister?,Lyons' death in 1939,[],1,"musique_2hop__29368_29376_5,musique_2hop__29368_29376_17","[""Liberal Party of Australia"", ""Liberal Party of Australia""]","[5, 17]",2
2hop__29367_29376,What event caused the Liberal Party of Australia's longest-serving leader to become Prime Minister?,Lyons' death in 1939,[],1,"musique_2hop__29367_29376_10,musique_2hop__29367_29376_17","[""Liberal Party of Australia"", ""Liberal Party of Australia""]","[10, 17]",2
2hop__21075_5028,What was the average per capita GVA in 2013 of the country which created Burma's academic system?,"£23,755",[],1,"musique_2hop__21075_5028_10,musique_2hop__21075_5028_15","[""Myanmar"", ""Plymouth""]","[10, 15]",2
2hop__557411_652060,Who is the spouse of the creator of The Nanny Reunion: A Nosh to Remember?,Peter Marc Jacobson,[],1,"musique_2hop__557411_652060_11,musique_2hop__557411_652060_19","[""The Nanny Reunion: A Nosh to Remember"", ""List of Happily Divorced episodes""]","[11, 19]",2
2hop__677929_696450,Who founded the publisher of The Final Testament of the Holy Bible?,Larry Gagosian,[],1,"musique_2hop__677929_696450_3,musique_2hop__677929_696450_8","[""Gagosian Gallery"", ""The Final Testament of the Holy Bible""]","[3, 8]",2
2hop__132909_33564,During which era was the company that makes Nirbhay founded?,From the 1950s to the 1970s,[],1,"musique_2hop__132909_33564_6,musique_2hop__132909_33564_7","[""Nirbhay"", ""Hyderabad""]","[6, 7]",2
2hop__199216_33564,During what era was the manufacturer of Agni-V founded?,From the 1950s to the 1970s,[],1,"musique_2hop__199216_33564_15,musique_2hop__199216_33564_16","[""Agni-V"", ""Hyderabad""]","[15, 16]",2
2hop__133241_33564,In what era was the company known as the manufacturer of Agni-V founded?,From the 1950s to the 1970s,[],1,"musique_2hop__133241_33564_2,musique_2hop__133241_33564_6","[""Agni-V"", ""Hyderabad""]","[2, 6]",2
2hop__636597_480615,What city is located in the county containing Qiantong?,Ningbo,[],1,"musique_2hop__636597_480615_10,musique_2hop__636597_480615_13","[""Qiantong, Zhejiang"", ""Hu Sanxing""]","[10, 13]",2
2hop__373759_136043,What is the performer of Heartbeat named after?,Natalie Albino,"[""Nina Sky""]",1,"musique_2hop__373759_136043_4,musique_2hop__373759_136043_12","[""Heartbeat (Nina Sky song)"", ""Nina Sky""]","[4, 12]",2
2hop__709357_136043,The Move Ya Body song's band is named after who?,Natalie Albino,"[""Nina Sky""]",1,"musique_2hop__709357_136043_7,musique_2hop__709357_136043_9","[""Move Ya Body"", ""Nina Sky""]","[7, 9]",2
2hop__32254_84601,When did the spacecraft that detected storms on Neptune leave our solar system?,"August 30, 2007",[],1,"musique_2hop__32254_84601_8,musique_2hop__32254_84601_10","[""Neptune"", ""Voyager 2""]","[8, 10]",2
2hop__471509_136043,The Nicole and Natalie album's band is named after who?,Natalie Albino,"[""Nina Sky""]",1,"musique_2hop__471509_136043_5,musique_2hop__471509_136043_19","[""Nina Sky"", ""Nicole and Natalie""]","[5, 19]",2
2hop__87589_362941,Where was the founder of the National Women's Party born?,Mount Laurel Township,[],1,"musique_2hop__87589_362941_4,musique_2hop__87589_362941_11","[""Paulsdale"", ""National Woman's Party""]","[4, 11]",2
2hop__61318_362941,What is the place of birth of the person who submitted the first version of the equal rights amendment to congress in 1923?,Mount Laurel Township,[],1,"musique_2hop__61318_362941_0,musique_2hop__61318_362941_18","[""Equal Rights Amendment"", ""Paulsdale""]","[0, 18]",2
2hop__20268_42004,The Directory of Public Worship was approved by a parliament whose modern equivalent has been based where since 2004?,Scottish Parliament Building,[],1,"musique_2hop__20268_42004_13,musique_2hop__20268_42004_16","[""Scottish Parliament"", ""Presbyterianism""]","[13, 16]",2
2hop__159902_362941,Where was the person featured on the Chester Arthur coin born?,Mount Laurel Township,[],1,"musique_2hop__159902_362941_14,musique_2hop__159902_362941_19","[""List of First Ladies of the United States"", ""Paulsdale""]","[14, 19]",2
2hop__42027_42004,"Since 2004, what is the location of the body to which, if a matter is not specifically reserved, it is devolved?",Scottish Parliament Building,[],1,"musique_2hop__42027_42004_3,musique_2hop__42027_42004_7","[""Scottish Parliament"", ""Scottish Parliament""]","[3, 7]",2
2hop__648648_173389,The city which contains Broadhurst Park shares a border with what town?,Middleton,[],1,"musique_2hop__648648_173389_6,musique_2hop__648648_173389_11","[""Greengate, Greater Manchester"", ""Broadhurst Park""]","[6, 11]",2
2hop__477492_240386,What is the record label of the Metalworks Studio founder?,TML Entertainment,[],1,"musique_2hop__477492_240386_1,musique_2hop__477492_240386_9","[""TML Entertainment"", ""Metalworks Institute""]","[1, 9]",2
2hop__776377_857193,What is the mouth of watercourse for the body of water where Bartram's Covered Bridge is located?,Delaware River,[],1,"musique_2hop__776377_857193_9,musique_2hop__776377_857193_18","[""Crum Creek"", ""Bartram's Covered Bridge""]","[9, 18]",2
2hop__29752_814677,What is the ruler of the underworld in ancient Egypt a part of?,ancient Egyptian religion,[],1,"musique_2hop__29752_814677_9,musique_2hop__29752_814677_17","[""Green"", ""Hapi (Son of Horus)""]","[9, 17]",2
2hop__77601_814677,What pantheon is the God of the underworld in ancient Egypt a part of?,ancient Egyptian religion,[],1,"musique_2hop__77601_814677_10,musique_2hop__77601_814677_11","[""Hapi (Son of Horus)"", ""Osiris""]","[10, 11]",2
2hop__497191_129669,In which district was Alhandra born?,Lisbon District,"[""Lisbon"", ""AML""]",1,"musique_2hop__497191_129669_3,musique_2hop__497191_129669_19","[""Vila Franca de Xira"", ""Alhandra (footballer)""]","[3, 19]",2
2hop__311694_129669,In which state is Vera Barbosa's place of birth located?,Lisbon District,"[""Lisbon"", ""AML""]",1,"musique_2hop__311694_129669_5,musique_2hop__311694_129669_6","[""Vila Franca de Xira"", ""Vera Barbosa""]","[5, 6]",2
2hop__819974_129669,In which state is Póvoa de Santa Iria's municipality located?,Lisbon District,"[""Lisbon""]",1,"musique_2hop__819974_129669_13,musique_2hop__819974_129669_17","[""Vila Franca de Xira"", ""P\u00f3voa de Santa Iria e Forte da Casa""]","[13, 17]",2
2hop__199513_13732,How old was Mary when engaged to the person from whom São José dos Campos takes it's name?,12–14 years old,[],1,"musique_2hop__199513_13732_18,musique_2hop__199513_13732_19","[""Mary, mother of Jesus"", ""S\u00e3o Jos\u00e9 dos Campos""]","[18, 19]",2
2hop__13731_801817,Where was Mary's betrothed born?,Nazareth,[],1,"musique_2hop__13731_801817_4,musique_2hop__13731_801817_11","[""Sisters of St Joseph of Nazareth"", ""Mary, mother of Jesus""]","[4, 11]",2
2hop__865961_159109,Where is the country with ISO code ISO 3166-2:CV located?,central Atlantic Ocean,"[""Atlantic Ocean"", ""Atlantic""]",1,"musique_2hop__865961_159109_11,musique_2hop__865961_159109_13","[""Cape Verde"", ""ISO 3166-2:CV""]","[11, 13]",2
2hop__728887_159109,Where is Assomada located?,central Atlantic Ocean,"[""Atlantic Ocean"", ""Atlantic""]",1,"musique_2hop__728887_159109_4,musique_2hop__728887_159109_11","[""RTC (Cape Verde)"", ""Cape Verde""]","[4, 11]",2
2hop__827995_159109,Where is Amílcar Cabral International Airport?,central Atlantic Ocean,"[""Atlantic Ocean"", ""Atlantic""]",1,"musique_2hop__827995_159109_17,musique_2hop__827995_159109_19","[""Cape Verde"", ""Am\u00edlcar Cabral International Airport""]","[17, 19]",2
2hop__159215_779396,Where was the person who wrote about the rioting being a dividing factor in Birmingham educated?,University of Glasgow,[],1,"musique_2hop__159215_779396_8,musique_2hop__159215_779396_14","[""Priestley Riots"", ""James Watt""]","[8, 14]",2
2hop__119423_779396,Where was the designer of the Lap Engine educated?,University of Glasgow,[],1,"musique_2hop__119423_779396_14,musique_2hop__119423_779396_16","[""Lap Engine"", ""James Watt""]","[14, 16]",2
2hop__115515_779396,Where was the creator of the Lap Engine educated?,University of Glasgow,[],1,"musique_2hop__115515_779396_3,musique_2hop__115515_779396_18","[""Lap Engine"", ""James Watt""]","[3, 18]",2
2hop__665660_135481,The 1967 Federation Cup is an instance of this tournament which is named after what organization?,International Tennis Federation,"[""ITF""]",1,"musique_2hop__665660_135481_10,musique_2hop__665660_135481_16","[""Fed Cup"", ""1967 Federation Cup (tennis)""]","[10, 16]",2
2hop__201704_135481,What is the competition that the 1965 Federation Cup is part of named after?,International Tennis Federation,"[""ITF""]",1,"musique_2hop__201704_135481_8,musique_2hop__201704_135481_16","[""1965 Federation Cup (tennis)"", ""Fed Cup""]","[8, 16]",2
2hop__861157_135481,What is the competition the 1972 Federation Cup is part of named after?,International Tennis Federation,"[""ITF""]",1,"musique_2hop__861157_135481_10,musique_2hop__861157_135481_19","[""1972 Federation Cup (tennis)"", ""Fed Cup""]","[10, 19]",2
2hop__495316_660579,"What is the capital of the county which contains Hickory Grove Estates, Mississippi?",Starkville,[],1,"musique_2hop__495316_660579_0,musique_2hop__495316_660579_15","[""Hickory Grove Estates, Mississippi"", ""Oktibbeha County School District""]","[0, 15]",2
2hop__478978_124498,Who is the father of the performer of Je dis aime?,Louis Chedid,[],1,"musique_2hop__478978_124498_2,musique_2hop__478978_124498_16","[""Matthieu Chedid"", ""Je dis aime""]","[2, 16]",2
2hop__543853_124498,Who is the father of the Labo M performer?,Louis Chedid,[],1,"musique_2hop__543853_124498_5,musique_2hop__543853_124498_13","[""Matthieu Chedid"", ""Labo M""]","[5, 13]",2
2hop__335899_124498,Who is the father of the performer of Qui de noux deux?,Louis Chedid,[],1,"musique_2hop__335899_124498_16,musique_2hop__335899_124498_19","[""Matthieu Chedid"", ""Qui de nous deux""]","[16, 19]",2
2hop__517145_367341,Who is the child of the cast member of Green Ice?,Tatum O'Neal,[],1,"musique_2hop__517145_367341_3,musique_2hop__517145_367341_5","[""Green Ice (soundtrack)"", ""Nickelodeon (film)""]","[3, 5]",2
2hop__92051_827343,Who is the sibling of the actress who played Susan Walker in Miracle on 34th street?,Lana Wood,[],1,"musique_2hop__92051_827343_1,musique_2hop__92051_827343_19","[""Five Finger Exercise"", ""Miracle on 34th Street""]","[1, 19]",2
2hop__89764_827343,Who is the sibling of the actress that played the little girl in Miracle on 34th street 1947?,Lana Wood,[],1,"musique_2hop__89764_827343_12,musique_2hop__89764_827343_17","[""Miracle on 34th Street"", ""Five Finger Exercise""]","[12, 17]",2
2hop__59048_827343,Whose sister played Susie in miracle on 34th street?,Lana Wood,[],1,"musique_2hop__59048_827343_2,musique_2hop__59048_827343_11","[""Miracle on 34th Street"", ""Five Finger Exercise""]","[2, 11]",2
2hop__14121_15463,What company did the company that initiated a successful price war among PC manufacturers in 1994 merge with in 2002?,Hewlett Packard,"[""Hewlett-Packard""]",1,"musique_2hop__14121_15463_1,musique_2hop__14121_15463_10","[""Macintosh"", ""Dell""]","[1, 10]",2
2hop__817096_15463,What company merged in 2002 with the CEMM developer?,Hewlett Packard,"[""Hewlett-Packard""]",1,"musique_2hop__817096_15463_0,musique_2hop__817096_15463_12","[""CEMM"", ""Dell""]","[0, 12]",2
2hop__14095_15463,"In 2002, what company merged with the top PC manufacturer from 1994?",Hewlett Packard,"[""Hewlett-Packard""]",1,"musique_2hop__14095_15463_2,musique_2hop__14095_15463_16","[""Macintosh"", ""Dell""]","[2, 16]",2
2hop__485221_544917,What body of water includes the terrain feature where Coffee Swamp is located?,Lake Superior,"[""Superior""]",1,"musique_2hop__485221_544917_0,musique_2hop__485221_544917_14","[""Washington Island (Michigan)"", ""Coffee Swamp""]","[0, 14]",2
2hop__198459_61845,Who has played for both West Ham Ajax and the team that Adam Hammill is on?,Mido,[],1,"musique_2hop__198459_61845_0,musique_2hop__198459_61845_10","[""Mido (footballer)"", ""Adam Hammill""]","[0, 10]",2
2hop__563476_61845,Who has played for West Ham Ajax and the team that David Currie plays for?,Mido,[],1,"musique_2hop__563476_61845_4,musique_2hop__563476_61845_9","[""David Currie (footballer)"", ""Mido (footballer)""]","[4, 9]",2
2hop__622308_61845,Who has played for West Ham Ajax and the team from the city where Malcolm Graham died?,Mido,[],1,"musique_2hop__622308_61845_6,musique_2hop__622308_61845_16","[""Malcolm Graham (footballer)"", ""Mido (footballer)""]","[6, 16]",2
2hop__135653_669373,Who is the employer of the person Mach's principle was named after?,Charles University,[],1,"musique_2hop__135653_669373_6,musique_2hop__135653_669373_10","[""Mach's principle"", ""Vinko Dvo\u0159\u00e1k""]","[6, 10]",2
2hop__135652_669373,Who is the employer of the physicist who Mach number is named after?,Charles University,[],1,"musique_2hop__135652_669373_4,musique_2hop__135652_669373_5","[""Mach number"", ""Vinko Dvo\u0159\u00e1k""]","[4, 5]",2
2hop__135651_669373,Which university employed the person that Mach bands are named after?,Charles University,[],1,"musique_2hop__135651_669373_3,musique_2hop__135651_669373_19","[""Mach bands"", ""Vinko Dvo\u0159\u00e1k""]","[3, 19]",2
2hop__256336_714772,Who is the spouse of a cast member from King of the Mountain?,Lisa Rinna,[],1,"musique_2hop__256336_714772_9,musique_2hop__256336_714772_18","[""Harry Loves Lisa"", ""King of the Mountain (film)""]","[9, 18]",2
2hop__199513_801817,What is the birthplace of the person after whom São José dos Campos was named?,Nazareth,[],1,"musique_2hop__199513_801817_2,musique_2hop__199513_801817_17","[""S\u00e3o Jos\u00e9 dos Campos"", ""Sisters of St Joseph of Nazareth""]","[2, 17]",2
2hop__391857_162018,What year did the author of Prince Prigio die?,1912,[],1,"musique_2hop__391857_162018_2,musique_2hop__391857_162018_3","[""Andrew Lang"", ""Prince Prigio""]","[2, 3]",2
2hop__645448_77615,When did military instruction start at the place where Larry Alcala was educated?,1912,[],1,"musique_2hop__645448_77615_0,musique_2hop__645448_77615_17","[""Reserve Officers' Training Corps (Philippines)"", ""Larry Alcala""]","[0, 17]",2
2hop__123104_77615,When did the military instruction start in the university that Paulo Manalo attended?,1912,[],1,"musique_2hop__123104_77615_0,musique_2hop__123104_77615_7","[""Paolo Manalo"", ""Reserve Officers' Training Corps (Philippines)""]","[0, 7]",2
2hop__701525_342810,What county shares a border with Cedar Springs?,Bell County,[],1,"musique_2hop__701525_342810_5,musique_2hop__701525_342810_6","[""Cedar Springs, Texas"", ""Troy Independent School District""]","[5, 6]",2
2hop__668407_683671,Who is the father of Empress Wang's husband?,Yang Xingmi,[],1,"musique_2hop__668407_683671_3,musique_2hop__668407_683671_18","[""Empress Dowager Wang (Rui)"", ""Empress Wang (Yang Pu)""]","[3, 18]",2
2hop__286093_361551,In which county was James Finch born?,Bay County,"[""Bay County, Florida""]",1,"musique_2hop__286093_361551_2,musique_2hop__286093_361551_19","[""James Finch"", ""Lynn Haven, Florida""]","[2, 19]",2
2hop__124592_402641,Who is the other child of Chian Hsiao-chang's father?,Chiang Hsiao-wu,"[""Alex Chiang""]",1,"musique_2hop__124592_402641_1,musique_2hop__124592_402641_12","[""Chiang Hsiao-wu"", ""Chiang Hsiao-chang""]","[1, 12]",2
2hop__256553_617289,Who is the uncle of Liu Bin?,Liu Yin,[],1,"musique_2hop__256553_617289_7,musique_2hop__256553_617289_13","[""Consort Dowager Zhao"", ""Liu Yin (Southern Han)""]","[7, 13]",2
2hop__124412_402641,Who is the child of Chiang Hsiao-wen's father?,Chiang Hsiao-wu,"[""Alex Chiang""]",1,"musique_2hop__124412_402641_4,musique_2hop__124412_402641_6","[""Chiang Hsiao-wen"", ""Chiang Hsiao-wu""]","[4, 6]",2
2hop__706637_93362,"What is the movie starring Preity Zinta, Madhuri Dixit and the spouse of Kajol?",Yeh Raaste Hain Pyaar Ke,[],1,"musique_2hop__706637_93362_5,musique_2hop__706637_93362_12","[""Anil Devgan"", ""Yeh Raaste Hain Pyaar Ke""]","[5, 12]",2
2hop__780652_93362,What film features Anil Devgan's sibling?,Yeh Raaste Hain Pyaar Ke,[],1,"musique_2hop__780652_93362_8,musique_2hop__780652_93362_9","[""Yeh Raaste Hain Pyaar Ke"", ""Anil Devgan""]","[8, 9]",2
2hop__771727_93362,What preity zinta and madhuri dixit movie had a cast member from U Me Aur Hum ?,Yeh Raaste Hain Pyaar Ke,[],1,"musique_2hop__771727_93362_13,musique_2hop__771727_93362_17","[""Yeh Raaste Hain Pyaar Ke"", ""U Me Aur Hum""]","[13, 17]",2
2hop__499003_853511,What is the record label for the band which performed Pythons?,Kanine Records,[],1,"musique_2hop__499003_853511_5,musique_2hop__499003_853511_17","[""Pythons (album)"", ""Tarot Classics""]","[5, 17]",2
2hop__822965_165304,Who is the child of the actor who is a cast member of Love in Pawn?,Kim Braden,[],1,"musique_2hop__822965_165304_5,musique_2hop__822965_165304_12","[""Love in Pawn"", ""B-And-B""]","[5, 12]",2
2hop__156085_436709,Who is the creator of Mickey Mouse's spouse?,Walt Disney,[],1,"musique_2hop__156085_436709_1,musique_2hop__156085_436709_8","[""Mickey's Revue"", ""Mickey Mouse""]","[1, 8]",2
2hop__31585_61048,Who was the US physicist who directed the project that developed the first atomic bomb at the same place where Feynman worked on Water Boiler?,Robert Oppenheimer,"[""J. Robert Oppenheimer""]",1,"musique_2hop__31585_61048_7,musique_2hop__31585_61048_13","[""Richard Feynman"", ""Manhattan Project""]","[7, 13]",2
2hop__94507_654855,What political party does the person that Adversary in the House is based on a member of?,Socialist Party of America,"[""Democrat"", ""Democratic Party""]",1,"musique_2hop__94507_654855_5,musique_2hop__94507_654855_12","[""Adversary in the House"", ""Eugene V. Debs""]","[5, 12]",2
2hop__82858_654855,What political party was the socialist candidate part of who ran for president in 1912?,Socialist Party of America,"[""Democrat"", ""Democratic Party""]",1,"musique_2hop__82858_654855_1,musique_2hop__82858_654855_15","[""Eugene V. Debs"", ""1912 United States presidential election""]","[1, 15]",2
2hop__62823_654855,"What political party was the candidate who garnered a million votes during the 1920 election despite being in prison, a member of?",Socialist Party of America,"[""Democrat"", ""Democratic Party""]",1,"musique_2hop__62823_654855_12,musique_2hop__62823_654855_19","[""Eugene V. Debs"", ""1920 United States presidential election""]","[12, 19]",2
2hop__827755_156034,What is the river that the Kettle Generating Station is located on a tributary of?,Hudson's Bay,"[""Hudson Bay""]",1,"musique_2hop__827755_156034_9,musique_2hop__827755_156034_10","[""Nelson River"", ""Kettle Generating Station""]","[9, 10]",2
2hop__800166_156034,What is the river where Long Spruce Generating Station is located a tributary of?,Hudson's Bay,"[""Hudson Bay""]",1,"musique_2hop__800166_156034_2,musique_2hop__800166_156034_10","[""Nelson River"", ""Long Spruce Generating Station""]","[2, 10]",2
2hop__742831_156034,Of which river is the river Kichi Sipi Bridge crosses a tributary?,Hudson's Bay,"[""Hudson Bay"", ""HB""]",1,"musique_2hop__742831_156034_17,musique_2hop__742831_156034_18","[""Nelson River"", ""Kichi Sipi Bridge""]","[17, 18]",2
2hop__50910_177869,Who married the publisher of abolitionist newspaper The North Star?,Helen Pitts Douglass,[],1,"musique_2hop__50910_177869_10,musique_2hop__50910_177869_19","[""Helen Pitts Douglass"", ""The North Star (anti-slavery newspaper)""]","[10, 19]",2
2hop__82270_177869,Who is the spouse of the first nominated African American presidential candidate?,Helen Pitts Douglass,[],1,"musique_2hop__82270_177869_0,musique_2hop__82270_177869_18","[""African-American candidates for President of the United States"", ""Helen Pitts Douglass""]","[0, 18]",2
2hop__76314_177869,Who was the spouse of a leading speaker against slavery and publisher of an antislavery newspaper?,Helen Pitts Douglass,[],1,"musique_2hop__76314_177869_17,musique_2hop__76314_177869_19","[""Helen Pitts Douglass"", ""The North Star (anti-slavery newspaper)""]","[17, 19]",2
2hop__401710_456439,Who is the spouse of the producer of Dolores Claiborne?,Helen Mirren,[],1,"musique_2hop__401710_456439_8,musique_2hop__401710_456439_10","[""Dolores Claiborne (film)"", ""Love Ranch""]","[8, 10]",2
2hop__613959_135844,Who is the city that AvtoVAZ's headquarters is located in named after?,Palmiro Togliatti,[],1,"musique_2hop__613959_135844_8,musique_2hop__613959_135844_17","[""Tolyatti"", ""GM-AvtoVAZ""]","[8, 17]",2
2hop__258940_135844,Who is the city where Lesnoye Sanatorium is located named after?,Palmiro Togliatti,[],1,"musique_2hop__258940_135844_7,musique_2hop__258940_135844_16","[""Tolyatti"", ""Lesnoye Sanatorium""]","[7, 16]",2
2hop__747894_135844,Whom is the birth place of Ravil Aryapov named after?,Palmiro Togliatti,[],1,"musique_2hop__747894_135844_12,musique_2hop__747894_135844_17","[""Tolyatti"", ""Ravil Aryapov""]","[12, 17]",2
2hop__16581_16525,When did the person who first brought a postal service into Umayyad lands become caliph?,661,[],1,"musique_2hop__16581_16525_0,musique_2hop__16581_16525_7","[""Umayyad Caliphate"", ""Umayyad Caliphate""]","[0, 7]",2
2hop__640262_122868,What university did the author of 1967: The Last Good Year attend?,University of British Columbia,"[""The University of British Columbia""]",1,"musique_2hop__640262_122868_0,musique_2hop__640262_122868_2","[""1967: The Last Good Year"", ""Pierre Berton""]","[0, 2]",2
2hop__632234_122868,Where did the author of The National Dream go to university?,University of British Columbia,"[""The University of British Columbia""]",1,"musique_2hop__632234_122868_11,musique_2hop__632234_122868_17","[""The National Dream (book)"", ""Pierre Berton""]","[11, 17]",2
2hop__849534_122868,What university did the author of The Secret World of Og go to?,University of British Columbia,"[""The University of British Columbia""]",1,"musique_2hop__849534_122868_10,musique_2hop__849534_122868_15","[""The Secret World of Og"", ""Pierre Berton""]","[10, 15]",2
2hop__83460_456238,This is an instance of who was named commander in chief of texas forces by the new national government of texas National Forest?,United States National Forest,"[""forest"", ""forests"", ""Forest"", ""National Forest""]",1,"musique_2hop__83460_456238_0,musique_2hop__83460_456238_7","[""Texian Army"", ""Sam Houston National Forest""]","[0, 7]",2
2hop__89991_58067,Who was honored with the highest award in India before becoming president?,A.P.J. Abdul Kalam,"[""A. P. J. Abdul Kalam"", ""Abdul Kalam"", ""Kalam"", ""Avul Pakir Jainulabdeen Abdul Kalam""]",1,"musique_2hop__89991_58067_16,musique_2hop__89991_58067_18","[""A. P. J. Abdul Kalam"", ""Orders, decorations, and medals of India""]","[16, 18]",2
2hop__160223_58067,Who was given India's highest civilian honor before he became President of India?,A.P.J. Abdul Kalam,"[""A. P. J. Abdul Kalam"", ""Abdul Kalam"", ""Kalam"", ""Avul Pakir Jainulabdeen Abdul Kalam""]",1,"musique_2hop__160223_58067_10,musique_2hop__160223_58067_19","[""A. P. J. Abdul Kalam"", ""A. P. J. Abdul Kalam""]","[10, 19]",2
2hop__158010_58067,Who was honoured with the highest award a citizen without military experience in India before becoming a president?,A.P.J. Abdul Kalam,"[""A. P. J. Abdul Kalam"", ""Abdul Kalam"", ""Kalam"", ""Avul Pakir Jainulabdeen Abdul Kalam""]",1,"musique_2hop__158010_58067_8,musique_2hop__158010_58067_16","[""C. V. Raman"", ""A. P. J. Abdul Kalam""]","[8, 16]",2
2hop__439614_349102,What type of animal is Xiao Liwu's mother?,panda,"[""giant panda"", ""Giant panda""]",1,"musique_2hop__439614_349102_11,musique_2hop__439614_349102_14","[""Xiao Liwu"", ""Bai Yun""]","[11, 14]",2
2hop__747758_58067,Who was honored with the award Dhondo Keshav Karve received prior to becoming president of India?,A.P.J. Abdul Kalam,"[""A. P. J. Abdul Kalam"", ""Abdul Kalam"", ""Kalam"", ""Avul Pakir Jainulabdeen Abdul Kalam""]",1,"musique_2hop__747758_58067_12,musique_2hop__747758_58067_14","[""Raghunath Dhondo Karve"", ""A. P. J. Abdul Kalam""]","[12, 14]",2
2hop__77775_162341,What recognition did the actor of Truman Capote from Capote receive?,nominated for an Academy Award for Best Supporting Actor,"[""Academy Award for Best Supporting Actor""]",1,"musique_2hop__77775_162341_10,musique_2hop__77775_162341_14","[""Capote (film)"", ""Charlie Wilson's War (film)""]","[10, 14]",2
2hop__55966_162341,What kind of recognition did the actor who played the game maker in hunger games receive?,nominated for an Academy Award for Best Supporting Actor,"[""Academy Award for Best Supporting Actor""]",1,"musique_2hop__55966_162341_2,musique_2hop__55966_162341_14","[""Philip Seymour Hoffman"", ""Charlie Wilson's War (film)""]","[2, 14]",2
2hop__43776_162341,What other recognition did the Oscar winner for Best Actor in 2006 receive?,nominated for an Academy Award for Best Supporting Actor,"[""Academy Award for Best Supporting Actor""]",1,"musique_2hop__43776_162341_5,musique_2hop__43776_162341_12","[""Charlie Wilson's War (film)"", ""78th Academy Awards""]","[5, 12]",2
2hop__703493_162341,What recognition did the Jack Goes Boating director receive?,nominated for an Academy Award for Best Supporting Actor,"[""Academy Award for Best Supporting Actor""]",1,"musique_2hop__703493_162341_1,musique_2hop__703493_162341_4","[""Charlie Wilson's War (film)"", ""Jack Goes Boating (film)""]","[1, 4]",2
2hop__153573_44085,What was the show named after the character featured in the video game Mickey's Safari in Letterland?,The Mickey Mouse Club,[],1,"musique_2hop__153573_44085_2,musique_2hop__153573_44085_14","[""The Mickey Mouse Club"", ""Mickey's Safari in Letterland""]","[2, 14]",2
2hop__153573_109006,Who developed the eponymous character from the series that contains Mickey's Safari in Letterland?,Walt Disney,"[""Ub Iwerks""]",1,"musique_2hop__153573_109006_3,musique_2hop__153573_109006_19","[""Mickey Mouse"", ""Mickey's Safari in Letterland""]","[3, 19]",2
2hop__153573_45901,Who did the original voice for the character whose series Mickey's safari in Letterland is from?,Walt Disney,[],1,"musique_2hop__153573_45901_8,musique_2hop__153573_45901_10","[""Mickey's Safari in Letterland"", ""Mickey Mouse""]","[8, 10]",2
2hop__551235_310309,Who is the child of the creator of A Distinguished Member of the Humane Society?,Edwin Landseer Lutyens,"[""Sir Edwin Landseer Lutyens"", ""Edwin Lutyens""]",1,"musique_2hop__551235_310309_7,musique_2hop__551235_310309_13","[""A Distinguished Member of the Humane Society"", ""Edwin Lutyens""]","[7, 13]",2
2hop__7046_44085,What was the old show that was named after a character that Walt Disney created in 1928 called?,The Mickey Mouse Club,[],1,"musique_2hop__7046_44085_0,musique_2hop__7046_44085_6","[""Universal Pictures"", ""The Mickey Mouse Club""]","[0, 6]",2
2hop__488811_30078,What military overran much of Erich Zakowski's place of birth?,Russian troops,[],1,"musique_2hop__488811_30078_11,musique_2hop__488811_30078_19","[""Erich Zakowski"", ""East Prussia""]","[11, 19]",2
2hop__150866_11402,"According to the agency that published U.S. and World Population Clock, what is the total area in square miles?",17.037 square miles,[],1,"musique_2hop__150866_11402_10,musique_2hop__150866_11402_15","[""U.S. and World Population Clock"", ""Atlantic City, New Jersey""]","[10, 15]",2
2hop__488811_30113,What else happened in the northern part of Erich Zakowski's birthplace in the now Russian area?,names were replaced by new Russian names,[],1,"musique_2hop__488811_30113_10,musique_2hop__488811_30113_19","[""Erich Zakowski"", ""East Prussia""]","[10, 19]",2
2hop__488811_30110,What happened to the Curonians who lived in the area where Erich Zakowski was born?,expelled by the Soviet Union,"[""the Soviet Union"", ""Soviet Union"", ""SU""]",1,"musique_2hop__488811_30110_3,musique_2hop__488811_30110_18","[""East Prussia"", ""Erich Zakowski""]","[3, 18]",2
2hop__257831_123283,Where did the producer of Julius Caesar study or work?,Clifton College,[],1,"musique_2hop__257831_123283_18,musique_2hop__257831_123283_19","[""John Houseman"", ""Julius Caesar (1953 film)""]","[18, 19]",2
2hop__40270_11402,"According to the agency that considers if Los Angeles County is to be a separate metropolitan area, what is the total area in square miles?",17.037 square miles,[],1,"musique_2hop__40270_11402_0,musique_2hop__40270_11402_10","[""Atlantic City, New Jersey"", ""Southern California""]","[0, 10]",2
2hop__847433_11402,"According to the organization that creates census county division, what is the total area in square miles?",17.037 square miles,[],1,"musique_2hop__847433_11402_2,musique_2hop__847433_11402_15","[""Atlantic City, New Jersey"", ""Census county division""]","[2, 15]",2
2hop__208602_11402,"According to the developer of Topologically Integrated Geographic Encoding and Referencing, what is the total area of Atlantic City in square miles?",17.037 square miles,[],1,"musique_2hop__208602_11402_3,musique_2hop__208602_11402_9","[""Topologically Integrated Geographic Encoding and Referencing"", ""Atlantic City, New Jersey""]","[3, 9]",2
2hop__567471_123283,Where did the producer of On Dangerous Ground study or work?,Clifton College,[],1,"musique_2hop__567471_123283_2,musique_2hop__567471_123283_4","[""On Dangerous Ground"", ""John Houseman""]","[2, 4]",2
2hop__574496_123283,Where did the founder of the Acting Company study?,Clifton College,[],1,"musique_2hop__574496_123283_12,musique_2hop__574496_123283_19","[""John Houseman"", ""Edgar Lansbury (producer)""]","[12, 19]",2
2hop__8347_8311,When did the crowning of the person under whom the Chapter House was built happen?,1216,[],1,"musique_2hop__8347_8311_1,musique_2hop__8347_8311_12","[""Westminster Abbey"", ""Westminster Abbey""]","[1, 12]",2
2hop__71034_343058,Who is the spouse of the person who sang holding out for a hero in shrek 2?,Adrian Edmondson,[],1,"musique_2hop__71034_343058_10,musique_2hop__71034_343058_17","[""Mirrorball (TV pilot)"", ""Holding Out for a Hero""]","[10, 17]",2
2hop__109131_343058,Who is the spouse of the creator of Absolutely Fabulous?,Adrian Edmondson,[],1,"musique_2hop__109131_343058_2,musique_2hop__109131_343058_8","[""Mirrorball (TV pilot)"", ""Absolutely Fabulous""]","[2, 8]",2
2hop__56851_343058,Who is the spouse of the actress who played the fairy god mother in Shrek 2?,Adrian Edmondson,[],1,"musique_2hop__56851_343058_6,musique_2hop__56851_343058_8","[""Shrek 2"", ""Mirrorball (TV pilot)""]","[6, 8]",2
2hop__14092_8311,When was John's eldest son crowned?,1216,[],1,"musique_2hop__14092_8311_2,musique_2hop__14092_8311_17","[""John, King of England"", ""Westminster Abbey""]","[2, 17]",2
2hop__422295_8311,"When was the sibling of Alice de Lusignan, Countess of Surrey crowned?",1216,[],1,"musique_2hop__422295_8311_5,musique_2hop__422295_8311_13","[""Alice de Lusignan, Countess of Surrey"", ""Westminster Abbey""]","[5, 13]",2
2hop__176712_8311,What year was the father of Katherine of England crowned?,1216,[],1,"musique_2hop__176712_8311_0,musique_2hop__176712_8311_7","[""Katherine of England"", ""Westminster Abbey""]","[0, 7]",2
2hop__159741_161674,What month did the person who retained trust in Longchamp go away to the Holy Land?,October,"[""Oct""]",1,"musique_2hop__159741_161674_4,musique_2hop__159741_161674_18","[""Third Crusade"", ""William de Longchamp""]","[4, 18]",2
2hop__159741_40169,When did a storm disperse the fleet led by the English king who trusted William de Longchamp?,1191,[],1,"musique_2hop__159741_40169_3,musique_2hop__159741_40169_11","[""Normans"", ""William de Longchamp""]","[3, 11]",2
2hop__88906_55840,"In the King's Speech, who played the person who was the King of England in 1950?",Colin Firth,[],1,"musique_2hop__88906_55840_1,musique_2hop__88906_55840_7","[""The King's Speech"", ""George VI""]","[1, 7]",2
2hop__71755_463572,What is the record label for the singer who originally sang You Belong To Me.,MGM Records,"[""MGM""]",1,"musique_2hop__71755_463572_11,musique_2hop__71755_463572_13","[""You Belong to Me (1952 song)"", ""Let There Be Love (1953 Joni James album)""]","[11, 13]",2
2hop__67956_463572,What record label does the artist who sang you belong to me belong to?,MGM Records,"[""MGM""]",1,"musique_2hop__67956_463572_10,musique_2hop__67956_463572_16","[""You Belong to Me (1952 song)"", ""Let There Be Love (1953 Joni James album)""]","[10, 16]",2
2hop__398344_85513,When is the next episode of the series that Steven the Sword Fighter is a part of being released?,TBD,[],1,"musique_2hop__398344_85513_10,musique_2hop__398344_85513_18","[""Steven the Sword Fighter"", ""List of Steven Universe episodes""]","[10, 18]",2
2hop__42578_55840,Who played the monarch at the end of WW2 in The King's Speech?,Colin Firth,[],1,"musique_2hop__42578_55840_0,musique_2hop__42578_55840_7","[""George VI"", ""The King's Speech""]","[0, 7]",2
2hop__28203_55840,Who played king whose regal Name did Albert Adopt in the king's speech?,Colin Firth,[],1,"musique_2hop__28203_55840_5,musique_2hop__28203_55840_7","[""The King's Speech"", ""George VI""]","[5, 7]",2
2hop__64323_55840,Who played the king that was king of england in 1951 in the king's speech?,Colin Firth,[],1,"musique_2hop__64323_55840_2,musique_2hop__64323_55840_16","[""George VI"", ""The King's Speech""]","[2, 16]",2
2hop__85713_84469,"In A League of Their Own, who played the husband of the actress who played Thelma in Thelma and Louise?",Bill Pullman,[],1,"musique_2hop__85713_84469_5,musique_2hop__85713_84469_12","[""A League of Their Own"", ""Thelma & Louise""]","[5, 12]",2
2hop__79875_84469,"In the movie A League of their Own, who played the husband of the person who also played Thelma in the movie Thelma and Louise?",Bill Pullman,[],1,"musique_2hop__79875_84469_5,musique_2hop__79875_84469_17","[""Thelma & Louise"", ""A League of Their Own""]","[5, 17]",2
2hop__79875_72187,What character in A League of their Own was played by the actress who played Thelma in the movie Thelma and Louise?,Dottie Hinson,[],1,"musique_2hop__79875_72187_11,musique_2hop__79875_72187_15","[""A League of Their Own"", ""Thelma & Louise""]","[11, 15]",2
2hop__85713_72187,"The actor who played Thelma in ""Thelma and Louise"" also played which character in ""A League of Their Own""?",Dottie Hinson,[],1,"musique_2hop__85713_72187_8,musique_2hop__85713_72187_19","[""A League of Their Own"", ""Thelma & Louise""]","[8, 19]",2
2hop__204146_850295,Who is the sibling of the author of Kapalkundala?,Sanjib Chandra,"[""Sanjib Chandra Chattopadhyay""]",1,"musique_2hop__204146_850295_4,musique_2hop__204146_850295_8","[""Sanjib Chandra Chattopadhyay"", ""Kapalkundala""]","[4, 8]",2
2hop__28287_89399,Who is the voice of the character in Spongebob Squarepants with the same name as the creature that annelid larvae live like?,Mr. Lawrence,"[""Doug Lawrence""]",1,"musique_2hop__28287_89399_1,musique_2hop__28287_89399_3","[""List of SpongeBob SquarePants cast members"", ""Annelid""]","[1, 3]",2
2hop__84103_345851,The actor who plays the girl in Spiderman Homecoming is signed to which record label?,Hollywood Records,[],1,"musique_2hop__84103_345851_12,musique_2hop__84103_345851_16","[""Spider-Man: Homecoming"", ""Zendaya (album)""]","[12, 16]",2
2hop__142621_225454,What is the record label of the co-writer and recording artist of Permission to Fly?,Hollywood Records,[],1,"musique_2hop__142621_225454_7,musique_2hop__142621_225454_18","[""Permission to Fly"", ""No Ordinary Girl""]","[7, 18]",2
2hop__86689_728109,What team drafted the winner of the NBA scoring title this year?,Oklahoma City Thunder,[],1,"musique_2hop__86689_728109_3,musique_2hop__86689_728109_18","[""2012\u201313 Houston Rockets season"", ""List of National Basketball Association annual scoring leaders""]","[3, 18]",2
2hop__38828_89399,Who voices the character in Spongebob Squarepants who is named after a glowing species found in some beaches in Portugal?,Mr. Lawrence,"[""Doug Lawrence""]",1,"musique_2hop__38828_89399_3,musique_2hop__38828_89399_11","[""List of SpongeBob SquarePants cast members"", ""Portugal""]","[3, 11]",2
2hop__587048_621800,What administrative territorial entity does Heinrich Gross's birth place located?,Senica District,[],1,"musique_2hop__587048_621800_1,musique_2hop__587048_621800_14","[""Senica District"", ""Heinrich Gross (rabbi)""]","[1, 14]",2
2hop__86458_20273,In what year did the founder of the Presbyterian Church die?,1572,[],1,"musique_2hop__86458_20273_7,musique_2hop__86458_20273_15","[""Presbyterianism"", ""Presbyterianism""]","[7, 15]",2
2hop__609313_20273,What year did the author of History of the Reformation in Scotland die?,1572,[],1,"musique_2hop__609313_20273_2,musique_2hop__609313_20273_14","[""The History of the Reformation in Scotland"", ""Presbyterianism""]","[2, 14]",2
2hop__799936_20273,What year did the author of The First Blast of the Trumpet Against the Monstruous Regiment of Women die?,1572,[],1,"musique_2hop__799936_20273_7,musique_2hop__799936_20273_19","[""Presbyterianism"", ""The First Blast of the Trumpet Against the Monstruous Regiment of Women""]","[7, 19]",2
2hop__13986_161674,What month did the person with whom Henry fought a short war in 1183 go away from the holy land?,October,"[""Oct""]",1,"musique_2hop__13986_161674_0,musique_2hop__13986_161674_19","[""Third Crusade"", ""John, King of England""]","[0, 19]",2
2hop__433694_20273,In what year did Margaret Knox's spouse pass away?,1572,[],1,"musique_2hop__433694_20273_3,musique_2hop__433694_20273_10","[""Presbyterianism"", ""Margaret Knox""]","[3, 10]",2
2hop__13986_40169,What year did the storm hit the fleet of the person that Henry fought a short war with in 1183?,1191,[],1,"musique_2hop__13986_40169_7,musique_2hop__13986_40169_10","[""John, King of England"", ""Normans""]","[7, 10]",2
2hop__25344_88628,"In True Grit, who did the star play?",U.S. Marshal Rooster Cogburn,"[""America"", ""U.S."", ""the United States"", ""United States"", ""US""]",1,"musique_2hop__25344_88628_1,musique_2hop__25344_88628_10","[""True Grit (1969 film)"", ""Turner Classic Movies""]","[1, 10]",2
2hop__657913_88628,Who did the producer of Big Jim McLain play in True Grit?,U.S. Marshal Rooster Cogburn,"[""the US"", ""America"", ""U.S."", ""United States"", ""US""]",1,"musique_2hop__657913_88628_2,musique_2hop__657913_88628_10","[""True Grit (1969 film)"", ""Big Jim McLain""]","[2, 10]",2
2hop__734057_88628,Who did the cast member of Rooster Cogburn play in True Grit?,U.S. Marshal Rooster Cogburn,"[""America"", ""USA"", ""U.S."", ""the United States"", ""United States"", ""US""]",1,"musique_2hop__734057_88628_11,musique_2hop__734057_88628_17","[""True Grit (1969 film)"", ""Rooster Cogburn (film)""]","[11, 17]",2
2hop__95878_88628,Who did the actor in Advernture's End play in True Grit?,U.S. Marshal Rooster Cogburn,"[""U.S."", ""US"", ""America""]",1,"musique_2hop__95878_88628_7,musique_2hop__95878_88628_18","[""True Grit (1969 film)"", ""Adventure's End""]","[7, 18]",2
2hop__726892_131968,Which is the body of water by Leo Bennett's place of death?,River Thames,[],1,"musique_2hop__726892_131968_3,musique_2hop__726892_131968_5","[""Leo Bennett"", ""Thames Ditton""]","[3, 5]",2
2hop__693157_131890,What is the body of water by the area where Athlete was formed?,River Thames,[],1,"musique_2hop__693157_131890_7,musique_2hop__693157_131890_15","[""Athlete (band)"", ""Deptford""]","[7, 15]",2
2hop__611178_131968,Which is the body of water by the village which borders Long Ditton?,River Thames,[],1,"musique_2hop__611178_131968_13,musique_2hop__611178_131968_15","[""The Rythe"", ""Thames Ditton""]","[13, 15]",2
2hop__728969_131890,Which is the body of water near George Mills' place of birth?,River Thames,[],1,"musique_2hop__728969_131890_8,musique_2hop__728969_131890_14","[""George Mills (footballer)"", ""Deptford""]","[8, 14]",2
2hop__30032_46621,When was the celestial body that transforms nuclear potential energy to other forms of energy discovered to be the center of the solar system?,as early as the 3rd century BC,[],1,"musique_2hop__30032_46621_7,musique_2hop__30032_46621_18","[""Heliocentrism"", ""Energy""]","[7, 18]",2
2hop__135822_46621,When was the star to which Solgränd is named after discovered to be the center of the solar system?,as early as the 3rd century BC,[],1,"musique_2hop__135822_46621_12,musique_2hop__135822_46621_14","[""Heliocentrism"", ""Solgr\u00e4nd""]","[12, 14]",2
2hop__581084_828685,"Who employs the author of ""Ravenswood: The Steelworkers' Victory and the Revival of American Labor""?",Cornell University,"[""Cornell""]",1,"musique_2hop__581084_828685_7,musique_2hop__581084_828685_12","[""Kate Bronfenbrenner"", ""Ravenswood: The Steelworkers' Victory and the Revival of American Labor""]","[7, 12]",2
2hop__40697_46621,When was the celestial object that eluded efforts to measure oxygen discovered to be the center of the solar system?,as early as the 3rd century BC,[],1,"musique_2hop__40697_46621_0,musique_2hop__40697_46621_2","[""Oxygen"", ""Heliocentrism""]","[0, 2]",2
2hop__157737_46621,When was the celestial body that all objects focus on according to Kepler's laws discovered to be the center of the solar system?,as early as the 3rd century BC,[],1,"musique_2hop__157737_46621_8,musique_2hop__157737_46621_10","[""Heliocentrism"", ""Solar System""]","[8, 10]",2
2hop__39063_212301,Who is the father of the man who conceived of the 'new' police?,Arthur Peel,"[""1st Viscount Peel"", ""Arthur Peel, 1st Viscount Peel""]",1,"musique_2hop__39063_212301_4,musique_2hop__39063_212301_14","[""Police"", ""Sidney Peel""]","[4, 14]",2
2hop__25396_593388,Who was the father of the person who issued the Tamworth manifesto?,"Sir Robert Peel, 1st Baronet",[],1,"musique_2hop__25396_593388_1,musique_2hop__25396_593388_12","[""William Yates Peel"", ""Political party""]","[1, 12]",2
2hop__25396_212301,Who is the child of the person who issued the Tamworth manifesto?,Arthur Peel,"[""1st Viscount Peel"", ""Arthur Peel, 1st Viscount Peel""]",1,"musique_2hop__25396_212301_11,musique_2hop__25396_212301_16","[""Political party"", ""Sidney Peel""]","[11, 16]",2
2hop__39063_593388,"Who is the father of the person who came up with the concept of the ""new"" police?","Sir Robert Peel, 1st Baronet",[],1,"musique_2hop__39063_593388_1,musique_2hop__39063_593388_13","[""Police"", ""William Yates Peel""]","[1, 13]",2
2hop__153532_72380,When does season 4 of the series that The Bag or the Bat is a part of come out?,"June 20, 2016",[],1,"musique_2hop__153532_72380_3,musique_2hop__153532_72380_6","[""List of Ray Donovan episodes"", ""The Bag or the Bat""]","[3, 6]",2
2hop__619265_72380,When does season 4 of the series The Bag or the Bat was part of come out?,"June 20, 2016",[],1,"musique_2hop__619265_72380_1,musique_2hop__619265_72380_17","[""The Bag or the Bat"", ""List of Ray Donovan episodes""]","[1, 17]",2
2hop__37765_85990,Who were the leaders of the opposition of the political group that has a large number of Protestants?,"anti-slavery activists, modernizers, ex Whigs and ex Free Soilers",[],1,"musique_2hop__37765_85990_3,musique_2hop__37765_85990_12","[""Protestantism"", ""Republican Party (United States)""]","[3, 12]",2
2hop__623501_297043,What watercourse is the river on which the Lostock Dam is located the mouth of?,Hunter River,[],1,"musique_2hop__623501_297043_13,musique_2hop__623501_297043_18","[""Lostock Dam"", ""Paterson River""]","[13, 18]",2
2hop__46550_85990,Who were the leaders of the opposition of the party that controlled the house of representatives in 2002?,"anti-slavery activists, modernizers, ex Whigs and ex Free Soilers",[],1,"musique_2hop__46550_85990_4,musique_2hop__46550_85990_17","[""Republican Party (United States)"", ""2002 United States House of Representatives elections""]","[4, 17]",2
2hop__30741_85990,Who were the leaders of the opposition of the party that dominated until the mid-20th century?,"anti-slavery activists, modernizers, ex Whigs and ex Free Soilers",[],1,"musique_2hop__30741_85990_3,musique_2hop__30741_85990_14","[""Philadelphia"", ""Republican Party (United States)""]","[3, 14]",2
2hop__66149_85990,Who were the leaders of the opposition party that was created as a result of the kansas-nebraska act?,"anti-slavery activists, modernizers, ex Whigs and ex Free Soilers",[],1,"musique_2hop__66149_85990_17,musique_2hop__66149_85990_19","[""Republican Party (United States)"", ""Kansas\u2013Nebraska Act""]","[17, 19]",2
2hop__216535_370666,In what city is Alain Lascoux's employer located?,Tianjin,[],1,"musique_2hop__216535_370666_3,musique_2hop__216535_370666_5","[""Alain Lascoux"", ""Tian Yunzhang""]","[3, 5]",2
2hop__846388_19320,What worldwide ranking does the university that Pedro Ramirez Vasquez attended hold?,74th,[],1,"musique_2hop__846388_19320_1,musique_2hop__846388_19320_17","[""Pedro Ram\u00edrez V\u00e1zquez"", ""Mexico City""]","[1, 17]",2
2hop__91211_90973,Who did the original voice of the character played by mila kunis in the cleveland show?,Lacey Chabert,[],1,"musique_2hop__91211_90973_4,musique_2hop__91211_90973_5","[""List of Family Guy cast members"", ""Meg Griffin""]","[4, 5]",2
2hop__48033_90973,Who did the original voice of the character Mila Kunis plays on family Guy?,Lacey Chabert,[],1,"musique_2hop__48033_90973_13,musique_2hop__48033_90973_18","[""List of Family Guy cast members"", ""Meg Griffin""]","[13, 18]",2
2hop__64175_90973,Who did the original voice of the character Mila Kunis plays on Family Guy?,Lacey Chabert,[],1,"musique_2hop__64175_90973_3,musique_2hop__64175_90973_17","[""List of Family Guy cast members"", ""Meg Griffin""]","[3, 17]",2
2hop__50936_90973,Who did the original voice of the character that Mila Kunis plays in Family Guy?,Lacey Chabert,[],1,"musique_2hop__50936_90973_5,musique_2hop__50936_90973_11","[""List of Family Guy cast members"", ""Meg Griffin""]","[5, 11]",2
2hop__599396_19320,What worldwide ranking does Javier Barros Sierra's employer hold?,74th,[],1,"musique_2hop__599396_19320_1,musique_2hop__599396_19320_12","[""Mexico City"", ""Javier Barros Sierra""]","[1, 12]",2
2hop__365236_19320,What worldwide ranking is held by Mario Pani's alma mater?,74th,[],1,"musique_2hop__365236_19320_3,musique_2hop__365236_19320_15","[""Enrique del Moral"", ""Mexico City""]","[3, 15]",2
2hop__685045_19320,What worldwide ranking does the university where Manuel Isaías López was educated hold?,74th,[],1,"musique_2hop__685045_19320_13,musique_2hop__685045_19320_15","[""Manuel Isa\u00edas L\u00f3pez"", ""Mexico City""]","[13, 15]",2
2hop__30384_30351,Who did Hay work for after being hired by his other notable influence regarding resource distribution other than Max Weber?,the Austrian government,"[""Austria"", ""AT"", ""at""]",1,"musique_2hop__30384_30351_10,musique_2hop__30384_30351_12","[""Friedrich Hayek"", ""Friedrich Hayek""]","[10, 12]",2
2hop__555792_30351,Who did Hayek work for upon being hired by the author of Omnipotent Government?,the Austrian government,"[""Austria"", ""AT"", ""at"", ""AUT""]",1,"musique_2hop__555792_30351_14,musique_2hop__555792_30351_17","[""Omnipotent Government"", ""Friedrich Hayek""]","[14, 17]",2
2hop__431934_30351,Who did Hayek work for after being hired by the author of Human Action?,the Austrian government,"[""Austria"", ""AT"", ""at"", ""AUT""]",1,"musique_2hop__431934_30351_10,musique_2hop__431934_30351_14","[""Human Action"", ""Friedrich Hayek""]","[10, 14]",2
2hop__708145_30351,Who did Hayek work for upon being hired by the author of Bureaucracy?,the Austrian government,"[""Austria"", ""AT"", ""at"", ""AUT""]",1,"musique_2hop__708145_30351_2,musique_2hop__708145_30351_3","[""Friedrich Hayek"", ""Bureaucracy (book)""]","[2, 3]",2
2hop__837900_71701,"What date did the Japanese get to the city where New Plaza Stadium is located, and the rest of the Guangdong province?",November 5,[],1,"musique_2hop__837900_71701_4,musique_2hop__837900_71701_8","[""New Plaza Stadium"", ""Twenty-First Army (Japan)""]","[4, 8]",2
2hop__278022_71701,what year did the Japanese get to city where Wang Yue died and the rest of Guangdong province?,November 5,[],1,"musique_2hop__278022_71701_10,musique_2hop__278022_71701_16","[""Twenty-First Army (Japan)"", ""Death of Wang Yue""]","[10, 16]",2
2hop__10122_18974,Who led the military expedition to where now Min dialects are spoken on border with Zhejiang?,Chen Zheng,[],1,"musique_2hop__10122_18974_13,musique_2hop__10122_18974_18","[""Hokkien"", ""Zhejiang""]","[13, 18]",2
2hop__370564_71701,What year did the japanese get to the current administrative territorial entity of the Century Lotus Stadium and the rest of the guangdong province?,November 5,[],1,"musique_2hop__370564_71701_0,musique_2hop__370564_71701_18","[""Century Lotus Stadium"", ""Twenty-First Army (Japan)""]","[0, 18]",2
2hop__753260_71701,When did the Japanese get to Liang Jiahong's birthplace and the rest of Guangdong?,November 5,[],1,"musique_2hop__753260_71701_4,musique_2hop__753260_71701_14","[""Liang Jiahong"", ""Twenty-First Army (Japan)""]","[4, 14]",2
2hop__631024_18974,Who led the military expedition in the province where Gong Beibi was born?,Chen Zheng,[],1,"musique_2hop__631024_18974_5,musique_2hop__631024_18974_12","[""Gong Beibi"", ""Hokkien""]","[5, 12]",2
2hop__36747_18974,Who led the military expedition in the place where the fight between Ming loyalists and Manchus occurred?,Chen Zheng,[],1,"musique_2hop__36747_18974_6,musique_2hop__36747_18974_16","[""Hokkien"", ""Qing dynasty""]","[6, 16]",2
2hop__10017_18974,Who led the military expedition in the province that borders Zhejiang to the south?,Chen Zheng,[],1,"musique_2hop__10017_18974_4,musique_2hop__10017_18974_19","[""Zhejiang"", ""Hokkien""]","[4, 19]",2
2hop__810411_159673,"What other film is the cast member of Now You See Him, Now You Don't a character for?",The Hateful Eight,"[""Hateful Eight""]",1,"musique_2hop__810411_159673_5,musique_2hop__810411_159673_13","[""The Hateful Eight"", ""Now You See Him, Now You Don't""]","[5, 13]",2
2hop__96062_159673,What other movie did the cast member of Escape from L.A. play a character in?,The Hateful Eight,"[""Hateful Eight""]",1,"musique_2hop__96062_159673_2,musique_2hop__96062_159673_5","[""Escape from L.A."", ""The Hateful Eight""]","[2, 5]",2
2hop__203985_524737,In what league did Jose Miranda's team compete?,United Soccer League,"[""Southwest Independent Soccer League"", ""USISL"", ""SISL"", ""United Soccer Leagues"", ""USL""]",1,"musique_2hop__203985_524737_13,musique_2hop__203985_524737_14","[""Tucson Amigos"", ""Jose Miranda (soccer)""]","[13, 14]",2
2hop__77832_159673,The actor who plays copper in Fox and the Hound is a character in which film?,The Hateful Eight,"[""Hateful Eight""]",1,"musique_2hop__77832_159673_13,musique_2hop__77832_159673_17","[""The Fox and the Hound"", ""The Hateful Eight""]","[13, 17]",2
2hop__527400_159673,"This cast member in ""Search for the Gods"" also plays a character in which film?",The Hateful Eight,"[""Hateful Eight""]",1,"musique_2hop__527400_159673_6,musique_2hop__527400_159673_18","[""The Hateful Eight"", ""Search for the Gods""]","[6, 18]",2
2hop__766973_770570,What county is Erik Hort's birthplace a part of?,Rockland County,"[""Rockland County, New York""]",1,"musique_2hop__766973_770570_4,musique_2hop__766973_770570_19","[""Montebello, New York"", ""Erik Hort""]","[4, 19]",2
2hop__13592_49388,How many games in a season of the league in which Barcelona won titles in 1948 and 1949?,38,[],1,"musique_2hop__13592_49388_2,musique_2hop__13592_49388_15","[""La Liga"", ""FC Barcelona""]","[2, 15]",2
2hop__34495_85544,How many games does the team play that had the most champion league wins between 1992 and 2013?,38,[],1,"musique_2hop__34495_85544_15,musique_2hop__34495_85544_16","[""Premier League"", ""La Liga""]","[15, 16]",2
2hop__34495_49388,How many games are in a season for the league that had the most Champions League wins between 1992 and 2013?,38,[],1,"musique_2hop__34495_49388_1,musique_2hop__34495_49388_11","[""Premier League"", ""La Liga""]","[1, 11]",2
2hop__13592_85544,How many games do team in the league where Barcelona won titles in 1948 and 1949 play?,38,[],1,"musique_2hop__13592_85544_11,musique_2hop__13592_85544_12","[""FC Barcelona"", ""La Liga""]","[11, 12]",2
2hop__506035_325512,In which county was Larkin I. Smith born?,Pearl River County,"[""Pearl River County, Mississippi""]",1,"musique_2hop__506035_325512_1,musique_2hop__506035_325512_12","[""Poplarville, Mississippi"", ""Larkin I. Smith""]","[1, 12]",2
2hop__107690_124896,Who was the father of The Portrait of George Dyer Talking's creator?,Nicholas Bacon,"[""Sir Nicholas Bacon""]",1,"musique_2hop__107690_124896_3,musique_2hop__107690_124896_17","[""Francis Bacon"", ""Portrait of George Dyer Talking""]","[3, 17]",2
2hop__507722_124896,Who is the father of the author of Novum Organum?,Nicholas Bacon,"[""Sir Nicholas Bacon""]",1,"musique_2hop__507722_124896_11,musique_2hop__507722_124896_13","[""Francis Bacon"", ""Novum Organum""]","[11, 13]",2
2hop__107548_124896,Who is the father of the artist who painted Head I?,Nicholas Bacon,"[""Sir Nicholas Bacon""]",1,"musique_2hop__107548_124896_5,musique_2hop__107548_124896_8","[""Francis Bacon"", ""Head I""]","[5, 8]",2
2hop__754682_730690,What movement was Vibullia Alcia Agrippina's child a proponent for?,Second Sophistic,[],1,"musique_2hop__754682_730690_9,musique_2hop__754682_730690_13","[""Vibullia Alcia Agrippina"", ""Herodes Atticus""]","[9, 13]",2
2hop__68590_27619,Where is the mission for the agency that controls the monetary policy of the EU found?,Article 2 of the Statute of the ECB,[],1,"musique_2hop__68590_27619_1,musique_2hop__68590_27619_8","[""European Central Bank"", ""European Central Bank""]","[1, 8]",2
2hop__269076_449113,Where is the headquarters of the operator of Operation Entebbe?,Paris-Charles de Gaulle Airport,"[""Paris""]",1,"musique_2hop__269076_449113_0,musique_2hop__269076_449113_8","[""Brit Air"", ""Jonathan Gruber (filmmaker)""]","[0, 8]",2
2hop__27650_27619,Where is the mission for the bank that began to increase their coverage of weaker debts found?,Article 2 of the Statute of the ECB,[],1,"musique_2hop__27650_27619_3,musique_2hop__27650_27619_14","[""European Central Bank"", ""European Central Bank""]","[3, 14]",2
2hop__68590_27628,Who is the Vice-President of the organization that controls the monetary policy of the EU?,Vitor Constâncio,[],1,"musique_2hop__68590_27628_0,musique_2hop__68590_27628_12","[""European Central Bank"", ""European Central Bank""]","[0, 12]",2
2hop__809785_606637,What record label does the performer of Adventures in Your Own Backyard belong to?,Secret City Records,[],1,"musique_2hop__809785_606637_15,musique_2hop__809785_606637_18","[""Adventures in Your Own Backyard"", ""Wooden Arms""]","[15, 18]",2
2hop__27650_27628,Who is the Vice-President of the body that began to increase their coverage of weaker debts?,Vitor Constâncio,[],1,"musique_2hop__27650_27628_0,musique_2hop__27650_27628_6","[""European Central Bank"", ""European Central Bank""]","[0, 6]",2
2hop__656411_345851,"The singer, who starred in Shake It Up, signed to which record label?",Hollywood Records,[],1,"musique_2hop__656411_345851_2,musique_2hop__656411_345851_9","[""Zendaya (album)"", ""Swag It Out""]","[2, 9]",2
2hop__24661_66233,When does the new season of the Carolina Hurricanes' league start?,"October 3, 2018",[],1,"musique_2hop__24661_66233_6,musique_2hop__24661_66233_13","[""North Carolina"", ""2018\u201319 NHL season""]","[6, 13]",2
2hop__329676_119915,In which year did Taifa of Francisco Giner de los Rios' birthplace cease to exist?,1065,[],1,"musique_2hop__329676_119915_6,musique_2hop__329676_119915_9","[""Francisco Giner de los R\u00edos"", ""Taifa of Ronda""]","[6, 9]",2
2hop__539184_119915,"In what year did Taifa, of the birthplace of Ibn Abbad al-Rundi, cease to exist?",1065,[],1,"musique_2hop__539184_119915_10,musique_2hop__539184_119915_14","[""Taifa of Ronda"", ""Ibn Abbad al-Rundi""]","[10, 14]",2
2hop__26642_81961,When does the regular season for the league which the Buffalo Sabres Alumni Hockey Team had most of its members from begin?,"October 4, 2017",[],1,"musique_2hop__26642_81961_1,musique_2hop__26642_81961_17","[""2017\u201318 NHL season"", ""Exhibition game""]","[1, 17]",2
2hop__24661_81961,When does the regular season begin for the league the Carolina Hurricanes belong to?,"October 4, 2017",[],1,"musique_2hop__24661_81961_4,musique_2hop__24661_81961_7","[""North Carolina"", ""2017\u201318 NHL season""]","[4, 7]",2
2hop__233551_746883,Who does William Clito's father follow?,William the Conqueror,"[""William I""]",1,"musique_2hop__233551_746883_4,musique_2hop__233551_746883_9","[""Clito"", ""Rebellion of 1088""]","[4, 9]",2
2hop__26642_66233,When does the new season of the league where most members of the Buffalo Sabres Alumni Hockey Team are from start?,"October 3, 2018",[],1,"musique_2hop__26642_66233_11,musique_2hop__26642_66233_15","[""2018\u201319 NHL season"", ""Exhibition game""]","[11, 15]",2
2hop__124933_653666,Who is the mother of the father of Julia Murdock Smith?,Lucy Mack Smith,[],1,"musique_2hop__124933_653666_3,musique_2hop__124933_653666_6","[""Julia Murdock Smith"", ""History of Joseph Smith by His Mother""]","[3, 6]",2
2hop__76402_653666,Who is the mother of the founder of Mormonism?,Lucy Mack Smith,[],1,"musique_2hop__76402_653666_5,musique_2hop__76402_653666_18","[""History of Joseph Smith by His Mother"", ""Mormonism""]","[5, 18]",2
2hop__73717_653666,Who was the mother of the person who found the sacred writings that became the Book of Mormon?,Lucy Mack Smith,[],1,"musique_2hop__73717_653666_14,musique_2hop__73717_653666_17","[""History of Joseph Smith by His Mother"", ""Golden plates""]","[14, 17]",2
2hop__252521_80650,Who played the character in the Santa Clause 3 that has a series named after it that includes Frost at Christmas?,Martin Short,[],1,"musique_2hop__252521_80650_3,musique_2hop__252521_80650_16","[""Frost at Christmas"", ""The Santa Clause 3: The Escape Clause""]","[3, 16]",2
2hop__538735_3296,What former contestant did the performer of Addicted ask to marry him?,Diana DeGarmo,[],1,"musique_2hop__538735_3296_13,musique_2hop__538735_3296_19","[""American Idol"", ""Addicted (Ace Young song)""]","[13, 19]",2
2hop__538735_3299,What season was the performer of Addicted a part of?,season five,[],1,"musique_2hop__538735_3299_6,musique_2hop__538735_3299_13","[""Addicted (Ace Young song)"", ""American Idol""]","[6, 13]",2
2hop__811015_3300,What season was the performer of Blue Skies on?,season three,[],1,"musique_2hop__811015_3300_2,musique_2hop__811015_3300_9","[""Blue Skies (Diana DeGarmo album)"", ""American Idol""]","[2, 9]",2
2hop__3131_3300,Which season was the runner up of the third season of American Idol on?,season three,[],1,"musique_2hop__3131_3300_5,musique_2hop__3131_3300_7","[""American Idol"", ""American Idol""]","[5, 7]",2
2hop__143915_68489,who did the performer of Sings America play on young and restless?,Snapper Foster,[],1,"musique_2hop__143915_68489_1,musique_2hop__143915_68489_5","[""Sings America"", ""Snapper Foster""]","[1, 5]",2
2hop__593688_292889,What country does team that Pa Amadou Gai is a member of play for?,Senegal,"[""SEN""]",1,"musique_2hop__593688_292889_0,musique_2hop__593688_292889_10","[""Stade de ASC HLM"", ""Pa Amadou Gai""]","[0, 10]",2
2hop__598467_68489,Who did the performer from Night Rocker play on Young and Restless?,Snapper Foster,[],1,"musique_2hop__598467_68489_9,musique_2hop__598467_68489_12","[""Night Rocker"", ""Snapper Foster""]","[9, 12]",2
2hop__142842_68489,Who did the performer of Night Rocker play on Young and Restless?,Snapper Foster,[],1,"musique_2hop__142842_68489_2,musique_2hop__142842_68489_13","[""Snapper Foster"", ""Night Rocker""]","[2, 13]",2
2hop__230022_68489,Who did the actor who played Michael Knight play on Young and Restless?,Snapper Foster,[],1,"musique_2hop__230022_68489_3,musique_2hop__230022_68489_13","[""Michael Knight (Knight Rider)"", ""Snapper Foster""]","[3, 13]",2
2hop__78756_198548,Who is the spouse of the person who voices Smokey the bear?,Katharine Ross,[],1,"musique_2hop__78756_198548_5,musique_2hop__78756_198548_16","[""Smokey Bear"", ""Murder in Texas""]","[5, 16]",2
2hop__47808_198548,Who is the wife of the actor of Grace's boyfriend in Frankie and Grace?,Katharine Ross,[],1,"musique_2hop__47808_198548_1,musique_2hop__47808_198548_11","[""Grace and Frankie"", ""Murder in Texas""]","[1, 11]",2
2hop__70584_198548,Who is the spouse of the person who played the sergeant major in We Were Soldiers?,Katharine Ross,[],1,"musique_2hop__70584_198548_2,musique_2hop__70584_198548_9","[""Basil L. Plumley"", ""Murder in Texas""]","[2, 9]",2
2hop__84172_198548,Who is the spouse of the person who does the voice for Smokey the Bear?,Katharine Ross,[],1,"musique_2hop__84172_198548_16,musique_2hop__84172_198548_19","[""Murder in Texas"", ""Smokey Bear""]","[16, 19]",2
2hop__415518_616002,What award did the author of The Happy Journey to Trenton and Camden receive?,Pulitzer Prize for Drama,[],1,"musique_2hop__415518_616002_10,musique_2hop__415518_616002_15","[""The Skin of Our Teeth"", ""The Happy Journey to Trenton and Camden""]","[10, 15]",2
2hop__75207_46837,When does the winter season begin in the place where fuser and alberto meet the indigenous couple who were traveling for work?,June,"[""Jun""]",1,"musique_2hop__75207_46837_7,musique_2hop__75207_46837_16","[""Climate of Chile"", ""The Motorcycle Diaries (film)""]","[7, 16]",2
2hop__75207_7363,At what local time does the country where Fuser and Alberto meet the indigenous couple traveling to look for work change their clocks for DST?,24:00,[],1,"musique_2hop__75207_7363_10,musique_2hop__75207_7363_13","[""The Motorcycle Diaries (film)"", ""Daylight saving time""]","[10, 13]",2
2hop__671664_646310,What city is in the county where the Red Cross is located?,Albemarle,[],1,"musique_2hop__671664_646310_6,musique_2hop__671664_646310_9","[""Stanly County Schools"", ""Red Cross, North Carolina""]","[6, 9]",2
2hop__75207_365216,"In which province is San Clemente, from the country where Fuser and Alberto meet the indigenous couple who were traveling to look for work?",Talca Province,[],1,"musique_2hop__75207_365216_6,musique_2hop__75207_365216_8","[""The Motorcycle Diaries (film)"", ""San Clemente, Chile""]","[6, 8]",2
2hop__75207_53316,"Before the military coup was staged, who was the president of the country where Fuser and Alberto met the indigenous couple who were traveling to look for work?",Salvador Allende,[],1,"musique_2hop__75207_53316_2,musique_2hop__75207_53316_14","[""1973 Chilean coup d'\u00e9tat"", ""The Motorcycle Diaries (film)""]","[2, 14]",2
2hop__736167_74735,What song did Paul McCartney write for Cynthia Lennon's kid?,``Hey Jude '',"[""Hey Jude""]",1,"musique_2hop__736167_74735_10,musique_2hop__736167_74735_11","[""Cynthia Lennon"", ""Hey Jude""]","[10, 11]",2
2hop__384238_74735,What song did Paul McCartney write for Sean Lennon's siblings?,``Hey Jude '',"[""Hey Jude""]",1,"musique_2hop__384238_74735_3,musique_2hop__384238_74735_16","[""Hey Jude"", ""Julian Lennon""]","[3, 16]",2
2hop__763380_74735,What song did Paul McCartney write for the person who performed Too Late for Goodbyes?,``Hey Jude '',"[""Hey Jude""]",1,"musique_2hop__763380_74735_14,musique_2hop__763380_74735_17","[""Too Late for Goodbyes"", ""Hey Jude""]","[14, 17]",2
2hop__789398_74735,What song did Paul McCartney write for the performer of Valotte?,``Hey Jude '',"[""Hey Jude""]",1,"musique_2hop__789398_74735_0,musique_2hop__789398_74735_5","[""Hey Jude"", ""Too Late for Goodbyes""]","[0, 5]",2
2hop__30905_213732,"Who is the child of the person who sponsored the resolution to reopen trade with Vietnam, along with Kerry?",Meghan McCain,[],1,"musique_2hop__30905_213732_0,musique_2hop__30905_213732_2","[""Dirty Sexy Politics"", ""John Kerry""]","[0, 2]",2
2hop__44522_58556,The food safety system of the agency that has the authority to decide if a drug is marketed otc or prescription is known as?,Food Safety Modernization Act (FSMA),[],1,"musique_2hop__44522_58556_6,musique_2hop__44522_58556_9","[""Over-the-counter drug"", ""FDA Food Safety Modernization Act""]","[6, 9]",2
2hop__58939_189318,Where was Obama's opponent in his first election educated?,National War College,[],1,"musique_2hop__58939_189318_1,musique_2hop__58939_189318_7","[""The Code of Conduct and the Vietnam Prisoners of War"", ""2008 United States presidential election""]","[1, 7]",2
2hop__58939_213732,Who is the child of Obama's opponent in his first election?,Meghan McCain,[],1,"musique_2hop__58939_213732_8,musique_2hop__58939_213732_18","[""Dirty Sexy Politics"", ""2008 United States presidential election""]","[8, 18]",2
2hop__30905_189318,Where did the person who sponsored the resolution to reopen trade with Vietnam along with Kerry go to college?,National War College,[],1,"musique_2hop__30905_189318_8,musique_2hop__30905_189318_13","[""The Code of Conduct and the Vietnam Prisoners of War"", ""John Kerry""]","[8, 13]",2
2hop__16446_58556,What is the name of the food safety system of the federal agency that regulates prescription drugs?,Food Safety Modernization Act (FSMA),[],1,"musique_2hop__16446_58556_4,musique_2hop__16446_58556_7","[""FDA Food Safety Modernization Act"", ""Pharmaceutical industry""]","[4, 7]",2
2hop__35686_58556,What is the food safety system of the antibiotic approval agency known as?,Food Safety Modernization Act (FSMA),[],1,"musique_2hop__35686_58556_1,musique_2hop__35686_58556_15","[""FDA Food Safety Modernization Act"", ""Antibiotic""]","[1, 15]",2
2hop__723404_58556,The owner of IPLEDGE has a food safety system know as what?,Food Safety Modernization Act (FSMA),[],1,"musique_2hop__723404_58556_0,musique_2hop__723404_58556_13","[""IPLEDGE program"", ""FDA Food Safety Modernization Act""]","[0, 13]",2
2hop__95773_51329,What movie did the person who acted in the comedy film Crime School win his only Oscar for?,The African Queen,[],1,"musique_2hop__95773_51329_3,musique_2hop__95773_51329_9","[""Crime School"", ""Humphrey Bogart""]","[3, 9]",2
2hop__696442_51329,What movie did Lauren Bacall's spouse win his only Oscar?,The African Queen,[],1,"musique_2hop__696442_51329_4,musique_2hop__696442_51329_12","[""Humphrey Bogart"", ""Bold Venture""]","[4, 12]",2
2hop__591435_51329,What movie won the Knock on Any Door cast member his only Oscar?,The African Queen,[],1,"musique_2hop__591435_51329_4,musique_2hop__591435_51329_8","[""Humphrey Bogart"", ""Knock on Any Door""]","[4, 8]",2
2hop__753715_51329,with what movie did Mary Philips' husband win his only oscar?,The African Queen,[],1,"musique_2hop__753715_51329_13,musique_2hop__753715_51329_14","[""Humphrey Bogart"", ""Broadway's Like That""]","[13, 14]",2
2hop__142443_768138,Who is the brother of the artist who made Nothin' My Love Can't Fix's album?,Matthew Lawrence,[],1,"musique_2hop__142443_768138_12,musique_2hop__142443_768138_18","[""Nothin' My Love Can't Fix"", ""Pulse (1988 film)""]","[12, 18]",2
2hop__37097_53663,Where is the river where the majority of Egyptians lived located in the world?,northeastern Africa,"[""Africa""]",1,"musique_2hop__37097_53663_15,musique_2hop__37097_53663_18","[""Egypt"", ""Nile""]","[15, 18]",2
2hop__82669_768138,Who is the brother of the Melissa and Joey Theme Song singer?,Matthew Lawrence,[],1,"musique_2hop__82669_768138_10,musique_2hop__82669_768138_13","[""Melissa & Joey"", ""Pulse (1988 film)""]","[10, 13]",2
2hop__63982_768138,Who is the sibling of the actor who played Joey on Gimme a Break?,Matthew Lawrence,[],1,"musique_2hop__63982_768138_1,musique_2hop__63982_768138_4","[""Pulse (1988 film)"", ""Gimme a Break!""]","[1, 4]",2
2hop__2416_53663,Where is the river that the engine pumped water from located in the world?,northeastern Africa,"[""Africa""]",1,"musique_2hop__2416_53663_4,musique_2hop__2416_53663_10","[""Solar energy"", ""Nile""]","[4, 10]",2
2hop__678516_179720,Who was married to the creator of Ruby Loftus Screwing a Breech Ring?,Harold Knight,[],1,"musique_2hop__678516_179720_9,musique_2hop__678516_179720_14","[""Staithes group"", ""Ruby Loftus Screwing a Breech Ring""]","[9, 14]",2
2hop__39954_80940,What is the largest national park in the country where hunters are estimated to spend fifty to one hundred times that of the average ecotourist?,Ruaha National Park,[],1,"musique_2hop__39954_80940_5,musique_2hop__39954_80940_10","[""Hunting"", ""Ruaha National Park""]","[5, 10]",2
2hop__39954_80303,What is the name of the game reserve in the country where hunters spend 50 to 100 times more than the average ecotourist?,The Selous Game Reserve,"[""Selous Game Reserve""]",1,"musique_2hop__39954_80303_1,musique_2hop__39954_80303_4","[""Selous Game Reserve"", ""Hunting""]","[1, 4]",2
2hop__39954_65371,Who is the permanent representative to the united nations of the country where it is estimated that a hunter spends fifty to one hundred times that of the average ecotourist?,Modest Jonathan Mero,[],1,"musique_2hop__39954_65371_3,musique_2hop__39954_65371_15","[""Permanent Representative of Tanzania to the United Nations"", ""Hunting""]","[3, 15]",2
2hop__385392_756039,What administrative territorial entity includes the place that KTRP is licensed to broadcast to?,Canyon County,"[""Canyon County, Idaho""]",1,"musique_2hop__385392_756039_3,musique_2hop__385392_756039_16","[""Notus, Idaho"", ""KTRP (AM)""]","[3, 16]",2
2hop__557743_92763,What is the enrollment at Henry Latimer's alma mater?,"16,801",[],1,"musique_2hop__557743_92763_9,musique_2hop__557743_92763_15","[""Henry Latimer (judge)"", ""University of Miami""]","[9, 15]",2
2hop__403060_92763,What is the enrollment at the school that owns the Miami Hurricane?,"16,801",[],1,"musique_2hop__403060_92763_6,musique_2hop__403060_92763_13","[""The Miami Hurricane"", ""University of Miami""]","[6, 13]",2
2hop__29349_92763,What is the enrollment where the first debate between Kerry and Bush took place?,"16,801",[],1,"musique_2hop__29349_92763_18,musique_2hop__29349_92763_19","[""2004 United States presidential election"", ""University of Miami""]","[18, 19]",2
2hop__267938_92763,What is the enrollment at Jack Clay's employer?,"16,801",[],1,"musique_2hop__267938_92763_0,musique_2hop__267938_92763_1","[""University of Miami"", ""Jack Clay""]","[0, 1]",2
2hop__142198_152093,The Live Life Loud album's band signed to which label?,Fair Trade Services,[],1,"musique_2hop__142198_152093_7,musique_2hop__142198_152093_15","[""Live Life Loud"", ""Hawk Nelson""]","[7, 15]",2
2hop__632161_643449,Who is the child of the cast member of Ice Bound: A Woman's Survival at the South Pole?,Eva Amurri,[],1,"musique_2hop__632161_643449_16,musique_2hop__632161_643449_17","[""Ice Bound: A Woman's Survival at the South Pole"", ""Middle of Nowhere (2008 film)""]","[16, 17]",2
2hop__170914_152093,"What label is responsible for the performer of ""Friend Like That""?",Fair Trade Services,[],1,"musique_2hop__170914_152093_8,musique_2hop__170914_152093_16","[""Friend Like That"", ""Hawk Nelson""]","[8, 16]",2
2hop__705035_152093,What label is responsible for the performer of Crazy Love?,Fair Trade Services,[],1,"musique_2hop__705035_152093_2,musique_2hop__705035_152093_19","[""Hawk Nelson"", ""Crazy Love (Hawk Nelson album)""]","[2, 19]",2
2hop__143650_152023,What label was responsible for who sang or played Delta Hardware?,Kicking Mule Records,"[""Real World Records""]",1,"musique_2hop__143650_152023_6,musique_2hop__143650_152023_7","[""Charlie Musselwhite"", ""Delta Hardware""]","[6, 7]",2
2hop__203437_152093,What label was responsible for the performer of Live Life Loud?,Fair Trade Services,[],1,"musique_2hop__203437_152093_8,musique_2hop__203437_152093_17","[""Live Life Loud"", ""Hawk Nelson""]","[8, 17]",2
2hop__559273_152023,What label was responsible for the performer of Delta Hardware?,Kicking Mule Records,"[""Real World Records""]",1,"musique_2hop__559273_152023_16,musique_2hop__559273_152023_19","[""Charlie Musselwhite"", ""Delta Hardware""]","[16, 19]",2
2hop__374767_152023,What label is responsible for the performer of One Night in America?,Kicking Mule Records,[],1,"musique_2hop__374767_152023_8,musique_2hop__374767_152023_14","[""One Night in America"", ""Charlie Musselwhite""]","[8, 14]",2
2hop__409166_152023,"What record label is responsible for the performer of ""Sanctuary""?",Kicking Mule Records,[],1,"musique_2hop__409166_152023_6,musique_2hop__409166_152023_9","[""Sanctuary (Charlie Musselwhite album)"", ""Charlie Musselwhite""]","[6, 9]",2
2hop__48784_70131,Who constituted the free crops in the location where the democratic government set up in Germany in 1919?,consisting largely of World War I veterans,[],1,"musique_2hop__48784_70131_0,musique_2hop__48784_70131_3","[""Weimar Republic"", ""Freikorps""]","[0, 3]",2
2hop__452580_70131,Who constituted the free crops in the state having Free State of Brunswick?,consisting largely of World War I veterans,[],1,"musique_2hop__452580_70131_1,musique_2hop__452580_70131_6","[""Free State of Brunswick"", ""Freikorps""]","[1, 6]",2
2hop__464479_70131,Who constituted the freikorps in the country that the German Socialist Party was part of?,consisting largely of World War I veterans,[],1,"musique_2hop__464479_70131_4,musique_2hop__464479_70131_9","[""German Socialist Party"", ""Freikorps""]","[4, 9]",2
2hop__552546_70131,Who constituted the free corps in the country that the Free State of Mecklenburg-Schwerin is located in?,consisting largely of World War I veterans,[],1,"musique_2hop__552546_70131_4,musique_2hop__552546_70131_5","[""Freikorps"", ""Free State of Mecklenburg-Schwerin""]","[4, 5]",2
2hop__124807_135019,Who is the mother of Nephalion's father?,Europa,[],1,"musique_2hop__124807_135019_0,musique_2hop__124807_135019_1","[""Minos"", ""Nephalion""]","[0, 1]",2
2hop__605207_135019,Who is the mother of Andreogeus' father?,Europa,[],1,"musique_2hop__605207_135019_3,musique_2hop__605207_135019_9","[""Minos"", ""Sacrificial victims of Minotaur""]","[3, 9]",2
2hop__271045_68633,Who is the president of the organization Julio Maglione is located?,Thomas Bach,[],1,"musique_2hop__271045_68633_1,musique_2hop__271045_68633_16","[""President of the International Olympic Committee"", ""Julio Maglione""]","[1, 16]",2
2hop__645367_68633,Who is the president of the group Kim Un-yong is a member of?,Thomas Bach,[],1,"musique_2hop__645367_68633_12,musique_2hop__645367_68633_14","[""President of the International Olympic Committee"", ""Kim Un-yong""]","[12, 14]",2
2hop__853227_68633,Arthur Marryatt is a member of a sports association that has who as president?,Thomas Bach,[],1,"musique_2hop__853227_68633_2,musique_2hop__853227_68633_10","[""Arthur A. Marryatt"", ""President of the International Olympic Committee""]","[2, 10]",2
2hop__374495_68633,Who is the president of the organization that Avery Brundage is a member of?,Thomas Bach,[],1,"musique_2hop__374495_68633_2,musique_2hop__374495_68633_17","[""President of the International Olympic Committee"", ""Avery Brundage""]","[2, 17]",2
2hop__391873_88622,Who is the head of the agency that created MYSTIC?,ADM Michael S. Rogers,"[""Michael S. Rogers""]",1,"musique_2hop__391873_88622_8,musique_2hop__391873_88622_12","[""Director of the National Security Agency"", ""MYSTIC (surveillance program)""]","[8, 12]",2
2hop__315246_88622,Who is the head of the developer of Simon?,ADM Michael S. Rogers,"[""Michael S. Rogers""]",1,"musique_2hop__315246_88622_7,musique_2hop__315246_88622_9","[""Simon (cipher)"", ""Director of the National Security Agency""]","[7, 9]",2
2hop__498061_88622,Who's the head of the owner of ThinThread?,ADM Michael S. Rogers,"[""Michael S. Rogers""]",1,"musique_2hop__498061_88622_16,musique_2hop__498061_88622_17","[""Director of the National Security Agency"", ""ThinThread""]","[16, 17]",2
2hop__554145_88622,Who is the head of the main subject of NSA in popular culture?,ADM Michael S. Rogers,"[""Michael S. Rogers""]",1,"musique_2hop__554145_88622_2,musique_2hop__554145_88622_3","[""National Security Agency in popular culture"", ""Director of the National Security Agency""]","[2, 3]",2
2hop__66708_573255,Who was the spouse of the person the Bible says was the first king of Israel?,Ahinoam,[],1,"musique_2hop__66708_573255_5,musique_2hop__66708_573255_15","[""Ahinoam"", ""Saul""]","[5, 15]",2
2hop__49887_573255,Who is the spouse of the first king chosen to rule over the Israelites?,Ahinoam,[],1,"musique_2hop__49887_573255_10,musique_2hop__49887_573255_16","[""Ahinoam"", ""Saul""]","[10, 16]",2
2hop__126188_396277,The author of Abel's Island wrote what 1982 book featuring a mouse-dentist?,Doctor De Soto,[],1,"musique_2hop__126188_396277_3,musique_2hop__126188_396277_9","[""Doctor De Soto"", ""Abel's Island""]","[3, 9]",2
2hop__126306_396277,What is another notable work by the illustrator of Sylvester and the Magic Pebble?,Doctor De Soto,[],1,"musique_2hop__126306_396277_6,musique_2hop__126306_396277_18","[""Sylvester and the Magic Pebble"", ""Doctor De Soto""]","[6, 18]",2
2hop__126299_396277,What other notable work did the person who illustrated Shrek work on?,Doctor De Soto,[],1,"musique_2hop__126299_396277_0,musique_2hop__126299_396277_2","[""Doctor De Soto"", ""Shrek!""]","[0, 2]",2
2hop__77518_548781,Where was the president born on the fourth of July born?,Plymouth Notch,[],1,"musique_2hop__77518_548781_10,musique_2hop__77518_548781_17","[""Plymouth Notch Cemetery"", ""Independence Day (United States)""]","[10, 17]",2
2hop__53175_548781,What is the birth place of the US president with whose election the republican ascendancy of the 1920's began?,Plymouth Notch,[],1,"musique_2hop__53175_548781_3,musique_2hop__53175_548781_8","[""Plymouth Notch Cemetery"", ""1924 United States presidential election""]","[3, 8]",2
2hop__613779_55984,"Who wrote the song ""The Story"" that is sung by the performer of ""That Wasn't Me""?",Phil Hanseroth,[],1,"musique_2hop__613779_55984_13,musique_2hop__613779_55984_16","[""That Wasn't Me"", ""The Story (song)""]","[13, 16]",2
2hop__559076_55984,Who wrote the song The Story sung by the performer of Give Up the Ghost?,Phil Hanseroth,[],1,"musique_2hop__559076_55984_6,musique_2hop__559076_55984_12","[""The Story (song)"", ""Give Up the Ghost (album)""]","[6, 12]",2
2hop__275891_55984,Who wrote the song The Story that is sung by the performer of Rhapsody Originals?,Phil Hanseroth,[],1,"musique_2hop__275891_55984_0,musique_2hop__275891_55984_14","[""The Story (song)"", ""Rhapsody Originals (Brandi Carlile EP)""]","[0, 14]",2
2hop__435087_55984,Who wrote the song sung by the performer of The Story?,Phil Hanseroth,[],1,"musique_2hop__435087_55984_5,musique_2hop__435087_55984_17","[""The Story (Brandi Carlile album)"", ""The Story (song)""]","[5, 17]",2
2hop__21991_43945,"Why was Common Sense, written by the same author as The Rights of Man, an important work?",crystallized the rebellious demand for independence from Great Britain,"[""Great Britain""]",1,"musique_2hop__21991_43945_8,musique_2hop__21991_43945_17","[""Thomas Paine"", ""Edmund Burke""]","[8, 17]",2
2hop__269766_43945,Common Sense which was written by the author of The Age of Reason was an important work because?,crystallized the rebellious demand for independence from Great Britain,"[""Great Britain""]",1,"musique_2hop__269766_43945_1,musique_2hop__269766_43945_18","[""The Age of Reason"", ""Thomas Paine""]","[1, 18]",2
2hop__170341_43945,"Why was Common Sense, by the same author as Rights of Man, an important work?",crystallized the rebellious demand for independence from Great Britain,"[""Great Britain""]",1,"musique_2hop__170341_43945_0,musique_2hop__170341_43945_15","[""Thomas Paine"", ""Rights of Man""]","[0, 15]",2
2hop__69765_43945,"Why is Common Sense, which was written by an author who encouraged revolt, an important work?",crystallized the rebellious demand for independence from Great Britain,"[""Great Britain""]",1,"musique_2hop__69765_43945_5,musique_2hop__69765_43945_16","[""Thomas Paine"", ""Common sense""]","[5, 16]",2
2hop__414193_176917,Who is married to the cast member of Carolina Moon?,Dougray Scott,[],1,"musique_2hop__414193_176917_12,musique_2hop__414193_176917_19","[""Love's Kitchen"", ""Carolina Moon (2007 film)""]","[12, 19]",2
2hop__2416_86208,When does the river that pumps the engine flood every year?,August,"[""Aug""]",1,"musique_2hop__2416_86208_3,musique_2hop__2416_86208_10","[""Flooding of the Nile"", ""Solar energy""]","[3, 10]",2
2hop__37097_86208,When does the river that the majority of Egyptians live near flood each year?,August,"[""Aug""]",1,"musique_2hop__37097_86208_11,musique_2hop__37097_86208_13","[""Flooding of the Nile"", ""Egypt""]","[11, 13]",2
2hop__231805_514393,What is the birthplace of St. Simeon Stylites' author?,Somersby,[],1,"musique_2hop__231805_514393_17,musique_2hop__231805_514393_19","[""Charles Tennyson Turner"", ""St. Simeon Stylites (poem)""]","[17, 19]",2
2hop__16581_16569,What tribe did the wife of the person who first brought postal service to Umayyad lands belong to?,Kalb,[],1,"musique_2hop__16581_16569_4,musique_2hop__16581_16569_11","[""Umayyad Caliphate"", ""Umayyad Caliphate""]","[4, 11]",2
2hop__156044_57816,What is the ranking of the law school at the university employing Bruce Nissen?,100,[],1,"musique_2hop__156044_57816_7,musique_2hop__156044_57816_9","[""Florida International University College of Law"", ""Bruce Nissen""]","[7, 9]",2
2hop__754753_57816,What is the U.S. News ranking of the law school at Carlos Alvarez's employer?,100,[],1,"musique_2hop__754753_57816_3,musique_2hop__754753_57816_8","[""Florida International University College of Law"", ""Carlos Alvarez (professor)""]","[3, 8]",2
2hop__510679_57816,What is the U.S. News ranking of the law school at Abraham Lavender's employer?,100,[],1,"musique_2hop__510679_57816_1,musique_2hop__510679_57816_14","[""Florida International University College of Law"", ""Abraham Lavender""]","[1, 14]",2
2hop__663184_57816,What is the U.S. News ranking of the law school at Bruce Nissen's employer?,100,[],1,"musique_2hop__663184_57816_9,musique_2hop__663184_57816_16","[""Florida International University College of Law"", ""Bruce Nissen""]","[9, 16]",2
2hop__47071_162399,When did the person who launched the Bardoli Satyagraha on 4th february 1928 die?,15 December 1950,[],1,"musique_2hop__47071_162399_3,musique_2hop__47071_162399_5","[""Bardoli Satyagraha"", ""Vallabhbhai Patel""]","[3, 5]",2
2hop__580231_162399,When did the father of Dahyabhai Patel die?,15 December 1950,[],1,"musique_2hop__580231_162399_8,musique_2hop__580231_162399_12","[""Vallabhbhai Patel"", ""Dahyabhai Patel""]","[8, 12]",2
2hop__619265_45326,How many episodes are in season 5 of the series with The Bag or the Bat?,12,[],1,"musique_2hop__619265_45326_3,musique_2hop__619265_45326_16","[""The Bag or the Bat"", ""List of Ray Donovan episodes""]","[3, 16]",2
2hop__153532_45326,How many episodes are in season 5 of the series The Bag or the Bat is part of?,12,[],1,"musique_2hop__153532_45326_7,musique_2hop__153532_45326_10","[""List of Ray Donovan episodes"", ""The Bag or the Bat""]","[7, 10]",2
2hop__455392_40315,How many campuses are there in the institution that Desert Studies Center is a part of?,12,[],1,"musique_2hop__455392_40315_2,musique_2hop__455392_40315_7","[""Southern California"", ""Desert Studies Center""]","[2, 7]",2
2hop__763840_144857,What city was the author of Neighbors born in?,Clatskanie,"[""Clatskanie, Oregon""]",1,"musique_2hop__763840_144857_12,musique_2hop__763840_144857_16","[""Neighbors (short story)"", ""Raymond Carver""]","[12, 16]",2
2hop__227031_144857,What is the name of the city where Tess Gallagher's spouse was born in?,Clatskanie,"[""Clatskanie, Oregon""]",1,"musique_2hop__227031_144857_11,musique_2hop__227031_144857_19","[""Raymond Carver"", ""Raymond Carver bibliography""]","[11, 19]",2
2hop__168816_144857,In what city was the author of Elephant born?,Clatskanie,"[""Clatskanie, Oregon""]",1,"musique_2hop__168816_144857_1,musique_2hop__168816_144857_12","[""Raymond Carver"", ""Elephant (stories)""]","[1, 12]",2
2hop__312223_144857,What city was the author of What We Talk About When We Talk About love born in?,Clatskanie,"[""Clatskanie, Oregon""]",1,"musique_2hop__312223_144857_11,musique_2hop__312223_144857_17","[""What We Talk About When We Talk About Love"", ""Raymond Carver""]","[11, 17]",2
2hop__85463_66122,When did the stalemate happen in the war where UN troops approached the Yalu River?,began 10 July 1951,[],1,"musique_2hop__85463_66122_9,musique_2hop__85463_66122_14","[""Yalu River"", ""Korean War""]","[9, 14]",2
2hop__289517_139339,What was the cast member in After Hours nominated for?,Academy Award for Best Live Action Short Film,[],1,"musique_2hop__289517_139339_14,musique_2hop__289517_139339_17","[""After Hours (film)"", ""Griffin Dunne""]","[14, 17]",2
2hop__507528_139339,What was the director of Lisa Picard is Famous nominated for?,Academy Award for Best Live Action Short Film,[],1,"musique_2hop__507528_139339_13,musique_2hop__507528_139339_14","[""Lisa Picard Is Famous"", ""Griffin Dunne""]","[13, 14]",2
2hop__85463_54688,What type of government did North Korea have during the conflict when UN troops approached the Yalu River?,a communist government,[],1,"musique_2hop__85463_54688_5,musique_2hop__85463_54688_6","[""Yalu River"", ""Korean War""]","[5, 6]",2
2hop__669160_139339,What was the director of Addicted to Love nominated for?,Academy Award for Best Live Action Short Film,[],1,"musique_2hop__669160_139339_9,musique_2hop__669160_139339_14","[""Griffin Dunne"", ""Addicted to Love (film)""]","[9, 14]",2
2hop__332453_139339,What was the director of The Accidental Husband nominated for?,Academy Award for Best Live Action Short Film,[],1,"musique_2hop__332453_139339_3,musique_2hop__332453_139339_6","[""Griffin Dunne"", ""The Accidental Husband""]","[3, 6]",2
2hop__85463_50252,Who led North Korea in to the war where UN troops approached the Yalu river.,Kim Il - Sung,"[""Kim Il-sung""]",1,"musique_2hop__85463_50252_8,musique_2hop__85463_50252_19","[""Yalu River"", ""Korean War""]","[8, 19]",2
2hop__85463_33311,During which span of years was the war where UN troops approached the Yalu River?,1950–1953),[],1,"musique_2hop__85463_33311_12,musique_2hop__85463_33311_14","[""Yalu River"", ""Modern history""]","[12, 14]",2
2hop__60229_38663,What was the percentage the Dow Jones fell during the time the first cake mix come out?,54.7%,[],1,"musique_2hop__60229_38663_7,musique_2hop__60229_38663_19","[""Cake"", ""Tanzania""]","[7, 19]",2
2hop__706038_14251,What line by a cast member of Birds of Feather is believed to have started the archie nickname?,"""Archibald, certainly not!""",[],1,"musique_2hop__706038_14251_10,musique_2hop__706038_14251_11","[""Birds of a Feather (1936 film)"", ""Anti-aircraft warfare""]","[10, 11]",2
2hop__821368_14251,What line by a cast member of Doing His Bit is believed to have started the archie nickname?,"""Archibald, certainly not!""",[],1,"musique_2hop__821368_14251_10,musique_2hop__821368_14251_11","[""Anti-aircraft warfare"", ""Doing His Bit""]","[10, 11]",2
2hop__857585_14251,What line by the Southern Roses cast member is believed to have started the Archie nickname?,"""Archibald, certainly not!""",[],1,"musique_2hop__857585_14251_11,musique_2hop__857585_14251_17","[""Southern Roses"", ""Anti-aircraft warfare""]","[11, 17]",2
2hop__60229_1783,Who was mayor of New York when the first cake mix came out?,Fiorello La Guardia,[],1,"musique_2hop__60229_1783_0,musique_2hop__60229_1783_12","[""Cake"", ""New York City""]","[0, 12]",2
2hop__83405_158262,When did the president of the Confederate States of America end his fight in the Mexican-American war?,1848,[],1,"musique_2hop__83405_158262_1,musique_2hop__83405_158262_6","[""President of the Confederate States of America"", ""Jefferson Davis""]","[1, 6]",2
2hop__57543_158262,When did the famous leader of the Confederate Military end his fight in the Mexican-American war?,1848,[],1,"musique_2hop__57543_158262_6,musique_2hop__57543_158262_18","[""Military leadership in the American Civil War"", ""Jefferson Davis""]","[6, 18]",2
2hop__62020_158262,When did the president of the Confederacy end his fight in the Mexican-American war?,1848,[],1,"musique_2hop__62020_158262_1,musique_2hop__62020_158262_2","[""Jefferson Davis"", ""President of the Confederate States of America""]","[1, 2]",2
2hop__358582_189042,What is the record label of the Thrill of a Lifetime performer?,New Renaissance Records,[],1,"musique_2hop__358582_189042_15,musique_2hop__358582_189042_18","[""Thrill of a Lifetime (album)"", ""King Kobra III""]","[15, 18]",2
2hop__450600_158262,When did the author of The Rise and Fall of the Confederate Government end his fight in the Mexican-American War?,1848,[],1,"musique_2hop__450600_158262_2,musique_2hop__450600_158262_15","[""Jefferson Davis"", ""The Rise and Fall of the Confederate Government""]","[2, 15]",2
2hop__78401_158262,When did the person chosen to be president of the confederacy end his fight in the Mexican-American war?,1848,[],1,"musique_2hop__78401_158262_0,musique_2hop__78401_158262_16","[""President of the Confederate States of America"", ""Jefferson Davis""]","[0, 16]",2
2hop__121145_561444,Who did the creator of Derech Mitzvosecha follow?,Dovber Schneuri,[],1,"musique_2hop__121145_561444_8,musique_2hop__121145_561444_17","[""Chaya Mushka Schneersohn"", ""Derech Mitzvosecha""]","[8, 17]",2
2hop__125412_544665,Who followed Menucha Rochel Slonim's father?,Menachem Mendel Schneersohn,[],1,"musique_2hop__125412_544665_0,musique_2hop__125412_544665_1","[""Chaya Mushka Schneersohn"", ""Menucha Rochel Slonim""]","[0, 1]",2
2hop__135668_561444,"Who is daughter to the third Rebbe of Chabad Lubavitch, named after his father?",Dovber Schneuri,[],1,"musique_2hop__135668_561444_3,musique_2hop__135668_561444_5","[""Chaya Mushka Schneersohn"", ""Menachem Mendel Schneerson""]","[3, 5]",2
2hop__144317_120065,What year did the city were Hans-Joachim Merker was born end?,1738,[],1,"musique_2hop__144317_120065_12,musique_2hop__144317_120065_16","[""Hans-Joachim Merker"", ""Merseburg""]","[12, 16]",2
2hop__451574_120065,What year did Ludwig Friedrich Otto Baumgarten-Crusius's birthplace end?,1738,[],1,"musique_2hop__451574_120065_18,musique_2hop__451574_120065_19","[""Ludwig Friedrich Otto Baumgarten-Crusius"", ""Merseburg""]","[18, 19]",2
2hop__159146_120065,What year did the region where Leuna was located come to an end?,1738,[],1,"musique_2hop__159146_120065_5,musique_2hop__159146_120065_8","[""Merseburg"", ""German Revolution of 1918\u201319""]","[5, 8]",2
2hop__123166_47134,What is the mascot of William J. Ripple's university?,Benny Beaver,[],1,"musique_2hop__123166_47134_2,musique_2hop__123166_47134_5","[""William J. Ripple"", ""Benny Beaver""]","[2, 5]",2
2hop__326404_120065,When did Charles Frederick II's birthplace fall?,1738,[],1,"musique_2hop__326404_120065_0,musique_2hop__326404_120065_13","[""Merseburg"", ""Charles Frederick II, Duke of W\u00fcrttemberg-Oels""]","[0, 13]",2
2hop__123545_47134,Who is the mascot of the university related to Randy Conrads?,Benny Beaver,[],1,"musique_2hop__123545_47134_3,musique_2hop__123545_47134_13","[""Randy Conrads"", ""Benny Beaver""]","[3, 13]",2
2hop__107905_110222,When is the date of birth of the creator of A Burial at Ornans?,10 June 1819,[],1,"musique_2hop__107905_110222_1,musique_2hop__107905_110222_8","[""A Burial At Ornans"", ""Gustave Courbet""]","[1, 8]",2
2hop__351045_47134,What is the mascot of the operator of RV Wecoma?,Benny Beaver,[],1,"musique_2hop__351045_47134_2,musique_2hop__351045_47134_4","[""Benny Beaver"", ""RV Wecoma""]","[2, 4]",2
2hop__347652_47134,What is the mascot of the institution that owns Memorial Union?,Benny Beaver,[],1,"musique_2hop__347652_47134_13,musique_2hop__347652_47134_17","[""Benny Beaver"", ""Memorial Union (Oregon State University)""]","[13, 17]",2
2hop__846844_47134,What is the mascot of the school that owns Goss Stadium at Coleman Field?,Benny Beaver,[],1,"musique_2hop__846844_47134_5,musique_2hop__846844_47134_19","[""Goss Stadium at Coleman Field"", ""Benny Beaver""]","[5, 19]",2
2hop__107601_110222,When is the birthday of the creator of Le ruisseau noir?,10 June 1819,[],1,"musique_2hop__107601_110222_10,musique_2hop__107601_110222_11","[""Le ruisseau noir"", ""Gustave Courbet""]","[10, 11]",2
2hop__175168_110222,When was the creator of The Painter's Studio born?,10 June 1819,[],1,"musique_2hop__175168_110222_3,musique_2hop__175168_110222_14","[""Gustave Courbet"", ""The Painter's Studio""]","[3, 14]",2
2hop__503085_110222,When was the painter of Femme nue couchée born?,10 June 1819,[],1,"musique_2hop__503085_110222_7,musique_2hop__503085_110222_19","[""Femme nue couch\u00e9e"", ""Gustave Courbet""]","[7, 19]",2
2hop__293131_110222,What is the date of birth of the 'Woman with a Parrot' creator?,10 June 1819,[],1,"musique_2hop__293131_110222_15,musique_2hop__293131_110222_19","[""Gustave Courbet"", ""Woman with a Parrot""]","[15, 19]",2
2hop__46376_158105,Which two features were played up by the highest paid person in the world?,ease of use and enhanced support for Plug and Play,[],1,"musique_2hop__46376_158105_3,musique_2hop__46376_158105_16","[""Windows 98"", ""The World's Billionaires""]","[3, 16]",2
2hop__13106_158105,Which two features were played up the Microsoft executive who announced IPTV in 2007?,ease of use and enhanced support for Plug and Play,[],1,"musique_2hop__13106_158105_9,musique_2hop__13106_158105_17","[""Xbox 360"", ""Windows 98""]","[9, 17]",2
2hop__55552_158105,What two features of Windows 98 were highlighted by the man who announced Windows in 1983?,ease of use and enhanced support for Plug and Play,[],1,"musique_2hop__55552_158105_8,musique_2hop__55552_158105_12","[""Microsoft Windows version history"", ""Windows 98""]","[8, 12]",2
2hop__417937_158105,Which two features were played up by the author of Business @ the Speed of Thought?,ease of use and enhanced support for Plug and Play,[],1,"musique_2hop__417937_158105_1,musique_2hop__417937_158105_14","[""Business @ the Speed of Thought"", ""Windows 98""]","[1, 14]",2
2hop__85455_158105,Which two features were played up the person who had the biggest net worth in 2017?,ease of use and enhanced support for Plug and Play,[],1,"musique_2hop__85455_158105_15,musique_2hop__85455_158105_16","[""Windows 98"", ""The World's Billionaires""]","[15, 16]",2
2hop__73615_16848,What happened to the assets of the agency that abolished the dual system of government in bengal after it was removed from power?,formally incorporated into the British Empire,"[""British Empire""]",1,"musique_2hop__73615_16848_15,musique_2hop__73615_16848_19","[""Nawabs of Bengal and Murshidabad"", ""Queen Victoria""]","[15, 19]",2
2hop__73615_42173,When was the company that abolished the dual system of government in Bengal established?,1599,[],1,"musique_2hop__73615_42173_7,musique_2hop__73615_42173_19","[""Nawabs of Bengal and Murshidabad"", ""Imperialism""]","[7, 19]",2
2hop__238499_431914,What administrative territorial entity includes the arrondissement that contains the Digne Cathedral?,Alpes-de-Haute-Provence,[],1,"musique_2hop__238499_431914_4,musique_2hop__238499_431914_12","[""Arrondissement of Digne-les-Bains"", ""Digne Cathedral""]","[4, 12]",2
2hop__16844_42173,When was the ruler that was dissolved after the Indian Rebellion of 1857 established?,1599,[],1,"musique_2hop__16844_42173_12,musique_2hop__16844_42173_17","[""Imperialism"", ""Queen Victoria""]","[12, 17]",2
2hop__311931_417706,What record label does the performer of Emotional Rain belong to?,Attic Records,"[""Attic""]",1,"musique_2hop__311931_417706_8,musique_2hop__311931_417706_10","[""Lee Aaron (album)"", ""Emotional Rain""]","[8, 10]",2
2hop__16844_20510,When was the entity that was dissolved after the Indian Rebellion in 1857 chartered?,1600,[],1,"musique_2hop__16844_20510_0,musique_2hop__16844_20510_8","[""British Empire"", ""Queen Victoria""]","[0, 8]",2
2hop__73615_20510,When was the company who abolished the dual system of government in bengal founded?,1600,[],1,"musique_2hop__73615_20510_0,musique_2hop__73615_20510_7","[""British Empire"", ""Nawabs of Bengal and Murshidabad""]","[0, 7]",2
2hop__593397_224832,What league includes the operating group of Al Janoub Stadium?,Qatar Stars League,[],1,"musique_2hop__593397_224832_11,musique_2hop__593397_224832_16","[""Mohammed Muddather"", ""Saoud bin Abdulrahman Stadium""]","[11, 16]",2
2hop__156658_155922,What body of water does the river that Toongabbie Creek flows into flow into?,Sydney Harbour,"[""Port Jackson""]",1,"musique_2hop__156658_155922_12,musique_2hop__156658_155922_14","[""Parramatta River"", ""Toongabbie Creek""]","[12, 14]",2
2hop__814408_155922,Into what does the river for which Toongabbie Creek serves as the mouth flow?,Sydney Harbour,"[""Port Jackson""]",1,"musique_2hop__814408_155922_4,musique_2hop__814408_155922_13","[""Parramatta River"", ""Toongabbie Creek""]","[4, 13]",2
2hop__155781_155922,What does the river that Darling Mills Creek turns into flow into?,Sydney Harbour,"[""Port Jackson""]",1,"musique_2hop__155781_155922_1,musique_2hop__155781_155922_18","[""Parramatta River"", ""Darling Mills Creek""]","[1, 18]",2
2hop__81682_707195,The island where they filmed ninja warrior in Australia is located in what harbor?,Sydney Harbour,[],1,"musique_2hop__81682_707195_4,musique_2hop__81682_707195_9","[""Australian Ninja Warrior"", ""Cockatoo Island (New South Wales)""]","[4, 9]",2
2hop__852657_155922,Into what harbour does the river Lennox Bridge in Parramatta crosses flow?,Sydney Harbour,"[""Port Jackson""]",1,"musique_2hop__852657_155922_15,musique_2hop__852657_155922_17","[""Lennox Bridge, Parramatta"", ""Parramatta River""]","[15, 17]",2
2hop__149862_108549,Who created the work that features the appearance of Cosmic Boy?,Alfred Gough,"[""Miles Millar""]",1,"musique_2hop__149862_108549_12,musique_2hop__149862_108549_14","[""Cosmic Boy"", ""Smallville""]","[12, 14]",2
2hop__669456_108549,Who wrote the show that Jimmy Olsen works for?,Alfred Gough,"[""Miles Millar""]",1,"musique_2hop__669456_108549_15,musique_2hop__669456_108549_19","[""Smallville"", ""Aaron Ashmore""]","[15, 19]",2
2hop__358270_108549,Who wrote the TV Series containing the Finale episodes?,Alfred Gough,"[""Miles Millar""]",1,"musique_2hop__358270_108549_3,musique_2hop__358270_108549_19","[""Smallville"", ""Finale (Smallville)""]","[3, 19]",2
2hop__149983_108549,Who wrote the fictional work Doctor Fate exists in?,Alfred Gough,"[""Miles Millar""]",1,"musique_2hop__149983_108549_13,musique_2hop__149983_108549_17","[""Doctor Fate"", ""Smallville""]","[13, 17]",2
2hop__608902_653666,Who is the mother of Katharine Smith Salisbury's brother?,Lucy Mack Smith,[],1,"musique_2hop__608902_653666_7,musique_2hop__608902_653666_14","[""Katharine Smith Salisbury"", ""History of Joseph Smith by His Mother""]","[7, 14]",2
2hop__149710_108549,Who is the show Hawkgirl is from by?,Alfred Gough,"[""Miles Millar""]",1,"musique_2hop__149710_108549_4,musique_2hop__149710_108549_13","[""Smallville"", ""Hawkgirl""]","[4, 13]",2
2hop__61664_786853,Who is the spouse of the voice actor of Batman in The Lego Batman Movie?,Amy Poehler,[],1,"musique_2hop__61664_786853_8,musique_2hop__61664_786853_15","[""On Broadway (film)"", ""The Lego Batman Movie""]","[8, 15]",2
2hop__60686_229757,Who is the spouse of the actress that plays leslie knope on parks and recreation?,Will Arnett,[],1,"musique_2hop__60686_229757_7,musique_2hop__60686_229757_19","[""Pamela Reed"", ""On Broadway (film)""]","[7, 19]",2
2hop__55032_786853,Who is the spouse of the actor who voices Batman in the Lego Batman movie?,Amy Poehler,[],1,"musique_2hop__55032_786853_0,musique_2hop__55032_786853_2","[""On Broadway (film)"", ""The Lego Batman Movie""]","[0, 2]",2
2hop__67660_158861,What actor had the role of the narrator of How I Met Your Mother?,Josh Radnor,[],1,"musique_2hop__67660_158861_16,musique_2hop__67660_158861_17","[""How I Met Your Mother"", ""How I Met Your Mother""]","[16, 17]",2
2hop__63483_786853,Who is the spouse of the person who plays Batman in the Lego Batman Movie?,Amy Poehler,[],1,"musique_2hop__63483_786853_7,musique_2hop__63483_786853_8","[""The Lego Batman Movie"", ""On Broadway (film)""]","[7, 8]",2
2hop__67660_81007,Who does the narrator on How I Met Your Mother end up with?,Tracy McConnell,"[""The Mother (How I Met Your Mother)"", ""The Mother""]",1,"musique_2hop__67660_81007_2,musique_2hop__67660_81007_16","[""The Mother (How I Met Your Mother)"", ""How I Met Your Mother""]","[2, 16]",2
2hop__825727_584042,What league includes the sports team that has Maycon Carvalho Inez?,K-League,[],1,"musique_2hop__825727_584042_13,musique_2hop__825727_584042_15","[""Bae Hae-min"", ""Maycon Carvalho Inez""]","[13, 15]",2
2hop__91667_67223,Who married the person telling the story in how i met your mother?,Tracy Mosby,[],1,"musique_2hop__91667_67223_0,musique_2hop__91667_67223_11","[""The Mother (How I Met Your Mother)"", ""How I Met Your Mother""]","[0, 11]",2
2hop__91667_81007,Who does the person telling the story in How I Met Your Mother end up with?,Tracy McConnell,"[""The Mother (How I Met Your Mother)"", ""The Mother""]",1,"musique_2hop__91667_81007_3,musique_2hop__91667_81007_8","[""The Mother (How I Met Your Mother)"", ""How I Met Your Mother""]","[3, 8]",2
2hop__245835_762148,Who is part of the group performing Ask the Fish?,Vince Herman,[],1,"musique_2hop__245835_762148_10,musique_2hop__245835_762148_19","[""Vince Herman"", ""Ask the Fish""]","[10, 19]",2
2hop__67660_67223,Who married the narrator of How I Met Your Mother?,Tracy Mosby,[],1,"musique_2hop__67660_67223_1,musique_2hop__67660_67223_8","[""How I Met Your Mother"", ""The Mother (How I Met Your Mother)""]","[1, 8]",2
2hop__152052_141308,What company is the label responsible for Don't Let Me Wait Too Long a part of?,Apple Corps,[],1,"musique_2hop__152052_141308_1,musique_2hop__152052_141308_10","[""Don't Let Me Wait Too Long"", ""Apple Records""]","[1, 10]",2
2hop__151705_141308,What company is I Dig Love's record label a part of?,Apple Corps,[],1,"musique_2hop__151705_141308_10,musique_2hop__151705_141308_17","[""I Dig Love"", ""Apple Records""]","[10, 17]",2
2hop__501624_181960,Where did the painter of The Mud Bath study?,Slade School of Art,"[""The Slade""]",1,"musique_2hop__501624_181960_7,musique_2hop__501624_181960_10","[""David Bomberg"", ""The Mud Bath""]","[7, 10]",2
2hop__152700_141308,"What company is the record label for Oh Woman, Oh Why a part of?",Apple Corps,[],1,"musique_2hop__152700_141308_12,musique_2hop__152700_141308_13","[""Oh Woman, Oh Why"", ""Apple Records""]","[12, 13]",2
2hop__596188_297986,What administrative territorial entity contains the place where Mycenae House is located?,Royal Borough of Greenwich,"[""Greenwich""]",1,"musique_2hop__596188_297986_16,musique_2hop__596188_297986_18","[""Maze Hill"", ""Mycenae House""]","[16, 18]",2
2hop__151750_141308,What company is the record label of Magic Christian Music part of?,Apple Corps,[],1,"musique_2hop__151750_141308_7,musique_2hop__151750_141308_14","[""Apple Records"", ""Magic Christian Music""]","[7, 14]",2
2hop__152027_141308,What is the parent company of the record label releasing Cold Turkey?,Apple Corps,[],1,"musique_2hop__152027_141308_1,musique_2hop__152027_141308_13","[""Cold Turkey"", ""Apple Records""]","[1, 13]",2
2hop__157498_127908,What league does the team that uses Dick's Sporting Goods Park play for?,Major League Soccer,"[""MLS""]",1,"musique_2hop__157498_127908_7,musique_2hop__157498_127908_15","[""Dick's Sporting Goods Park"", ""Colorado Rapids""]","[7, 15]",2
2hop__179149_396277,What other notable work did the creator of Shrek make?,Doctor De Soto,[],1,"musique_2hop__179149_396277_0,musique_2hop__179149_396277_15","[""Doctor De Soto"", ""Shrek (character)""]","[0, 15]",2
2hop__448615_127908,What league was the team that Jose Cancela was a member of in?,Major League Soccer,"[""MLS""]",1,"musique_2hop__448615_127908_0,musique_2hop__448615_127908_10","[""Jos\u00e9 Cancela"", ""Colorado Rapids""]","[0, 10]",2
2hop__423874_128023,In which league was Ilsinho's team?,Major League Soccer,"[""MLS""]",1,"musique_2hop__423874_128023_12,musique_2hop__423874_128023_17","[""Ilsinho"", ""Philadelphia Union""]","[12, 17]",2
2hop__108158_83769,"Who was played by the creator of Push, Nevada in Dazed and Confused?",Fred O'Bannion,[],1,"musique_2hop__108158_83769_8,musique_2hop__108158_83769_9","[""Push, Nevada"", ""Dazed and Confused (film)""]","[8, 9]",2
2hop__72118_83769,Who did the person portraying Batman in the Justice League movie play in Dazed and Confused?,Fred O'Bannion,[],1,"musique_2hop__72118_83769_0,musique_2hop__72118_83769_13","[""Dazed and Confused (film)"", ""Justice League (film)""]","[0, 13]",2
2hop__72686_83769,Who did the actor who played Batman in the new Justice League play in Dazed and Confused?,Fred O'Bannion,[],1,"musique_2hop__72686_83769_0,musique_2hop__72686_83769_11","[""Dazed and Confused (film)"", ""Justice League (film)""]","[0, 11]",2
2hop__424908_500483,"What shares a border with the administrative district where Bieliny, Świętokrzyskie Voivodeship is the capital?",Gmina Daleszyce,[],1,"musique_2hop__424908_500483_7,musique_2hop__424908_500483_11","[""Cis\u00f3w-Or\u0142owiny Landscape Park"", ""Bieliny, \u015awi\u0119tokrzyskie Voivodeship""]","[7, 11]",2
2hop__646573_83769,"Who did the creator of Push, Nevada play in Dazed and Confused?",Fred O'Bannion,[],1,"musique_2hop__646573_83769_4,musique_2hop__646573_83769_8","[""Dazed and Confused (film)"", ""Push, Nevada""]","[4, 8]",2
2hop__169443_83769,Who did the screenwriter for Good Will Hunting play in Dazed and Confused?,Fred O'Bannion,[],1,"musique_2hop__169443_83769_6,musique_2hop__169443_83769_17","[""List of awards and nominations received by Matt Damon"", ""Dazed and Confused (film)""]","[6, 17]",2
2hop__394720_120259,When was the kingdom that Heptarchy was part of abolished?,918,[],1,"musique_2hop__394720_120259_17,musique_2hop__394720_120259_19","[""Mercian Supremacy"", ""Mercia""]","[17, 19]",2
2hop__88953_64006,How much did the Black Death reduce the population of the region offered aid by the marshall plan?,30% to 65%,[],1,"musique_2hop__88953_64006_3,musique_2hop__88953_64006_10","[""Marshall Plan"", ""Consequences of the Black Death""]","[3, 10]",2
2hop__315072_120259,When was the country Merewalh was a citizen of abolished?,918,[],1,"musique_2hop__315072_120259_8,musique_2hop__315072_120259_12","[""Mildgyth"", ""Mercia""]","[8, 12]",2
2hop__511454_120259,When was Lady Godiva's birthplace abolished?,918,[],1,"musique_2hop__511454_120259_4,musique_2hop__511454_120259_5","[""Mercia"", ""Spalding Priory""]","[4, 5]",2
2hop__603365_120259,When was a participant in the Battle of Maserfield abolished?,918,[],1,"musique_2hop__603365_120259_2,musique_2hop__603365_120259_14","[""Mercia"", ""Battle of Maserfield""]","[2, 14]",2
2hop__5190_64006,By approximately what percentage did the Black Death reduce the population of the region that the Soviet Union feared invasion from?,30% to 65%,[],1,"musique_2hop__5190_64006_4,musique_2hop__5190_64006_16","[""Consequences of the Black Death"", ""Warsaw Pact""]","[4, 16]",2
2hop__107185_64006,As a result of the black death it is estimated that the population of the country for Bâton à feu was reduced by how much?,30% to 65%,[],1,"musique_2hop__107185_64006_8,musique_2hop__107185_64006_9","[""B\u00e2ton \u00e0 feu"", ""Consequences of the Black Death""]","[8, 9]",2
2hop__418941_429437,What is the mouth of the river which serves as the mouth of the Bumping River?,Yakima River,[],1,"musique_2hop__418941_429437_1,musique_2hop__418941_429437_12","[""Bumping River"", ""Naches River""]","[1, 12]",2
2hop__62951_64006,"As a result of the Black Death, how much was the population reduced in the place that the US helped with the Marshall Plan?",30% to 65%,[],1,"musique_2hop__62951_64006_6,musique_2hop__62951_64006_12","[""Consequences of the Black Death"", ""Marshall Plan""]","[6, 12]",2
2hop__575188_342798,Who is the child of Mahmoud Mirza's father?,Ahmad Shah Qajar,[],1,"musique_2hop__575188_342798_7,musique_2hop__575188_342798_8","[""Amanollah Khan Zia' os-Soltan"", ""Mahmoud Mirza""]","[7, 8]",2
2hop__691455_64006,By how much of the population of the region where Baton a feu originated reduced by the black death?,30% to 65%,[],1,"musique_2hop__691455_64006_14,musique_2hop__691455_64006_18","[""Consequences of the Black Death"", ""B\u00e2ton \u00e0 feu""]","[14, 18]",2
2hop__64372_83289,Who is the guy in the One Last Time music video by the singer of a new version of Somewhere Over the Rainbow?,Matt Bennett,[],1,"musique_2hop__64372_83289_5,musique_2hop__64372_83289_6","[""Over the Rainbow"", ""One Last Time (Ariana Grande song)""]","[5, 6]",2
2hop__88406_83289,"Who stars alongside the songwriter of ""No Tears Left to Cry"" in the music video for ""one last time""?",Matt Bennett,[],1,"musique_2hop__88406_83289_12,musique_2hop__88406_83289_16","[""No Tears Left to Cry"", ""One Last Time (Ariana Grande song)""]","[12, 16]",2
2hop__194469_83289,Who is the guy in the One Last Time video by the participant in The Listening Sessions?,Matt Bennett,[],1,"musique_2hop__194469_83289_7,musique_2hop__194469_83289_19","[""The Listening Sessions"", ""One Last Time (Ariana Grande song)""]","[7, 19]",2
2hop__586343_83289,Who is the guy in the video of the performer of One Last Time?,Matt Bennett,[],1,"musique_2hop__586343_83289_3,musique_2hop__586343_83289_4","[""One Last Time (Ariana Grande song)"", ""One Last Time (Ariana Grande song)""]","[3, 4]",2
2hop__91626_96912,Who gives out the prize named after the author of The Wealth of Nations?,University of Cambridge,"[""Cambridge""]",1,"musique_2hop__91626_96912_7,musique_2hop__91626_96912_13","[""Adam Smith Prize"", ""The Wealth of Nations""]","[7, 13]",2
2hop__179322_83289,"Who stars in the video ""One Last Time"" by the performer of Baby I?",Matt Bennett,[],1,"musique_2hop__179322_83289_14,musique_2hop__179322_83289_18","[""One Last Time (Ariana Grande song)"", ""Baby I""]","[14, 18]",2
2hop__20536_96912,Who gives out the award named after the person who argued that colonies were redundant?,University of Cambridge,"[""Cambridge""]",1,"musique_2hop__20536_96912_3,musique_2hop__20536_96912_8","[""British Empire"", ""Adam Smith Prize""]","[3, 8]",2
2hop__865828_377862,Which city is in the same county as Gmina Jordanow?,Sucha Beskidzka,"[""Gmina Jordan\u00f3w"", ""Jordan\u00f3w"", ""Gmina Bystra-Sidzina""]",1,"musique_2hop__865828_377862_9,musique_2hop__865828_377862_11","[""Gmina Jordan\u00f3w"", ""Sucha County""]","[9, 11]",2
2hop__749997_96912,Who gives out the prize named after the author of Lectures on Jurisprudence?,University of Cambridge,"[""Cambridge""]",1,"musique_2hop__749997_96912_3,musique_2hop__749997_96912_12","[""Lectures on Jurisprudence"", ""Adam Smith Prize""]","[3, 12]",2
2hop__690412_526810,For what river does the river on which Pa Sak Jolasid Dam is located serve as the mouth?,Chao Phraya River,[],1,"musique_2hop__690412_526810_4,musique_2hop__690412_526810_7","[""Pa Sak Jolasid Dam"", ""List of tributaries of the Chao Phraya River""]","[4, 7]",2
2hop__194532_57594,What gun does the director of Pollock use in Westworld?,LeMat revolver,"[""LeMat Revolver""]",1,"musique_2hop__194532_57594_11,musique_2hop__194532_57594_16","[""Pollock (film)"", ""LeMat Revolver""]","[11, 16]",2
2hop__557496_57594,What gun does Amy Madigan's spouse used in westworld?,LeMat revolver,"[""LeMat Revolver""]",1,"musique_2hop__557496_57594_14,musique_2hop__557496_57594_15","[""LeMat Revolver"", ""Riders of the Purple Sage (1996 film)""]","[14, 15]",2
2hop__273020_57594,What gun was used by Pollack's director in Westworld?,LeMat revolver,"[""LeMat Revolver""]",1,"musique_2hop__273020_57594_4,musique_2hop__273020_57594_18","[""Pollock (film)"", ""LeMat Revolver""]","[4, 18]",2
2hop__362912_97805,Which was did the operator of the Jurmo class landing craft serve in?,Winter War,[],1,"musique_2hop__362912_97805_0,musique_2hop__362912_97805_2","[""Finnish Navy"", ""Jurmo-class landing craft""]","[0, 2]",2
2hop__286268_97805,Which war did the operator of the R class patrol boat serve in?,Winter War,[],1,"musique_2hop__286268_97805_7,musique_2hop__286268_97805_9","[""Finnish Navy"", ""R-class patrol boat""]","[7, 9]",2
2hop__367336_97805,Which war did the operator of the Finnish coastal defence ship Ilmarinen serve in?,Winter War,[],1,"musique_2hop__367336_97805_9,musique_2hop__367336_97805_12","[""Finnish Navy"", ""Finnish coastal defence ship Ilmarinen""]","[9, 12]",2
2hop__83257_19033,Where did the inventor of the Money in the Bank ladder match win in 2008?,Great American Bash,"[""The Great American Bash""]",1,"musique_2hop__83257_19033_0,musique_2hop__83257_19033_14","[""Money in the Bank ladder match"", ""Professional wrestling""]","[0, 14]",2
2hop__421324_97805,Which war did the operator of Finnish coastal defence ship Väinämöinen serve in?,Winter War,[],1,"musique_2hop__421324_97805_2,musique_2hop__421324_97805_3","[""Finnish Navy"", ""Finnish coastal defence ship V\u00e4in\u00e4m\u00f6inen""]","[2, 3]",2
2hop__472486_97805,Which war did the operator of the Fabian Wrede-class training ship serve in?,Winter War,[],1,"musique_2hop__472486_97805_2,musique_2hop__472486_97805_9","[""Finnish Navy"", ""Fabian Wrede-class training ship""]","[2, 9]",2
2hop__91021_19033,Where did the wrestler who has held the intercontinental championship the most times win in 2008?,Great American Bash,"[""The Great American Bash""]",1,"musique_2hop__91021_19033_7,musique_2hop__91021_19033_17","[""Professional wrestling"", ""List of WWE Intercontinental Champions""]","[7, 17]",2
2hop__80637_19033,Where did the wrestler who created the Money in the Bank Ladder Match win in 2008?,Great American Bash,"[""The Great American Bash""]",1,"musique_2hop__80637_19033_10,musique_2hop__80637_19033_14","[""Money in the Bank ladder match"", ""Professional wrestling""]","[10, 14]",2
2hop__424294_19033,Where did the author of A Lion's Tale: Around the World in Spandex win in 2008?,Great American Bash,"[""The Great American Bash""]",1,"musique_2hop__424294_19033_6,musique_2hop__424294_19033_17","[""Professional wrestling"", ""A Lion's Tale""]","[6, 17]",2
2hop__55463_19033,Where did the wrestler who has won the most intercontinental championships win in 2008?,Great American Bash,"[""The Great American Bash""]",1,"musique_2hop__55463_19033_12,musique_2hop__55463_19033_19","[""List of WWE Intercontinental Champions"", ""Professional wrestling""]","[12, 19]",2
2hop__363214_590899,The city that Psycho Donuts is located in is in which county?,Santa Clara County,"[""Santa Clara County, California""]",1,"musique_2hop__363214_590899_6,musique_2hop__363214_590899_15","[""Psycho Donuts"", ""Campbell, California""]","[6, 15]",2
2hop__157251_556157,What river does the system containing Umchabezi River serve as the mouth of?,Limpopo River,"[""Limpopo""]",1,"musique_2hop__157251_556157_1,musique_2hop__157251_556157_3","[""Umchabezi River"", ""Mzingwane River""]","[1, 3]",2
2hop__157339_156796,Into what river does the river that Thuli River turns into flow?,Limpopo River,"[""Limpopo""]",1,"musique_2hop__157339_156796_0,musique_2hop__157339_156796_1","[""Shashe River"", ""Thuli River""]","[0, 1]",2
2hop__157285_556157,What river is the mouth of the watercourse that turns into the Mtetengwe?,Limpopo River,"[""Limpopo""]",1,"musique_2hop__157285_556157_13,musique_2hop__157285_556157_18","[""Mzingwane River"", ""Mtetengwe River""]","[13, 18]",2
2hop__70338_160040,Who is the guy defending this stuff from the book from which by the skin of your teeth originated?,Josh McDowell,[],1,"musique_2hop__70338_160040_1,musique_2hop__70338_160040_18","[""Skin of my teeth"", ""Criticism of Christianity""]","[1, 18]",2
2hop__70338_36240,"What specific part of the book where the quote ""by the skin of your teeth"" comes from document reference for Mary?",Genesis 3:15,[],1,"musique_2hop__70338_36240_7,musique_2hop__70338_36240_12","[""Skin of my teeth"", ""Immaculate Conception""]","[7, 12]",2
2hop__859431_18803,"In April 2010, what did the company owned by MV Macoma announce it was in the process of doing?",trying to find a potential buyer for all of its operations in Finland,"[""FIN"", ""fi"", ""Finland""]",1,"musique_2hop__859431_18803_7,musique_2hop__859431_18803_12","[""Royal Dutch Shell"", ""MV Macoma""]","[7, 12]",2
2hop__359312_18803,MV Miralda's owner announced it was in the process of doing what in April 2010?,trying to find a potential buyer for all of its operations in Finland,"[""FIN"", ""fi"", ""Finland""]",1,"musique_2hop__359312_18803_2,musique_2hop__359312_18803_16","[""MV Miralda"", ""Royal Dutch Shell""]","[2, 16]",2
2hop__796221_18803,What did MV Rapana's owner announce it was the process of doing in April 2010?,trying to find a potential buyer for all of its operations in Finland,"[""FIN"", ""fi"", ""Finland""]",1,"musique_2hop__796221_18803_8,musique_2hop__796221_18803_14","[""MV Rapana"", ""Royal Dutch Shell""]","[8, 14]",2
2hop__242938_18803,What did M. King Hubbert's employer announce it was in the process of doing in April 2010?,trying to find a potential buyer for all of its operations in Finland,"[""FIN"", ""fi"", ""Finland""]",1,"musique_2hop__242938_18803_10,musique_2hop__242938_18803_19","[""M. King Hubbert"", ""Royal Dutch Shell""]","[10, 19]",2
2hop__695432_18803,The operator of Brent field announced it was in the process of doing what in April 2010?,trying to find a potential buyer for all of its operations in Finland,"[""FIN"", ""fi"", ""Finland""]",1,"musique_2hop__695432_18803_1,musique_2hop__695432_18803_17","[""Brent Spar"", ""Royal Dutch Shell""]","[1, 17]",2
2hop__442516_595885,Which country has a body of water that was inspiration for the name of the Mara Region?,Tanzania,[],1,"musique_2hop__442516_595885_9,musique_2hop__442516_595885_14","[""Kirumi Bridge"", ""Mara Triangle""]","[9, 14]",2
2hop__307719_121900,What college did the 2011 Australian Open - Men's Doubles winner go to?,Stanford University,"[""Stanford""]",1,"musique_2hop__307719_121900_5,musique_2hop__307719_121900_15","[""2011 Australian Open \u2013 Men's Doubles"", ""Mike Bryan""]","[5, 15]",2
2hop__68158_189357,Where was the first female supreme court justice educated?,Stanford University,"[""Stanford""]",1,"musique_2hop__68158_189357_4,musique_2hop__68158_189357_18","[""Harry Rathbun"", ""Sandra Day O'Connor""]","[4, 18]",2
2hop__77878_189357,Where was the first woman appointed to the Supreme Court educated?,Stanford University,"[""Stanford""]",1,"musique_2hop__77878_189357_6,musique_2hop__77878_189357_13","[""Sandra Day O'Connor"", ""Harry Rathbun""]","[6, 13]",2
2hop__142699_67465,When did the rapper on On and On and Beyond release Best day Ever?,"March 11, 2011",[],1,"musique_2hop__142699_67465_11,musique_2hop__142699_67465_15","[""Best Day Ever (mixtape)"", ""On and On and Beyond""]","[11, 15]",2
2hop__215898_67465,"When did the performer of I Love Life, Thank You release Best Day Ever?","March 11, 2011",[],1,"musique_2hop__215898_67465_9,musique_2hop__215898_67465_10","[""I Love Life, Thank You"", ""Best Day Ever (mixtape)""]","[9, 10]",2
2hop__567588_67465,When did the performer of Goosebumpz release best day ever?,"March 11, 2011",[],1,"musique_2hop__567588_67465_8,musique_2hop__567588_67465_18","[""Best Day Ever (mixtape)"", ""Goosebumpz""]","[8, 18]",2
2hop__518354_67465,When did the performer of Blue Slide Park release Best Day Ever?,"March 11, 2011",[],1,"musique_2hop__518354_67465_5,musique_2hop__518354_67465_7","[""Blue Slide Park"", ""Best Day Ever (mixtape)""]","[5, 7]",2
2hop__536283_67465,When did the performer of Watching Movies release Best Day Ever?,"March 11, 2011",[],1,"musique_2hop__536283_67465_4,musique_2hop__536283_67465_13","[""Watching Movies"", ""Best Day Ever (mixtape)""]","[4, 13]",2
2hop__6744_6731,What two dialects are included in the other pattern other vowels follow?,Northwestern Catalan and Valencian,[],1,"musique_2hop__6744_6731_1,musique_2hop__6744_6731_14","[""Catalan language"", ""Catalan language""]","[1, 14]",2
2hop__6745_6731,What two dialects does the /u/ remaining distinct in this form of Catalan include?,Northwestern Catalan and Valencian,[],1,"musique_2hop__6745_6731_11,musique_2hop__6745_6731_13","[""Catalan language"", ""Catalan language""]","[11, 13]",2
2hop__83489_747874,Who is the brother of the player who has won the most bbc sports personality of the year awards?,Jamie Murray,[],1,"musique_2hop__83489_747874_2,musique_2hop__83489_747874_18","[""2011 Valencia Open 500 \u2013 Doubles"", ""BBC Sports Personality of the Year Award""]","[2, 18]",2
2hop__83800_747874,Who's the sibling of the player who won the men's wimbledon championship 2016?,Jamie Murray,[],1,"musique_2hop__83800_747874_8,musique_2hop__83800_747874_16","[""2011 Valencia Open 500 \u2013 Doubles"", ""2016 Wimbledon Championships""]","[8, 16]",2
2hop__16632_110014,What year was the person who described the use of bitumen and pitch to tar ships born?,1517,[],1,"musique_2hop__16632_110014_10,musique_2hop__16632_110014_14","[""Asphalt"", ""Pierre Belon""]","[10, 14]",2
2hop__44259_747874,Who is the sibling of the player who won the 2012 U.S. Open Men's Singles final?,Jamie Murray,[],1,"musique_2hop__44259_747874_11,musique_2hop__44259_747874_19","[""2012 US Open \u2013 Men's singles final"", ""2011 Valencia Open 500 \u2013 Doubles""]","[11, 19]",2
2hop__35989_623159,In what oblast is the oldest city in the northeast located?,Yaroslavl Oblast,[],1,"musique_2hop__35989_623159_12,musique_2hop__35989_623159_14","[""Kievan Rus'"", ""Rostov""]","[12, 14]",2
2hop__144784_623159,The city where Dmitry Borisovich was born is located where in Russia?,Yaroslavl Oblast,[],1,"musique_2hop__144784_623159_14,musique_2hop__144784_623159_16","[""Dmitry Borisovich"", ""Rostov""]","[14, 16]",2
2hop__147260_623159,What territorial entity does the town where John the Hairy lived belong to?,Yaroslavl Oblast,[],1,"musique_2hop__147260_623159_1,musique_2hop__147260_623159_5","[""John the Hairy"", ""Rostov""]","[1, 5]",2
2hop__156702_51769,What is the life expectancy of the type of retriever named after the body of water the Patuxent River turns into?,average lifespan at 9.4 years,[],1,"musique_2hop__156702_51769_5,musique_2hop__156702_51769_19","[""Patuxent River"", ""Chesapeake Bay Retriever""]","[5, 19]",2
2hop__590631_110882,What is the date of birth for the performer of Unbreakable?,1 January 1986,[],1,"musique_2hop__590631_110882_11,musique_2hop__590631_110882_15","[""Unbreakable (James Cottriall song)"", ""James Cottriall""]","[11, 15]",2
2hop__677160_110882,When was the performer of So Nice born?,1 January 1986,[],1,"musique_2hop__677160_110882_4,musique_2hop__677160_110882_12","[""So Nice (James Cottriall song)"", ""James Cottriall""]","[4, 12]",2
2hop__109242_113442,On what date did the creator of The Blind Girl die?,13 August 1896,[],1,"musique_2hop__109242_113442_12,musique_2hop__109242_113442_18","[""John Everett Millais"", ""The Blind Girl""]","[12, 18]",2
2hop__388467_110882,What is the birth date of the By Your Side performer?,1 January 1986,[],1,"musique_2hop__388467_110882_0,musique_2hop__388467_110882_7","[""James Cottriall"", ""By Your Side (James Cottriall song)""]","[0, 7]",2
2hop__253612_110882,What is the date of birth of the performer of Stand Up?,1 January 1986,[],1,"musique_2hop__253612_110882_6,musique_2hop__253612_110882_7","[""Stand Up (James Cottriall song)"", ""James Cottriall""]","[6, 7]",2
2hop__814856_110882,What is the Smile performer's birthday?,1 January 1986,[],1,"musique_2hop__814856_110882_4,musique_2hop__814856_110882_6","[""James Cottriall"", ""Smile (James Cottriall song)""]","[4, 6]",2
2hop__540035_113442,What date did the creator of The Blind Girl Die?,13 August 1896,[],1,"musique_2hop__540035_113442_8,musique_2hop__540035_113442_19","[""John Everett Millais"", ""The Blind Girl""]","[8, 19]",2
2hop__13548_13529,When was the person who Messi's goals in Copa del Rey compared to get signed by Barcelona?,June 1982,[],1,"musique_2hop__13548_13529_1,musique_2hop__13548_13529_2","[""FC Barcelona"", ""FC Barcelona""]","[1, 2]",2
2hop__794999_113442,When did the creator of Christ in the House of His Parents die?,13 August 1896,[],1,"musique_2hop__794999_113442_4,musique_2hop__794999_113442_9","[""John Everett Millais"", ""Christ in the House of His Parents""]","[4, 9]",2
2hop__818692_113442,What date did the creator of Autumn Leaves die?,13 August 1896,[],1,"musique_2hop__818692_113442_12,musique_2hop__818692_113442_19","[""John Everett Millais"", ""Autumn Leaves (painting)""]","[12, 19]",2
2hop__272714_113442,On what date did the creator of Peace Concluded die?,13 August 1896,[],1,"musique_2hop__272714_113442_8,musique_2hop__272714_113442_9","[""Peace Concluded"", ""John Everett Millais""]","[8, 9]",2
2hop__530579_13529,When was the father of Diego Sinagra signed by Barcelona?,June 1982,[],1,"musique_2hop__530579_13529_2,musique_2hop__530579_13529_18","[""FC Barcelona"", ""Diego Sinagra""]","[2, 18]",2
2hop__3739_13529,When was the football star who backed out due to relay controversy signed by Barcelona?,June 1982,[],1,"musique_2hop__3739_13529_4,musique_2hop__3739_13529_16","[""2008 Summer Olympics torch relay"", ""FC Barcelona""]","[4, 16]",2
2hop__3737_13529,When was the footballer who decided not to be a torchbearer because of the controversy signed by Barcelona?,June 1982,[],1,"musique_2hop__3737_13529_8,musique_2hop__3737_13529_12","[""2008 Summer Olympics torch relay"", ""FC Barcelona""]","[8, 12]",2
2hop__136179_13529,When was the player that Iglesia Maradoniana is named after signed by Barcelona?,June 1982,[],1,"musique_2hop__136179_13529_4,musique_2hop__136179_13529_9","[""FC Barcelona"", ""Iglesia Maradoniana""]","[4, 9]",2
2hop__75169_92673,Where is the starting meridian for the longitude system on the world map?,latitude 90 ° North,[],1,"musique_2hop__75169_92673_11,musique_2hop__75169_92673_15","[""North Pole"", ""Prime meridian""]","[11, 15]",2
2hop__53937_92673,Where is the place where Rudolph the red-nosed reindeer lives on the world map?,latitude 90 ° North,[],1,"musique_2hop__53937_92673_3,musique_2hop__53937_92673_5","[""Rudolph the Red-Nosed Reindeer"", ""North Pole""]","[3, 5]",2
2hop__827940_277334,Which child of the author of One More Time helped adapt it into a play?,Carrie Hamilton,[],1,"musique_2hop__827940_277334_4,musique_2hop__827940_277334_10","[""One More Time (book)"", ""Hollywood Arms""]","[4, 10]",2
2hop__161273_92673,Where is the pole the balloon was supposed to pass over located on the world map?,latitude 90 ° North,[],1,"musique_2hop__161273_92673_12,musique_2hop__161273_92673_15","[""North Pole"", ""Andr\u00e9e's Arctic balloon expedition""]","[12, 15]",2
2hop__263728_705527,Who is the father of the father of Anwer Ali?,Ahmad Shah Bahadur,[],1,"musique_2hop__263728_705527_0,musique_2hop__263728_705527_18","[""Anwer Ali"", ""Qudsia Begum""]","[0, 18]",2
2hop__642686_7292,"Along with Kenny G and the performer of Hello Tomorrow, what artist was featured on Smooth Jazz Stations?",George Benson,[],1,"musique_2hop__642686_7292_8,musique_2hop__642686_7292_11","[""Adult contemporary music"", ""Hello Tomorrow (album)""]","[8, 11]",2
2hop__850984_7292,"Along with Kenny G and the performer of Off the Beaten Path, what artist was featured on smooth jazz stations?",George Benson,[],1,"musique_2hop__850984_7292_4,musique_2hop__850984_7292_19","[""Off the Beaten Path"", ""Adult contemporary music""]","[4, 19]",2
2hop__676045_7292,"Besides Kenny G and the artist behind A Smooth Jazz Christmas, who else had crossover hits played on smooth jazz stations?",George Benson,[],1,"musique_2hop__676045_7292_3,musique_2hop__676045_7292_17","[""A Smooth Jazz Christmas"", ""Adult contemporary music""]","[3, 17]",2
2hop__754826_7292,"Which artist was featured on smooth jazz stations, along with Kenny G and the performer of Saxophonic?",George Benson,[],1,"musique_2hop__754826_7292_4,musique_2hop__754826_7292_10","[""Adult contemporary music"", ""Saxophonic""]","[4, 10]",2
2hop__367318_7292,"What artist was featured on Smooth Jazz Stations, along with Kenny G and the performer of The Dance?",George Benson,[],1,"musique_2hop__367318_7292_6,musique_2hop__367318_7292_11","[""Adult contemporary music"", ""The Dance (Dave Koz album)""]","[6, 11]",2
2hop__43579_289940,What sports team is the person who had the most sacks in the NFL this season a member of?,New England Patriots,"[""Patriots"", ""The New England Patriots"", ""Arizona Cardinals""]",1,"musique_2hop__43579_289940_12,musique_2hop__43579_289940_17","[""Chandler Jones"", ""List of National Football League annual sacks leaders""]","[12, 17]",2
2hop__89657_289940,What team's player had the most league sacks?,New England Patriots,"[""Patriots"", ""The New England Patriots"", ""Arizona Cardinals""]",1,"musique_2hop__89657_289940_4,musique_2hop__89657_289940_18","[""List of National Football League annual sacks leaders"", ""Chandler Jones""]","[4, 18]",2
2hop__91713_289940,What team is the player who led the league in sacks in 2017 a member of?,New England Patriots,"[""Patriots"", ""The New England Patriots"", ""Arizona Cardinals""]",1,"musique_2hop__91713_289940_4,musique_2hop__91713_289940_6","[""List of National Football League annual sacks leaders"", ""Chandler Jones""]","[4, 6]",2
2hop__9238_9237,When did the first mosque in the place where Marshall Islands International Airport is located open?,September 2012,"[""2012""]",1,"musique_2hop__9238_9237_4,musique_2hop__9238_9237_17","[""Marshall Islands"", ""Marshall Islands""]","[4, 17]",2
2hop__88834_425488,Who is the mother of the person who plays Nim in Return to Nim's Island?,Terri Irwin,[],1,"musique_2hop__88834_425488_3,musique_2hop__88834_425488_15","[""Bindi the Jungle Girl"", ""Return to Nim's Island""]","[3, 15]",2
2hop__88834_356793,Who is the father of Nim's actress in Return to Nim's Island?,Steve Irwin,"[""The Crocodile Hunter""]",1,"musique_2hop__88834_356793_4,musique_2hop__88834_356793_13","[""Return to Nim's Island"", ""My Daddy, the Crocodile Hunter""]","[4, 13]",2
2hop__46065_417697,Mohamed Atta's car made by the car manufacturer owning the naming rights to titans stadium is a type of what?,Nissan Altima,"[""ALTIMA""]",1,"musique_2hop__46065_417697_6,musique_2hop__46065_417697_18","[""Mohamed Atta's Nissan"", ""Nissan Stadium""]","[6, 18]",2
2hop__9174_9237,When did the first mosque in the capital of the Marshall Islands open?,September 2012,"[""2012""]",1,"musique_2hop__9174_9237_10,musique_2hop__9174_9237_15","[""Marshall Islands"", ""Marshall Islands""]","[10, 15]",2
2hop__141365_417697,"What is Mohamed Atta's car, manufactured by the company that includes Datsun, an instance of?",Nissan Altima,"[""ALTIMA""]",1,"musique_2hop__141365_417697_12,musique_2hop__141365_417697_15","[""Mohamed Atta's Nissan"", ""Datsun""]","[12, 15]",2
2hop__132854_417697,Mohammed Atta has what kind of model of the company that makes Datsun Type 12?,Nissan Altima,"[""ALTIMA""]",1,"musique_2hop__132854_417697_6,musique_2hop__132854_417697_10","[""Mohamed Atta's Nissan"", ""Datsun Type 12""]","[6, 10]",2
2hop__132969_417697,What model of car was Mohammed Atta's vehicle that is from the company that makes Datsun Sports?,Nissan Altima,"[""ALTIMA""]",1,"musique_2hop__132969_417697_0,musique_2hop__132969_417697_11","[""Mohamed Atta's Nissan"", ""Datsun Sports""]","[0, 11]",2
2hop__133102_417697,What is the model of the vehicle of Mohammed Atta from the company that makes Datsun DC-3?,Nissan Altima,"[""ALTIMA""]",1,"musique_2hop__133102_417697_5,musique_2hop__133102_417697_16","[""Datsun DC-3"", ""Mohamed Atta's Nissan""]","[5, 16]",2
2hop__9223_9237,When did the first mosque open in the place where Tobolar Copra plant is located?,September 2012,"[""2012""]",1,"musique_2hop__9223_9237_17,musique_2hop__9223_9237_18","[""Marshall Islands"", ""Marshall Islands""]","[17, 18]",2
2hop__556426_9237,When did the first mosque open where Air Marshall Islands is headquartered?,September 2012,"[""2012""]",1,"musique_2hop__556426_9237_13,musique_2hop__556426_9237_19","[""Marshall Islands"", ""Air Marshall Islands""]","[13, 19]",2
2hop__326140_9237,When did the first mosque open where Federated States of Micronesia Maritime Boundary Treaty was signed?,September 2012,"[""2012""]",1,"musique_2hop__326140_9237_2,musique_2hop__326140_9237_14","[""Marshall Islands\u2013Federated States of Micronesia Maritime Boundary Treaty"", ""Marshall Islands""]","[2, 14]",2
2hop__781079_9237,When did the first mosque in the place where the Marshall Islands International Airport is located open?,September 2012,"[""2012""]",1,"musique_2hop__781079_9237_7,musique_2hop__781079_9237_8","[""Marshall Islands International Airport"", ""Marshall Islands""]","[7, 8]",2
2hop__6265_718451,What field of work did the person who first recognized that hydrogen was a discrete substance work in?,physic,"[""Physic""]",1,"musique_2hop__6265_718451_1,musique_2hop__6265_718451_5","[""Hydrogen"", ""Cavendish Professor of Physics""]","[1, 5]",2
2hop__38030_23241,"According to Pew, in 2010, what percent of Nigeria's population practiced the religion dominant in the countries surrounding Armenia?",48.8 percent,[],1,"musique_2hop__38030_23241_7,musique_2hop__38030_23241_19","[""Nigeria"", ""Armenians""]","[7, 19]",2
2hop__42464_718451,The field of work of the physicist making the first to measure value of the Newton Universal Gravitation Constant is what?,physic,"[""Physic""]",1,"musique_2hop__42464_718451_10,musique_2hop__42464_718451_11","[""Cavendish Professor of Physics"", ""Force""]","[10, 11]",2
2hop__29606_600504,What field of work was the person who discovered the mathematical relationship between peaks and curves of light at different temperatures in?,physic,"[""Physic""]",1,"musique_2hop__29606_600504_13,musique_2hop__29606_600504_14","[""Wien approximation"", ""Planck constant""]","[13, 14]",2
2hop__135963_486257,The scientist that the GHZ experiment is named for is in what field of work?,physic,"[""physics"", ""Physics"", ""Physic""]",1,"musique_2hop__135963_486257_3,musique_2hop__135963_486257_8","[""Anton Zeilinger"", ""GHZ experiment""]","[3, 8]",2
2hop__22930_23241,What percent of Nigerians in 2010 were the same religion as Avicenna?,48.8 percent,[],1,"musique_2hop__22930_23241_1,musique_2hop__22930_23241_11","[""Nigeria"", ""Avicenna""]","[1, 11]",2
2hop__160151_23241,"According to Pew, in 2010, what percent of Nigeria's population was the religion that Pickthall was buried in?",48.8 percent,[],1,"musique_2hop__160151_23241_14,musique_2hop__160151_23241_18","[""Nigeria"", ""Marmaduke Pickthall""]","[14, 18]",2
2hop__243084_523417,What is the anime that has Seta Sōjirō an instance of?,OVA,[],1,"musique_2hop__243084_523417_3,musique_2hop__243084_523417_16","[""Seta S\u014djir\u014d"", ""Rurouni Kenshin: Reflection""]","[3, 16]",2
2hop__31085_23241,"According to Pew, in 2010 what percent of Nigeria's population was the same religion as Ibn Tufail?",48.8 percent,[],1,"musique_2hop__31085_23241_4,musique_2hop__31085_23241_5","[""Nigeria"", ""Empiricism""]","[4, 5]",2
2hop__37353_23241,"According to Pew in 2010, what percent of Nigeria's population was the people who conquered the Eastern provinces of the Byzantine empire?",48.8 percent,[],1,"musique_2hop__37353_23241_0,musique_2hop__37353_23241_3","[""Nigeria"", ""Mosaic""]","[0, 3]",2
2hop__160292_23241,"According to Pew, in 2010, what percent of Nigeria's population practiced the religion of most of the workers?",48.8 percent,[],1,"musique_2hop__160292_23241_5,musique_2hop__160292_23241_15","[""Religion in Saudi Arabia"", ""Nigeria""]","[5, 15]",2
2hop__57209_67668,"The actor who plays Barney in ""How I Met Your Mother"" plays what character in Batman Under the Red Hood?",Nightwing / Dick Grayson,"[""Nightwing"", ""Dick Grayson"", ""Batman"", ""Robin""]",1,"musique_2hop__57209_67668_11,musique_2hop__57209_67668_12","[""Neil Patrick Harris"", ""Batman: Under the Red Hood""]","[11, 12]",2
2hop__49409_67668,What character does the actor who played Barney on How I Met Your Mother play in Batman Under the Red Hood?,Nightwing / Dick Grayson,"[""Nightwing"", ""Dick Grayson"", ""Batman"", ""Robin""]",1,"musique_2hop__49409_67668_5,musique_2hop__49409_67668_11","[""Batman: Under the Red Hood"", ""Neil Patrick Harris""]","[5, 11]",2
2hop__84971_67668,"The actor who plays Count Olaf in ""A Series of Unfortunate Events"" also plays which character in Batman Under the Red Hood?",Nightwing / Dick Grayson,"[""Nightwing"", ""Dick Grayson"", ""Batman""]",1,"musique_2hop__84971_67668_0,musique_2hop__84971_67668_9","[""A Series of Unfortunate Events (TV series)"", ""Batman: Under the Red Hood""]","[0, 9]",2
2hop__301011_820181,Which county is the birth place of Keith Sebelius located at?,Norton County,"[""Norton County, Kansas""]",1,"musique_2hop__301011_820181_4,musique_2hop__301011_820181_16","[""Norton, Kansas"", ""Keith Sebelius""]","[4, 16]",2
2hop__88632_67668,"In Batman Under the Red Hood, who does the actor of Barney Stinson from How I Met Your Mother play?",Nightwing / Dick Grayson,"[""Nightwing"", ""Dick Grayson"", ""Batman"", ""Robin""]",1,"musique_2hop__88632_67668_4,musique_2hop__88632_67668_15","[""Neil Patrick Harris"", ""Batman: Under the Red Hood""]","[4, 15]",2
2hop__142130_67668,Who does the Nothing Suits Me Like a Suit artist play in Batman Under the Red Hood?,Nightwing / Dick Grayson,"[""Nightwing"", ""Dick Grayson"", ""Batman"", ""Robin""]",1,"musique_2hop__142130_67668_4,musique_2hop__142130_67668_5","[""Batman: Under the Red Hood"", ""Nothing Suits Me Like a Suit""]","[4, 5]",2
2hop__82766_67668,The actor playing Barney in How I Met Your Mother played who in Batman Under The Red Hood?,Nightwing / Dick Grayson,"[""Nightwing"", ""Dick Grayson"", ""Batman"", ""Robin""]",1,"musique_2hop__82766_67668_4,musique_2hop__82766_67668_13","[""Batman: Under the Red Hood"", ""Neil Patrick Harris""]","[4, 13]",2
2hop__301587_233146,Who is the grandfather of James Mayer de Rothschild?,Amschel Moses Rothschild,[],1,"musique_2hop__301587_233146_10,musique_2hop__301587_233146_18","[""Rothschild banking family of France"", ""Amschel Moses Rothschild""]","[10, 18]",2
2hop__123145_66723,who was the first black student admitted to the university that Stewart Patridge attended?,James Howard Meredith,"[""James Meredith""]",1,"musique_2hop__123145_66723_2,musique_2hop__123145_66723_3","[""Stewart Patridge"", ""James Meredith""]","[2, 3]",2
2hop__463353_80420,Who was the first African American student to attend the school that owns Swayze Field?,James Howard Meredith,"[""James Meredith""]",1,"musique_2hop__463353_80420_16,musique_2hop__463353_80420_18","[""James Meredith"", ""Swayze Field""]","[16, 18]",2
2hop__123145_80420,Who was the first African American student to attend Stewart Patridge's university?,James Howard Meredith,"[""James Meredith""]",1,"musique_2hop__123145_80420_1,musique_2hop__123145_80420_13","[""James Meredith"", ""Stewart Patridge""]","[1, 13]",2
2hop__373544_66723,Who was the first black student admitted to where Robert Khayat was educated?,James Howard Meredith,"[""James Meredith""]",1,"musique_2hop__373544_66723_16,musique_2hop__373544_66723_18","[""James Meredith"", ""Robert Khayat""]","[16, 18]",2
2hop__96812_130869,The Small Cowper Madonna painting is displayed in what state?,"Washington, D.C.","[""Washington"", ""D.C.""]",1,"musique_2hop__96812_130869_5,musique_2hop__96812_130869_16","[""Small Cowper Madonna"", ""National Gallery of Art""]","[5, 16]",2
2hop__463353_66723,Who was the first black student admitted to the school that owns Swayze Field?,James Howard Meredith,"[""James Meredith""]",1,"musique_2hop__463353_66723_12,musique_2hop__463353_66723_14","[""Swayze Field"", ""James Meredith""]","[12, 14]",2
2hop__373544_80420,Who was the first African American student at the university Robert Khayat was educated at?,James Howard Meredith,"[""James Meredith""]",1,"musique_2hop__373544_80420_13,musique_2hop__373544_80420_16","[""James Meredith"", ""Robert Khayat""]","[13, 16]",2
2hop__47257_43786,Where is the base of the newspaper saying if you find yourself in a hole stop digging?,"Washington, D.C.","[""Washington"", ""D.C."", ""District of Columbia""]",1,"musique_2hop__47257_43786_0,musique_2hop__47257_43786_5","[""Law of holes"", ""The Washington Post""]","[0, 5]",2
2hop__92590_43786,Where is the newspaper that originated the term Baby Boomer based?,"Washington, D.C.","[""Washington"", ""D.C."", ""District of Columbia""]",1,"musique_2hop__92590_43786_12,musique_2hop__92590_43786_18","[""Baby boomers"", ""The Washington Post""]","[12, 18]",2
2hop__848156_130869,What state contains the place where Fatata te Miti is displayed?,"Washington, D.C.","[""Washington"", ""DC"", ""Washington, DC"", ""D.C.""]",1,"musique_2hop__848156_130869_1,musique_2hop__848156_130869_7","[""Fatata te Miti (By the Sea)"", ""National Gallery of Art""]","[1, 7]",2
2hop__128342_375952,In which county is the city of KABG located?,Santa Barbara County,"[""Santa Barbara County, California""]",1,"musique_2hop__128342_375952_15,musique_2hop__128342_375952_19","[""Los Alamos, California"", ""KABG""]","[15, 19]",2
2hop__128420_375952,What county is the city where KQBA is located?,Santa Barbara County,"[""Santa Barbara County, California""]",1,"musique_2hop__128420_375952_8,musique_2hop__128420_375952_11","[""Los Alamos, California"", ""KQBA""]","[8, 11]",2
2hop__59366_71206,"On The Drew Carey Show, who plays the character with the same name as the character who died in 47 Meters Down?",Christa Miller,[],1,"musique_2hop__59366_71206_2,musique_2hop__59366_71206_17","[""47 Meters Down"", ""The Drew Carey Show""]","[2, 17]",2
2hop__166484_798067,What is the administrative territorial entity of the administrative territorial entity Zuchang Gymnasium is located?,Quanzhou,"[""Fujian Province""]",1,"musique_2hop__166484_798067_7,musique_2hop__166484_798067_8","[""Jinjiang, Fujian"", ""Zuchang Gymnasium""]","[7, 8]",2
2hop__864101_135373,What is the body of water that St. Matthew Island located in named after?,Vitus Bering,[],1,"musique_2hop__864101_135373_4,musique_2hop__864101_135373_7","[""St. Matthew Island"", ""Bering Sea""]","[4, 7]",2
2hop__51113_84616,What did the actress whom mercer and mancini wrote the song moon river for win a tony for?,for Best Performance by a Leading Actress in a Play in Ondine,"[""leading role"", ""star"", ""leading actress"", ""lead""]",1,"musique_2hop__51113_84616_3,musique_2hop__51113_84616_10","[""List of awards and honours received by Audrey Hepburn"", ""Moon River""]","[3, 10]",2
2hop__428940_135373,After what is the body of water Partridge Lake is part of named?,Vitus Bering,[],1,"musique_2hop__428940_135373_0,musique_2hop__428940_135373_11","[""Bering Sea"", ""Partridge Lake (BC-Yukon)""]","[0, 11]",2
2hop__29873_679424,In which country is the province where Serbian and Croatian languages are both official?,SR Serbia,[],1,"musique_2hop__29873_679424_1,musique_2hop__29873_679424_5","[""Attila Juh\u00e1sz"", ""Serbo-Croatian""]","[1, 5]",2
2hop__82713_84616,What did the actress in My Fair Lady win a Tony for?,for Best Performance by a Leading Actress in a Play in Ondine,"[""leading role"", ""star"", ""leading actress"", ""lead""]",1,"musique_2hop__82713_84616_1,musique_2hop__82713_84616_12","[""My Fair Lady (film)"", ""List of awards and honours received by Audrey Hepburn""]","[1, 12]",2
2hop__9014_679424,The Socialist Autonomous Province of the city where there were mass executions of Danube Swabian population are located in where?,SR Serbia,[],1,"musique_2hop__9014_679424_3,musique_2hop__9014_679424_13","[""Josip Broz Tito"", ""Attila Juh\u00e1sz""]","[3, 13]",2
2hop__81379_84616,For what did the singer of the original version of Moon River win a Tony award?,for Best Performance by a Leading Actress in a Play in Ondine,"[""leading role"", ""star"", ""leading actress"", ""lead""]",1,"musique_2hop__81379_84616_0,musique_2hop__81379_84616_10","[""List of awards and honours received by Audrey Hepburn"", ""Moon River""]","[0, 10]",2
2hop__280451_84616,What did the spouse of Andrea Dotti win a Tony for?,for Best Performance by a Leading Actress in a Play in Ondine,"[""leading role"", ""lead"", ""leading actress""]",1,"musique_2hop__280451_84616_4,musique_2hop__280451_84616_19","[""List of awards and honours received by Audrey Hepburn"", ""Andrea Dotti (psychiatrist)""]","[4, 19]",2
2hop__62369_84616,"What did the singer of ""Moon River"" in the movie Breakfast at Tiffany win a Tony for?",for Best Performance by a Leading Actress in a Play in Ondine,"[""leading role"", ""star"", ""leading actress"", ""lead""]",1,"musique_2hop__62369_84616_12,musique_2hop__62369_84616_15","[""List of awards and honours received by Audrey Hepburn"", ""Moon River""]","[12, 15]",2
2hop__77263_84616,For what did the singer of Moon River in Breakfast at Tiffany's win a Tony?,for Best Performance by a Leading Actress in a Play in Ondine,"[""leading role"", ""star"", ""leading actress"", ""lead""]",1,"musique_2hop__77263_84616_12,musique_2hop__77263_84616_14","[""Moon River"", ""List of awards and honours received by Audrey Hepburn""]","[12, 14]",2
2hop__13353_85402,What is the capitol of the country where the Prunus spinosa leaves much sooner?,Brussels,[],1,"musique_2hop__13353_85402_1,musique_2hop__13353_85402_2","[""Biodiversity"", ""Belgium""]","[1, 2]",2
2hop__244193_461106,What movement does the creator of the Washington Monument belong to?,Greek Revival,[],1,"musique_2hop__244193_461106_3,musique_2hop__244193_461106_6","[""United States Customhouse (New Bedford, Massachusetts)"", ""Robert Mills (architect)""]","[3, 6]",2
2hop__2148_78851,Which professional sports team does not play their home games at the same location where the Amateur Boxing Golden Gloves event is held?,Brooklyn Nets NBA,"[""Brooklyn""]",1,"musique_2hop__2148_78851_13,musique_2hop__2148_78851_19","[""New York City"", ""Sports in the New York metropolitan area""]","[13, 19]",2
2hop__744371_78851,Which New York City team does not host NBA games at the site where Jimmy Carter was nominated for president?,Brooklyn Nets NBA,"[""Brooklyn""]",1,"musique_2hop__744371_78851_2,musique_2hop__744371_78851_7","[""Sports in the New York metropolitan area"", ""1976 Democratic National Convention""]","[2, 7]",2
2hop__7906_78851,Which professional sports team would you not see play a home game where Jim Foster came up with the idea for arena football?,Brooklyn Nets NBA,"[""Brooklyn""]",1,"musique_2hop__7906_78851_6,musique_2hop__7906_78851_9","[""Sports in the New York metropolitan area"", ""Arena Football League""]","[6, 9]",2
2hop__840174_78851,which professional sports team would you not see play a home game in the venue that held the 2004 Republican National Convention?,Brooklyn Nets NBA,"[""Brooklyn""]",1,"musique_2hop__840174_78851_10,musique_2hop__840174_78851_11","[""Sports in the New York metropolitan area"", ""2004 Republican National Convention""]","[10, 11]",2
2hop__2150_78851,Which professional sports team would you not see play a home game in where the Amateur Boxing Golden Gloves takes place?,Brooklyn Nets NBA,"[""Brooklyn""]",1,"musique_2hop__2150_78851_0,musique_2hop__2150_78851_3","[""Sports in the New York metropolitan area"", ""New York City""]","[0, 3]",2
2hop__161915_78851,which professional sports team would you not see play a home game in the arena where the last place Cream performed?,Brooklyn Nets NBA,"[""Brooklyn""]",1,"musique_2hop__161915_78851_16,musique_2hop__161915_78851_19","[""Eric Clapton"", ""Sports in the New York metropolitan area""]","[16, 19]",2
2hop__730788_72813,Who does the Girlfriend performer play in The Wire?,a Western District uniformed officer,[],1,"musique_2hop__730788_72813_9,musique_2hop__730788_72813_19","[""Girlfriend (Bobby Brown song)"", ""Police of The Wire""]","[9, 19]",2
2hop__808562_72813,Who does the performer of Don't Be Cruel play in the wire?,a Western District uniformed officer,[],1,"musique_2hop__808562_72813_5,musique_2hop__808562_72813_6","[""Police of The Wire"", ""Don't Be Cruel (Bobby Brown song)""]","[5, 6]",2
2hop__683203_72813,Who does the performer of Don't Be Cruel play in the wire?,a Western District uniformed officer,[],1,"musique_2hop__683203_72813_1,musique_2hop__683203_72813_7","[""Police of The Wire"", ""Don't Be Cruel (album)""]","[1, 7]",2
2hop__96414_159054,What was the story of the character from The Bourne Ultimatum based on?,the novel of the same name by Robert Ludlum,"[""Robert Ludlum""]",1,"musique_2hop__96414_159054_5,musique_2hop__96414_159054_17","[""The Bourne Ultimatum (film)"", ""The Bourne Ultimatum""]","[5, 17]",2
2hop__747306_72813,"In The Wire, who is played by the Go for Broke cast member?",a Western District uniformed officer,[],1,"musique_2hop__747306_72813_3,musique_2hop__747306_72813_7","[""Police of The Wire"", ""Go for Broke (2002 film)""]","[3, 7]",2
2hop__96411_159054,What was the story of the character from The Bourne Deception based on?,the novel of the same name by Robert Ludlum,"[""Robert Ludlum""]",1,"musique_2hop__96411_159054_3,musique_2hop__96411_159054_18","[""The Bourne Deception"", ""The Bourne Ultimatum (film)""]","[3, 18]",2
2hop__532383_768138,Who is the brother of the Nothin' My Love Can't Fix performer?,Matthew Lawrence,[],1,"musique_2hop__532383_768138_3,musique_2hop__532383_768138_10","[""Nothin' My Love Can't Fix"", ""Pulse (1988 film)""]","[3, 10]",2
2hop__96410_47902,Who is the actor who plays the title character in The Bourne Betrayal?,Matt Damon,[],1,"musique_2hop__96410_47902_13,musique_2hop__96410_47902_17","[""The Bourne Legacy (film)"", ""The Bourne Betrayal""]","[13, 17]",2
2hop__96414_47902,Who is the actor who plays the title character of The Bourne Ultimatum?,Matt Damon,[],1,"musique_2hop__96414_47902_6,musique_2hop__96414_47902_17","[""The Bourne Legacy (film)"", ""The Bourne Ultimatum""]","[6, 17]",2
2hop__96411_47902,Who plays the main character of The Bourne Deception?,Matt Damon,[],1,"musique_2hop__96411_47902_9,musique_2hop__96411_47902_12","[""The Bourne Deception"", ""The Bourne Legacy (film)""]","[9, 12]",2
2hop__96410_159054,What was the story that included the character from The Bourne Betrayal based on?,the novel of the same name by Robert Ludlum,"[""Robert Ludlum""]",1,"musique_2hop__96410_159054_4,musique_2hop__96410_159054_18","[""The Bourne Ultimatum (film)"", ""The Bourne Betrayal""]","[4, 18]",2
2hop__81825_49084,Who plays the character that took the sword out of the stone in once upon a time?,Liam Thomas Garrigan,"[""Liam Garrigan""]",1,"musique_2hop__81825_49084_0,musique_2hop__81825_49084_10","[""Liam Garrigan"", ""Excalibur""]","[0, 10]",2
2hop__10620_79092,"The volcano, named after the legendary King featured in Historia Regum Britanniae, last erupted when?",lava samples have been dated at 341 to 335 million years old,[],1,"musique_2hop__10620_79092_12,musique_2hop__10620_79092_18","[""Middle Ages"", ""Arthur's Seat""]","[12, 18]",2
2hop__10620_49084,Who plays the legendary figure featured in Historia Regum Britanniae in the show Once Upon a Time?,Liam Thomas Garrigan,"[""Liam Garrigan""]",1,"musique_2hop__10620_49084_2,musique_2hop__10620_49084_18","[""Middle Ages"", ""Liam Garrigan""]","[2, 18]",2
2hop__460091_405771,What taxa is Ommatidae part of?,Coleoptera,"[""beetles"", ""beetle"", ""Beetle""]",1,"musique_2hop__460091_405771_10,musique_2hop__460091_405771_19","[""Ommatidae"", ""Myxophaga""]","[10, 19]",2
2hop__14078_49084,Who plays the person with the same name as he who was caught by surprise in Once Upon a Time?,Liam Thomas Garrigan,"[""Liam Garrigan""]",1,"musique_2hop__14078_49084_6,musique_2hop__14078_49084_18","[""John, King of England"", ""Liam Garrigan""]","[6, 18]",2
2hop__820739_250752,Who is the sibling of the screenwriter of War of the Coprophages?,Glen Morgan,[],1,"musique_2hop__820739_250752_14,musique_2hop__820739_250752_16","[""War of the Coprophages"", ""Blood (The X-Files)""]","[14, 16]",2
2hop__2299_1783,Who was New York's mayor during the book's historical period?,Fiorello La Guardia,[],1,"musique_2hop__2299_1783_0,musique_2hop__2299_1783_19","[""To Kill a Mockingbird"", ""New York City""]","[0, 19]",2
2hop__58168_38663,What was the percentage that the Dow Jones fell when the US had the highest unemployment rate?,54.7%,[],1,"musique_2hop__58168_38663_1,musique_2hop__58168_38663_9","[""Tanzania"", ""Unemployment in the United States""]","[1, 9]",2
2hop__58168_1783,Who was the mayor of New York during the time when the US had its highest unemployment rate?,Fiorello La Guardia,[],1,"musique_2hop__58168_1783_6,musique_2hop__58168_1783_13","[""Unemployment in the United States"", ""New York City""]","[6, 13]",2
2hop__2299_38663,What percentage did the Dow Jones fall in the historical era where the book takes place?,54.7%,[],1,"musique_2hop__2299_38663_6,musique_2hop__2299_38663_18","[""Tanzania"", ""To Kill a Mockingbird""]","[6, 18]",2
2hop__158275_35739,When was one internet browser's version of Windows 8 made accessible?,September 2013,[],1,"musique_2hop__158275_35739_7,musique_2hop__158275_35739_19","[""Windows 8"", ""Selenium (software)""]","[7, 19]",2
2hop__612719_6455,What was the resulting browser of the group that owns Mozilla Messaging?,Firefox,"[""Firefox web browser"", ""Mozilla Firefox""]",1,"musique_2hop__612719_6455_1,musique_2hop__612719_6455_19","[""Mozilla Messaging"", ""Web browser""]","[1, 19]",2
2hop__141456_6455,What was the resulting browser for the company Mozilla Messaging is a part of?,Firefox,"[""Firefox web browser"", ""Mozilla Firefox""]",1,"musique_2hop__141456_6455_9,musique_2hop__141456_6455_14","[""Mozilla Messaging"", ""Web browser""]","[9, 14]",2
2hop__544760_35739,When was the version of the browser that GNU IceCat is based on made accessible on Windows 8?,September 2013,[],1,"musique_2hop__544760_35739_5,musique_2hop__544760_35739_10","[""Windows 8"", ""GNU IceCat""]","[5, 10]",2
2hop__486392_35739,When was the version of Windows 8 from the company that Iceweasel was based on made accessible?,September 2013,[],1,"musique_2hop__486392_35739_5,musique_2hop__486392_35739_10","[""Windows 8"", ""GNU IceCat""]","[5, 10]",2
2hop__816977_6455,The developer of Mozilla Sunbird created which browser?,Firefox,"[""Firefox web browser"", ""Mozilla Firefox""]",1,"musique_2hop__816977_6455_13,musique_2hop__816977_6455_15","[""Web browser"", ""Mozilla Sunbird""]","[13, 15]",2
2hop__829474_123956,On what date was the battle where Muhammad Shobran was born?,15 February 1942,[],1,"musique_2hop__829474_123956_6,musique_2hop__829474_123956_19","[""Muhammad Shobran"", ""Battle of Palembang""]","[6, 19]",2
2hop__765180_123956,When did the Battle at Choo Hoey's birthplace end?,15 February 1942,[],1,"musique_2hop__765180_123956_7,musique_2hop__765180_123956_14","[""Battle of Palembang"", ""Choo Hoey""]","[7, 14]",2
2hop__520033_123956,On what date did Battle of the birth place of Denny Januar Ali end?,15 February 1942,[],1,"musique_2hop__520033_123956_2,musique_2hop__520033_123956_17","[""Denny Januar Ali"", ""Battle of Palembang""]","[2, 17]",2
2hop__748615_123956,On what date did Battle of the birth place of Marzuki Alie end?,15 February 1942,[],1,"musique_2hop__748615_123956_5,musique_2hop__748615_123956_10","[""Battle of Palembang"", ""Marzuki Alie""]","[5, 10]",2
2hop__37656_160040,Who is the guy defending this stuff from the highest authority in Protestantism for morals?,Josh McDowell,[],1,"musique_2hop__37656_160040_12,musique_2hop__37656_160040_18","[""Criticism of Christianity"", ""Protestantism""]","[12, 18]",2
2hop__242753_658778,What group is the creator of Judith and the Head of Holofernes a member of?,Vienna Secession,[],1,"musique_2hop__242753_658778_13,musique_2hop__242753_658778_14","[""Gustav Klimt"", ""Judith and the Head of Holofernes""]","[13, 14]",2
2hop__22885_160040,"Who is the guy defending stuff from the religious scripture that fits into a large, loose definition of legal literature?",Josh McDowell,[],1,"musique_2hop__22885_160040_4,musique_2hop__22885_160040_8","[""Criticism of Christianity"", ""Literature""]","[4, 8]",2
2hop__22885_36240,"What specific part of the religious scripture that can be fit into a large, loose definition of legal literature does this document reference for Mary?",Genesis 3:15,[],1,"musique_2hop__22885_36240_1,musique_2hop__22885_36240_13","[""Literature"", ""Immaculate Conception""]","[1, 13]",2
2hop__829358_754719,What administrative territorial entity does Darley Ramon Torres's place of birth located?,Minas Gerais,[],1,"musique_2hop__829358_754719_9,musique_2hop__829358_754719_10","[""Chico Xavier"", ""Darley Ramon Torres""]","[9, 10]",2
2hop__37656_36240,What specific part of the document that is the highest authority in Protestantism for morals reference Mary?,Genesis 3:15,[],1,"musique_2hop__37656_36240_5,musique_2hop__37656_36240_6","[""Protestantism"", ""Immaculate Conception""]","[5, 6]",2
2hop__61714_80069,When does Pam and the person Pam marries on The Office get together?,in the fourth season,[],1,"musique_2hop__61714_80069_9,musique_2hop__61714_80069_15","[""Pam Beesly"", ""Pam Beesly""]","[9, 15]",2
2hop__61714_52026,What episode in the office did Pam get married to her spouse?,``Niagara '',"[""Niagara""]",1,"musique_2hop__61714_52026_17,musique_2hop__61714_52026_18","[""Niagara (The Office)"", ""Pam Beesly""]","[17, 18]",2
2hop__752214_639679,Who is the spouse of the author of Queen of the Elephants?,Clio Goldsmith,[],1,"musique_2hop__752214_639679_6,musique_2hop__752214_639679_13","[""Queen of the Elephants"", ""Clio Goldsmith""]","[6, 13]",2
2hop__61714_42553,"In The Office, Pam get's together with her husband in which episode?","the season finale, ``The Job, ''",[],1,"musique_2hop__61714_42553_16,musique_2hop__61714_42553_17","[""Pam Beesly"", ""Pam Beesly""]","[16, 17]",2
2hop__61714_89309,What was the date that Pam got married in The Office?,"October 8, 2009",[],1,"musique_2hop__61714_89309_0,musique_2hop__61714_89309_1","[""Niagara (The Office)"", ""Pam Beesly""]","[0, 1]",2
2hop__61714_64633,In what episode of The Office does Dwight save Pam's husband from Roy?,``The Negotiation '',"[""Negotiation"", ""negotiation""]",1,"musique_2hop__61714_64633_7,musique_2hop__61714_64633_8","[""The Negotiation"", ""Pam Beesly""]","[7, 8]",2
2hop__61714_53995,When do Pam and Pam's spouse on The Office end up together?,"during the highly anticipated, hour long episode, ``Niagara ''",[],1,"musique_2hop__61714_53995_0,musique_2hop__61714_53995_9","[""Pam Beesly"", ""Pam Beesly""]","[0, 9]",2
2hop__135993_160249,In which years did the war with the person who the Ioannina National Airport is name after occur?,323–272 BC,[],1,"musique_2hop__135993_160249_8,musique_2hop__135993_160249_13","[""Ioannina National Airport"", ""Hieronymus of Cardia""]","[8, 13]",2
2hop__34595_160249,In which years did the war with the military leader from which the term Pyrrhic victory comes occur?,323–272 BC,[],1,"musique_2hop__34595_160249_2,musique_2hop__34595_160249_10","[""Hieronymus of Cardia"", ""Roman Republic""]","[2, 10]",2
2hop__265989_531490,Who is the mother of the screenwriter of WarGames?,Jane Greer,[],1,"musique_2hop__265989_531490_13,musique_2hop__265989_531490_18","[""Lawrence Lasker"", ""WarGames""]","[13, 18]",2
2hop__846921_160249,What years was Aeacides of Epirus's child at war?,323–272 BC,[],1,"musique_2hop__846921_160249_8,musique_2hop__846921_160249_13","[""Hieronymus of Cardia"", ""Phthia of Epirus""]","[8, 13]",2
2hop__136067_160249,Between which years did war with the person for whom Pyrrhic victory is named occur?,323–272 BC,[],1,"musique_2hop__136067_160249_7,musique_2hop__136067_160249_9","[""Pyrrhic victory"", ""Hieronymus of Cardia""]","[7, 9]",2
2hop__557284_160249,Which years did the war with Antigone's spouse occur?,323–272 BC,[],1,"musique_2hop__557284_160249_10,musique_2hop__557284_160249_19","[""Hieronymus of Cardia"", ""Ptolemy (son of Pyrrhus)""]","[10, 19]",2
2hop__34594_160249,Between which years was the war with the person who suffered a great amount of losses battling the Roman army?,323–272 BC,[],1,"musique_2hop__34594_160249_0,musique_2hop__34594_160249_9","[""Hieronymus of Cardia"", ""Roman Republic""]","[0, 9]",2
2hop__32887_235620,Who fathered Emperor Ai of the Chinese dynasty with the oldest remaining wooden buildings?,Emperor Zhaozong of Tang,"[""Li Jie"", ""Li Ye""]",1,"musique_2hop__32887_235620_5,musique_2hop__32887_235620_11","[""Han dynasty"", ""Empress He (Tang dynasty)""]","[5, 11]",2
2hop__6735_6733,To what division does the language that comprises the standard pronunciation of Catalan belong?,Eastern block,[],1,"musique_2hop__6735_6733_1,musique_2hop__6735_6733_14","[""Catalan language"", ""Catalan language""]","[1, 14]",2
2hop__32887_578772,What is the dynasty the oldest wooden buildings in China be dated to an example of?,Chinese surname,"[""surname""]",1,"musique_2hop__32887_578772_14,musique_2hop__32887_578772_17","[""Han dynasty"", ""T\u00e1ng (surname)""]","[14, 17]",2
2hop__6750_6733,To what division of languages does one with an innovative form belong?,Eastern block,[],1,"musique_2hop__6750_6733_5,musique_2hop__6750_6733_11","[""Catalan language"", ""Catalan language""]","[5, 11]",2
2hop__215896_460425,What is the location of formation of the film company distributing The Boss?,Fort Lee,[],1,"musique_2hop__215896_460425_13,musique_2hop__215896_460425_18","[""The Boss (1915 film)"", ""World Film Company""]","[13, 18]",2
2hop__6736_6733,To what division does the place where the most speakers are found belong?,Eastern block,[],1,"musique_2hop__6736_6733_11,musique_2hop__6736_6733_12","[""Catalan language"", ""Catalan language""]","[11, 12]",2
2hop__323534_810083,Where was the author of Marcinkus born?,Scranton,"[""Scranton, Pennsylvania""]",1,"musique_2hop__323534_810083_0,musique_2hop__323534_810083_17","[""Marcinkus"", ""Tom Flannery""]","[0, 17]",2
2hop__223655_463572,"What record label released the debut album of the artist behind the 1993 album ""Let There be Love"".",MGM Records,"[""MGM""]",1,"musique_2hop__223655_463572_15,musique_2hop__223655_463572_16","[""Let There Be Love (1993 Joni James album)"", ""Let There Be Love (1953 Joni James album)""]","[15, 16]",2
2hop__44590_510545,Who is the spouse of the person who voices Jarvis in Iron Man?,Jennifer Connelly,[],1,"musique_2hop__44590_510545_2,musique_2hop__44590_510545_15","[""Paul Bettany"", ""A Beautiful Mind (soundtrack)""]","[2, 15]",2
2hop__80860_510545,Who is the spouse of the person who voices Jarvis in the Avengers Age of Ultron?,Jennifer Connelly,[],1,"musique_2hop__80860_510545_3,musique_2hop__80860_510545_13","[""Paul Bettany"", ""A Beautiful Mind (soundtrack)""]","[3, 13]",2
2hop__72487_510545,Who is the spouse of the actor that plays vision in avengers age of ultron?,Jennifer Connelly,[],1,"musique_2hop__72487_510545_6,musique_2hop__72487_510545_10","[""A Beautiful Mind (soundtrack)"", ""Paul Bettany""]","[6, 10]",2
2hop__68322_510545,Who is the spouse of the actor that plays Jarvis in the Avengers Age of Ultron?,Jennifer Connelly,[],1,"musique_2hop__68322_510545_11,musique_2hop__68322_510545_16","[""A Beautiful Mind (soundtrack)"", ""Paul Bettany""]","[11, 16]",2
2hop__73719_510545,Who is the spouse of the actor who plays Jarvis in Iron Man?,Jennifer Connelly,[],1,"musique_2hop__73719_510545_12,musique_2hop__73719_510545_19","[""A Beautiful Mind (soundtrack)"", ""Paul Bettany""]","[12, 19]",2
2hop__29893_29905,How many mandatory transmitters of the owner and operator of most CBC TV stations were updated before the deadline?,only about half,[],1,"musique_2hop__29893_29905_2,musique_2hop__29893_29905_16","[""CBC Television"", ""CBC Television""]","[2, 16]",2
2hop__80673_510545,Who is the spouse of the actor who plays Vision in the new Avengers movie?,Jennifer Connelly,[],1,"musique_2hop__80673_510545_2,musique_2hop__80673_510545_14","[""A Beautiful Mind (soundtrack)"", ""Paul Bettany""]","[2, 14]",2
2hop__29893_29898,Which affiliate left the company that owns and operates most of the CBC television stations due to an agreement with CHBC?,CFJC-TV in Kamloops,"[""Kamloops""]",1,"musique_2hop__29893_29898_15,musique_2hop__29893_29898_16","[""CBC Television"", ""CBC Television""]","[15, 16]",2
2hop__50432_56873,When did the team that won the 1959 fa cup final beating luton town 2-1 win the fa cup?,1898 and 1959,[],1,"musique_2hop__50432_56873_6,musique_2hop__50432_56873_9","[""1959 FA Cup Final"", ""Nottingham Forest F.C.""]","[6, 9]",2
2hop__806869_56873,When did Andrea Silenzi's team win the FA cup?,1898 and 1959,[],1,"musique_2hop__806869_56873_8,musique_2hop__806869_56873_10","[""Andrea Silenzi"", ""Nottingham Forest F.C.""]","[8, 10]",2
2hop__442175_56873,When did the team that Jamie Ward is a member of win the FA Cup?,1898 and 1959,[],1,"musique_2hop__442175_56873_7,musique_2hop__442175_56873_12","[""Jamie Ward"", ""Nottingham Forest F.C.""]","[7, 12]",2
2hop__95673_121319,Where did the person featured in the film Sammy Going South study or work?,American Academy of Dramatic Arts,"[""The City College of New York"", ""City College"", ""City College of New York""]",1,"musique_2hop__95673_121319_9,musique_2hop__95673_121319_17","[""Sammy Going South"", ""Edward G. Robinson""]","[9, 17]",2
2hop__327688_56873,When did the sports team that Craig Westcarr played for win the fa cup?,1898 and 1959,[],1,"musique_2hop__327688_56873_14,musique_2hop__327688_56873_15","[""Craig Westcarr"", ""Nottingham Forest F.C.""]","[14, 15]",2
2hop__337223_56873,When did Mark Crossley's team win the FA cup?,1898 and 1959,[],1,"musique_2hop__337223_56873_8,musique_2hop__337223_56873_11","[""Mark Crossley"", ""Nottingham Forest F.C.""]","[8, 11]",2
2hop__629030_56873,When did the 1979-80 European Cup winner win the FA Cup?,1898 and 1959,[],1,"musique_2hop__629030_56873_6,musique_2hop__629030_56873_11","[""1979\u201380 European Cup"", ""Nottingham Forest F.C.""]","[6, 11]",2
2hop__96177_62765,Who did the star of Dark Hazard play in The Ten Commandments?,Dathan,[],1,"musique_2hop__96177_62765_6,musique_2hop__96177_62765_15","[""Dark Hazard"", ""The Ten Commandments (1956 film)""]","[6, 15]",2
2hop__95673_62765,who did the leading actor in Sammy Going South play in the ten commandments?,Dathan,[],1,"musique_2hop__95673_62765_8,musique_2hop__95673_62765_18","[""The Ten Commandments (1956 film)"", ""Sammy Going South""]","[8, 18]",2
2hop__216959_204037,Who is part of the band which performed Cherchez le Garçon?,Daniel Darc,"[""Daniel Rozoum""]",1,"musique_2hop__216959_204037_16,musique_2hop__216959_204037_17","[""Cherchez le gar\u00e7on"", ""Daniel Darc""]","[16, 17]",2
2hop__96137_62765,Who did the cast member of The Woman in the Window play in the Ten Commendments?,Dathan,[],1,"musique_2hop__96137_62765_2,musique_2hop__96137_62765_19","[""The Ten Commandments (1956 film)"", ""The Woman in the Window""]","[2, 19]",2
2hop__96177_121319,Where did the star of Dark Hazard study?,American Academy of Dramatic Arts,"[""The City College of New York"", ""City College"", ""City College of New York""]",1,"musique_2hop__96177_121319_2,musique_2hop__96177_121319_4","[""Edward G. Robinson"", ""Dark Hazard""]","[2, 4]",2
2hop__96137_121319,Where did the actor in The Woman in the Window study or work?,American Academy of Dramatic Arts,"[""The City College of New York"", ""City College"", ""City College of New York""]",1,"musique_2hop__96137_121319_7,musique_2hop__96137_121319_11","[""Edward G. Robinson"", ""The Woman in the Window""]","[7, 11]",2
2hop__249867_557232,Which country is the Desert Forest Golf Club located in?,Maricopa County,"[""Maricopa County, Arizona""]",1,"musique_2hop__249867_557232_3,musique_2hop__249867_557232_12","[""Desert Forest Golf Club"", ""Carefree, Arizona""]","[3, 12]",2
2hop__59133_512508,What undertaking included the person who discovered that the number of protons in each element's atoms is unique?,Manhattan Project,[],1,"musique_2hop__59133_512508_4,musique_2hop__59133_512508_15","[""Atomic number"", ""James Chadwick""]","[4, 15]",2
2hop__85993_512508,What was the person who discovered that nuclei of atoms contained neutrons with no charge a participant in?,Manhattan Project,[],1,"musique_2hop__85993_512508_9,musique_2hop__85993_512508_13","[""Neutron"", ""James Chadwick""]","[9, 13]",2
2hop__92900_512508,The person credited with the discovery of the neutron is a participant in what project?,Manhattan Project,[],1,"musique_2hop__92900_512508_5,musique_2hop__92900_512508_19","[""James Chadwick"", ""Discovery of the neutron""]","[5, 19]",2
2hop__122565_37168,Where does the university that Mohamed Abu Hamed attended rank according to the QS World University Rankings?,551-600,[],1,"musique_2hop__122565_37168_14,musique_2hop__122565_37168_19","[""Egypt"", ""Mohamed Abu Hamed""]","[14, 19]",2
2hop__60001_512508,What did the person who discovered that all atoms of an element have the same number of protons participate in?,Manhattan Project,[],1,"musique_2hop__60001_512508_8,musique_2hop__60001_512508_18","[""Atomic number"", ""James Chadwick""]","[8, 18]",2
2hop__75781_512508,What was the person who provided evidence to suggest the existence of the neutron a participant of?,Manhattan Project,[],1,"musique_2hop__75781_512508_11,musique_2hop__75781_512508_18","[""James Chadwick"", ""Discovery of the neutron""]","[11, 18]",2
2hop__90773_715759,What was the inventor of the atomic bomb trigger a participant in?,Manhattan Project,[],1,"musique_2hop__90773_715759_10,musique_2hop__90773_715759_18","[""Dayton Project"", ""Robert Serber""]","[10, 18]",2
2hop__159816_37168,According to QS World University Rankings where does the university where Hawass graduated rank?,551-600,[],1,"musique_2hop__159816_37168_4,musique_2hop__159816_37168_16","[""Zahi Hawass"", ""Egypt""]","[4, 16]",2
2hop__122140_37168,Where does Hala El Badry's university rank according to QS World University Rankings?,551-600,[],1,"musique_2hop__122140_37168_0,musique_2hop__122140_37168_15","[""Egypt"", ""Hala El Badry""]","[0, 15]",2
2hop__815205_590407,Where is the headquarters of the organization that the Office of Science Education is a part of?,Bethesda,[],1,"musique_2hop__815205_590407_2,musique_2hop__815205_590407_7","[""William A. Gahl"", ""Office of Science Education""]","[2, 7]",2
2hop__403580_37168,"According to QS World University Rankings, what is the ranking of the place that employed Said Ashour?",551-600,[],1,"musique_2hop__403580_37168_12,musique_2hop__403580_37168_15","[""Egypt"", ""Said Ashour""]","[12, 15]",2
2hop__121386_37168,"According to QS World University Rankings, where does the college that Ibrahim Shihata attended rank?",551-600,[],1,"musique_2hop__121386_37168_8,musique_2hop__121386_37168_12","[""Egypt"", ""Ibrahim Shihata""]","[8, 12]",2
2hop__41158_35124,How many books were said to have been written by the person who proposed explanations for the origins of earthquakes and the formation of mountains?,450,[],1,"musique_2hop__41158_35124_5,musique_2hop__41158_35124_7","[""Geology"", ""Muslim world""]","[5, 7]",2
2hop__703767_37168,Where does the employer of Hasan Hanafi rank according to QS World University Rankings?,551-600,[],1,"musique_2hop__703767_37168_4,musique_2hop__703767_37168_8","[""Hassan Hanafi"", ""Egypt""]","[4, 8]",2
2hop__23459_35123,What was the lifespan of the most influential figure in Islamic philosophy?,980–1037,[],1,"musique_2hop__23459_35123_4,musique_2hop__23459_35123_17","[""History of science"", ""Muslim world""]","[4, 17]",2
2hop__462179_643013,"What shares a border with the administrative territorial entity Radwanice, Polkowice County is located in?",Gmina Gaworzyce,[],1,"musique_2hop__462179_643013_11,musique_2hop__462179_643013_12","[""Radwanice, Polkowice County"", ""Przemk\u00f3w Landscape Park""]","[11, 12]",2
2hop__41158_35123,What was the lifespan of the person who proposed explanations for the origins of earthquakes and the formation of mountains?,980–1037,[],1,"musique_2hop__41158_35123_16,musique_2hop__41158_35123_17","[""Geology"", ""Muslim world""]","[16, 17]",2
2hop__41158_22946,Who said one of the greatest thinkers was the person who proposed explanations for the origins of earthquakes and the formation of mountains?,George Sarton,[],1,"musique_2hop__41158_22946_13,musique_2hop__41158_22946_19","[""Geology"", ""Avicenna""]","[13, 19]",2
2hop__23459_22946,Who said that the most influential figure in Islamic philosophy was one of the greatest thinkers?,George Sarton,[],1,"musique_2hop__23459_22946_3,musique_2hop__23459_22946_5","[""Avicenna"", ""History of science""]","[3, 5]",2
2hop__491195_265959,Who is the mother of the composer of Jag tror på sommaren?,Lena Olin,[],1,"musique_2hop__491195_265959_2,musique_2hop__491195_265959_12","[""Jag tror p\u00e5 sommaren"", ""Stig Olin""]","[2, 12]",2
2hop__23459_35124,How many books were said to be written by the most influential in Islamic philosophy?,450,[],1,"musique_2hop__23459_35124_4,musique_2hop__23459_35124_6","[""History of science"", ""Muslim world""]","[4, 6]",2
2hop__862994_69048,Who is the chief judge at Gloria Kemasuode's birthplace?,Honorable Justice Abiodun Smith,[],1,"musique_2hop__862994_69048_10,musique_2hop__862994_69048_14","[""Gloria Kemasuode"", ""Rosaline Bozimo""]","[10, 14]",2
2hop__204493_69048,Who is the chief judge of Fred Aghogho Brume's birthplace?,Honorable Justice Abiodun Smith,[],1,"musique_2hop__204493_69048_7,musique_2hop__204493_69048_10","[""Rosaline Bozimo"", ""Fred Aghogho Brume""]","[7, 10]",2
2hop__562154_69048,Who is the Chief Judge in the place where DeltaWomen's headquarters in located?,Honorable Justice Abiodun Smith,[],1,"musique_2hop__562154_69048_3,musique_2hop__562154_69048_5","[""DeltaWomen"", ""Rosaline Bozimo""]","[3, 5]",2
2hop__226204_69048,Who is the chief judge of Friday Osanebi's birthplace?,Honorable Justice Abiodun Smith,[],1,"musique_2hop__226204_69048_18,musique_2hop__226204_69048_19","[""Friday Osanebi"", ""Rosaline Bozimo""]","[18, 19]",2
2hop__263638_69048,Who is the Chief Judge of the Tebesa Nemine's birthplace?,Honorable Justice Abiodun Smith,[],1,"musique_2hop__263638_69048_5,musique_2hop__263638_69048_17","[""Rosaline Bozimo"", ""Tebesa Nemine""]","[5, 17]",2
2hop__22431_16335,Ashkenazi Jews and the largest single groups of foreigners in 2010 may be genetically similar due to what two factors?,inter-marriage and conversions in the time of the Roman Empire,"[""Roman Empire""]",1,"musique_2hop__22431_16335_3,musique_2hop__22431_16335_18","[""Ashkenazi Jews"", ""Switzerland""]","[3, 18]",2
2hop__333020_69048,Who is the Chief Judge of the place where Orezi was born?,Honorable Justice Abiodun Smith,[],1,"musique_2hop__333020_69048_4,musique_2hop__333020_69048_17","[""Rosaline Bozimo"", ""Orezi""]","[4, 17]",2
2hop__6870_16335,What two factors might lead to genetic similarity between Ashkenazi Jews and the city's second largest ethnic group?,inter-marriage and conversions in the time of the Roman Empire,"[""Roman Empire""]",1,"musique_2hop__6870_16335_3,musique_2hop__6870_16335_13","[""Ashkenazi Jews"", ""Boston""]","[3, 13]",2
2hop__835171_141338,What company is the college where Wolf V. Vishniac studied a part of?,City University of New York,"[""The City University of New York""]",1,"musique_2hop__835171_141338_4,musique_2hop__835171_141338_14","[""Brooklyn College"", ""Wolf V. Vishniac""]","[4, 14]",2
2hop__122651_141338,What company is Zena Tsarfin's school a part of?,City University of New York,"[""The City University of New York""]",1,"musique_2hop__122651_141338_2,musique_2hop__122651_141338_18","[""Zena Tsarfin"", ""Brooklyn College""]","[2, 18]",2
2hop__216256_141338,What company is the school where Ernest G. McClain is employed a part of?,City University of New York,"[""The City University of New York""]",1,"musique_2hop__216256_141338_11,musique_2hop__216256_141338_18","[""Brooklyn College"", ""Ernest G. McClain""]","[11, 18]",2
2hop__699172_141338,What company is the school where Lawrence Landweber was educated a part of?,City University of New York,"[""The City University of New York""]",1,"musique_2hop__699172_141338_4,musique_2hop__699172_141338_5","[""Brooklyn College"", ""Lawrence Landweber""]","[4, 5]",2
2hop__686395_141338,What company is Frederic Ewen's employer part of?,City University of New York,"[""The City University of New York""]",1,"musique_2hop__686395_141338_10,musique_2hop__686395_141338_11","[""Brooklyn College"", ""Frederic Ewen""]","[10, 11]",2
2hop__635185_141338,What company is the employer of Marie Rutkoski part of?,City University of New York,"[""The City University of New York""]",1,"musique_2hop__635185_141338_8,musique_2hop__635185_141338_13","[""Marie Rutkoski"", ""Brooklyn College""]","[8, 13]",2
2hop__21104_16254,"By 1931, what percentage of the world's Jews were the group that represents at least 70% of Jews worldwide?",92 percent,[],1,"musique_2hop__21104_16254_1,musique_2hop__21104_16254_3","[""Jews"", ""Ashkenazi Jews""]","[1, 3]",2
2hop__21103_16335,Italians and the group of Jews representing the bulk of modern Jewry may be genetically similar due to what two factors?,inter-marriage and conversions in the time of the Roman Empire,"[""Roman Empire""]",1,"musique_2hop__21103_16335_0,musique_2hop__21103_16335_6","[""Ashkenazi Jews"", ""Jews""]","[0, 6]",2
2hop__21103_16334,"In a 2010 study, what modern population is most closely related to the group that represents the majority of modern Jewry?",modern-day Italians,[],1,"musique_2hop__21103_16334_8,musique_2hop__21103_16334_11","[""Jews"", ""Ashkenazi Jews""]","[8, 11]",2
2hop__768312_814677,What religion is Anubis' father part of?,ancient Egyptian religion,[],1,"musique_2hop__768312_814677_13,musique_2hop__768312_814677_15","[""Hapi (Son of Horus)"", ""Khenti-Amentiu""]","[13, 15]",2
2hop__21103_16254,"By 1931, what percentage of the world's Jews were the group of Jews that represented the bulk of modern Jewry?",92 percent,[],1,"musique_2hop__21103_16254_7,musique_2hop__21103_16254_9","[""Ashkenazi Jews"", ""Jews""]","[7, 9]",2
2hop__21104_16334,The 2010 study found that what modern population is most closely related to the group that represents at least 70% of Jews worldwide?,modern-day Italians,[],1,"musique_2hop__21104_16334_4,musique_2hop__21104_16334_15","[""Jews"", ""Ashkenazi Jews""]","[4, 15]",2
2hop__21104_16335,The group representing at least 70% of Jews worldwide and Italians may be genetically similar due to what two factors?,inter-marriage and conversions in the time of the Roman Empire,"[""Roman Empire""]",1,"musique_2hop__21104_16335_5,musique_2hop__21104_16335_15","[""Jews"", ""Ashkenazi Jews""]","[5, 15]",2
2hop__770487_494646,What administrative territorial entity contains the headquarters of the Mono Lake Committee?,Mono County,"[""Mono County, California""]",1,"musique_2hop__770487_494646_3,musique_2hop__770487_494646_9","[""Lee Vining, California"", ""Mono Lake Committee""]","[3, 9]",2
2hop__315267_277284,What administrative territorial entity includes the place where Bill Cockcroft was educated?,"Tonbridge, Kent","[""Kent"", ""Tonbridge""]",1,"musique_2hop__315267_277284_15,musique_2hop__315267_277284_18","[""The Judd School"", ""Bill Cockcroft""]","[15, 18]",2
2hop__95970_456836,Where was the person who acted in the film Sous les pieds des femmes born?,La Goulette,[],1,"musique_2hop__95970_456836_3,musique_2hop__95970_456836_7","[""A Summer in La Goulette"", ""Sous les pieds des femmes""]","[3, 7]",2
2hop__95970_152907,What city is the star of Sous les pieds des femmes from?,La Goulette,"[""Tunis""]",1,"musique_2hop__95970_152907_6,musique_2hop__95970_152907_12","[""Claudia Cardinale"", ""Sous les pieds des femmes""]","[6, 12]",2
2hop__95172_152907,What city is the actress in Signora Enrica from?,La Goulette,"[""Tunis"", ""Rome""]",1,"musique_2hop__95172_152907_4,musique_2hop__95172_152907_8","[""Claudia Cardinale"", ""Signora Enrica""]","[4, 8]",2
2hop__95172_456836,Where was the person who acted in Signora Enrica born?,La Goulette,[],1,"musique_2hop__95172_456836_8,musique_2hop__95172_456836_19","[""A Summer in La Goulette"", ""Signora Enrica""]","[8, 19]",2
2hop__611538_152907,What city is the star of 'Three Strangers in Rome' from?,La Goulette,"[""Tunis"", ""Rome"", ""Roma""]",1,"musique_2hop__611538_152907_2,musique_2hop__611538_152907_13","[""Three Strangers in Rome"", ""Claudia Cardinale""]","[2, 13]",2
2hop__147212_60904,Who owns the rehabilitation center at the place where Hank Moonjean died?,Jack Michel,[],1,"musique_2hop__147212_60904_1,musique_2hop__147212_60904_6","[""Hank Moonjean"", ""The Rehabilitation Center at Hollywood Hills""]","[1, 6]",2
2hop__6956_192417,The league the New England Patriots belongs to is an example of what?,sports league,"[""Sports league"", ""league""]",1,"musique_2hop__6956_192417_6,musique_2hop__6956_192417_15","[""Boston"", ""Sports league ranking""]","[6, 15]",2
2hop__58691_192417,The league playing in the Thursday night football game is a type of what?,sports league,"[""Sports league"", ""league""]",1,"musique_2hop__58691_192417_0,musique_2hop__58691_192417_5","[""Thursday Night Football"", ""Sports league ranking""]","[0, 5]",2
2hop__779424_75487,Who is the federal leader of the party that Pierre-Hugues Boisvenu is a member of?,Andrew Scheer,[],1,"musique_2hop__779424_75487_14,musique_2hop__779424_75487_16","[""Pierre-Hugues Boisvenu"", ""2017 Conservative Party of Canada leadership election""]","[14, 16]",2
2hop__388523_75487,Who is the federal leader of the party that James Rajotte is a member of?,Andrew Scheer,[],1,"musique_2hop__388523_75487_5,musique_2hop__388523_75487_10","[""2017 Conservative Party of Canada leadership election"", ""James Rajotte""]","[5, 10]",2
2hop__77134_88165,Who did the person Sarah married to in the bible marry after the death of Sarah?,Keturah,[],1,"musique_2hop__77134_88165_9,musique_2hop__77134_88165_11","[""Sarah"", ""Keturah""]","[9, 11]",2
2hop__631139_75487,Who is the federal leader of the party in which John Lynch-Staunton held a position?,Andrew Scheer,[],1,"musique_2hop__631139_75487_7,musique_2hop__631139_75487_12","[""John Lynch-Staunton"", ""2017 Conservative Party of Canada leadership election""]","[7, 12]",2
2hop__227791_75487,Who is the federal leader of the political party Ken Epp belongs to?,Andrew Scheer,[],1,"musique_2hop__227791_75487_11,musique_2hop__227791_75487_19","[""2017 Conservative Party of Canada leadership election"", ""Ken Epp""]","[11, 19]",2
2hop__351275_75487,Who is the federal leader of Leon Benoit's political party?,Andrew Scheer,[],1,"musique_2hop__351275_75487_1,musique_2hop__351275_75487_11","[""2017 Conservative Party of Canada leadership election"", ""Leon Benoit""]","[1, 11]",2
2hop__502852_75487,Who is the federal leader of John Lynch-Staunton's political party?,Andrew Scheer,[],1,"musique_2hop__502852_75487_6,musique_2hop__502852_75487_9","[""2017 Conservative Party of Canada leadership election"", ""John Lynch-Staunton""]","[6, 9]",2
2hop__73069_88165,Who did the person considered the founder of three major monotheistic religions marry after the death of Sarah?,Keturah,[],1,"musique_2hop__73069_88165_10,musique_2hop__73069_88165_16","[""Keturah"", ""Abrahamic religions""]","[10, 16]",2
2hop__310112_88165,Who did Haran's sibling marry after the death of sarah?,Keturah,[],1,"musique_2hop__310112_88165_6,musique_2hop__310112_88165_11","[""Iscah"", ""Keturah""]","[6, 11]",2
2hop__85325_88165,Who did the person who married their half sister in the bible marry after the death of sarah?,Keturah,[],1,"musique_2hop__85325_88165_5,musique_2hop__85325_88165_12","[""Keturah"", ""Incest in the Bible""]","[5, 12]",2
2hop__468778_88165,Who did the spouse of Hagar marry after the death of Sarah?,Keturah,[],1,"musique_2hop__468778_88165_13,musique_2hop__468778_88165_19","[""Keturah"", ""Hagar (disambiguation)""]","[13, 19]",2
2hop__846415_88165,Who did Jokshan's father marry after the death of Sarah?,Keturah,[],1,"musique_2hop__846415_88165_8,musique_2hop__846415_88165_17","[""Keturah"", ""Jokshan""]","[8, 17]",2
2hop__575282_114648,What year did Allegory of Isabella d'Este's Coronation's creator the Younger die?,1583,[],1,"musique_2hop__575282_114648_9,musique_2hop__575282_114648_15","[""Allegory of Isabella d'Este's Coronation"", ""Lorenzo Costa the Younger""]","[9, 15]",2
2hop__108336_772156,Where did the creator of the Allegory of Isabella d'Este's Coronation die?,Mantua,[],1,"musique_2hop__108336_772156_0,musique_2hop__108336_772156_16","[""Allegory of Isabella d'Este's Coronation"", ""Lorenzo Costa the Younger""]","[0, 16]",2
2hop__96194_78303,"What was the name of the Hero and the Terror star's character in Walker, Texas Ranger?",Cordell Walker,[],1,"musique_2hop__96194_78303_0,musique_2hop__96194_78303_12","[""Hero and the Terror"", ""Walker, Texas Ranger""]","[0, 12]",2
2hop__268084_78303,"What was the name of the star of Forced Vengeance in Walter, Texas Ranger?",Cordell Walker,[],1,"musique_2hop__268084_78303_0,musique_2hop__268084_78303_7","[""Walker, Texas Ranger"", ""Forced Vengeance""]","[0, 7]",2
2hop__684287_78303,what was the name of the producer of Forest Warrior walker texas ranger?,Cordell Walker,[],1,"musique_2hop__684287_78303_4,musique_2hop__684287_78303_10","[""Walker, Texas Ranger"", ""Forest Warrior""]","[4, 10]",2
2hop__748182_78303,"What was the name of one of Top Dog's cast members in the Walker, Texas Ranger?",Cordell Walker,[],1,"musique_2hop__748182_78303_10,musique_2hop__748182_78303_15","[""Walker, Texas Ranger"", ""Top Dog (1995 film)""]","[10, 15]",2
2hop__519160_78303,"What was the name of Forced Vengeance's producer in Walker, Texas Ranger?",Cordell Walker,[],1,"musique_2hop__519160_78303_3,musique_2hop__519160_78303_15","[""Walker, Texas Ranger"", ""Forced Vengeance""]","[3, 15]",2
2hop__159903_154896,In what year did the insurgency start in the part of the country it is about?,27 April 2009,[],1,"musique_2hop__159903_154896_4,musique_2hop__159903_154896_5","[""Abdul Fattah Ismail"", ""South Yemen insurgency""]","[4, 5]",2
2hop__389778_78303,"What was the cast member of Missing in Action's name in Walker, Texas Ranger?",Cordell Walker,[],1,"musique_2hop__389778_78303_5,musique_2hop__389778_78303_16","[""Missing in Action (film)"", ""Walker, Texas Ranger""]","[5, 16]",2
2hop__691639_154896,What year did the insurgency start in the area where People's Vanguard Party's headquarters locate?,27 April 2009,[],1,"musique_2hop__691639_154896_13,musique_2hop__691639_154896_19","[""South Yemen insurgency"", ""People's Vanguard Party (South Yemen)""]","[13, 19]",2
2hop__159903_419949,What is the capital of the country it is about?,Aden,[],1,"musique_2hop__159903_419949_6,musique_2hop__159903_419949_13","[""EgyptAir Flight 763"", ""Abdul Fattah Ismail""]","[6, 13]",2
2hop__131951_643670,What is the name for the mouth of the watercourse of the body of water by Rotterdam Centrum?,Het Scheur,[],1,"musique_2hop__131951_643670_6,musique_2hop__131951_643670_10","[""Rotterdam Centrum"", ""Het Scheur""]","[6, 10]",2
2hop__47712_25719,At the end of which year did tribes from the place where the Celts are said to have migrated from invade the Roman empire?,406,[],1,"musique_2hop__47712_25719_7,musique_2hop__47712_25719_13","[""Galicia (Spain)"", ""Celts""]","[7, 13]",2
2hop__818302_25719,At the end of which year did the tribes from the location of the Lusatia invade the Roman Empire?,406,[],1,"musique_2hop__818302_25719_11,musique_2hop__818302_25719_17","[""Lower Lusatia"", ""Galicia (Spain)""]","[11, 17]",2
2hop__203955_25719,At the end of which year did the tribes from where the Michelsberg culture is from invade the Roman Empire?,406,[],1,"musique_2hop__203955_25719_7,musique_2hop__203955_25719_9","[""R\u00f6ssen culture"", ""Galicia (Spain)""]","[7, 9]",2
2hop__603598_25719,At the end of what year did the tribes from the place where the Rossen culture is located invade the Roman Empire?,406,[],1,"musique_2hop__603598_25719_7,musique_2hop__603598_25719_19","[""R\u00f6ssen culture"", ""Galicia (Spain)""]","[7, 19]",2
2hop__16267_25719,At the end of which year did the tribes in the area where the Ashkenazi Jews can trace their ancestry to Jews who settled there invade the roman empire?,406,[],1,"musique_2hop__16267_25719_5,musique_2hop__16267_25719_9","[""Galicia (Spain)"", ""Ashkenazi Jews""]","[5, 9]",2
2hop__576118_25719,At the end of which year did tribes from the area where Linear Pottery culture was found invade the Roman Empire?,406,[],1,"musique_2hop__576118_25719_16,musique_2hop__576118_25719_19","[""R\u00f6ssen culture"", ""Galicia (Spain)""]","[16, 19]",2
2hop__157376_643670,Of which watercourse is the river the Willemsbrug crosses over the mouth?,Het Scheur,[],1,"musique_2hop__157376_643670_1,musique_2hop__157376_643670_4","[""Willemsbrug"", ""Het Scheur""]","[1, 4]",2
2hop__68162_482364,Who was the father of the leader of the Argonauts in the search for the golden fleece?,Aeson,[],1,"musique_2hop__68162_482364_7,musique_2hop__68162_482364_14","[""Aeson"", ""Golden Fleece""]","[7, 14]",2
2hop__64537_482364,Who is the father of the man with the same name as the Big Brother hot dog challenge winner?,Aeson,[],1,"musique_2hop__64537_482364_4,musique_2hop__64537_482364_12","[""Big Brother 19 (American season)"", ""Aeson""]","[4, 12]",2
2hop__84439_482364,Who is the father of the person who fulfilled the warning beware the man with one sandal?,Aeson,[],1,"musique_2hop__84439_482364_3,musique_2hop__84439_482364_8","[""Pelias"", ""Aeson""]","[3, 8]",2
2hop__283_574195,Where was the person who said she is the reigning national voice educated?,National Institute of Dramatic Art,"[""NIDA""]",1,"musique_2hop__283_574195_0,musique_2hop__283_574195_7","[""Beyonc\u00e9"", ""Jason Keng-Kwin Chan""]","[0, 7]",2
2hop__131818_161450,Where is the Voshmgir District located?,in the north-east of the country south of the Caspian Sea,"[""Caspian Sea""]",1,"musique_2hop__131818_161450_1,musique_2hop__131818_161450_2","[""Golestan Province"", ""Voshmgir District""]","[1, 2]",2
2hop__607517_161450,Where is the province containing Bandar-e Gaz County located?,in the north-east of the country south of the Caspian Sea,"[""Caspian Sea""]",1,"musique_2hop__607517_161450_5,musique_2hop__607517_161450_12","[""Golestan Province"", ""Bandar-e Gaz County""]","[5, 12]",2
2hop__391258_161450,Where is the province that contains Maraveh Tappeh County located?,in the north-east of the country south of the Caspian Sea,"[""Caspian Sea""]",1,"musique_2hop__391258_161450_5,musique_2hop__391258_161450_10","[""Maraveh Tappeh County"", ""Golestan Province""]","[5, 10]",2
2hop__525581_161450,Where is the province of Aqqala County located?,in the north-east of the country south of the Caspian Sea,"[""Caspian Sea""]",1,"musique_2hop__525581_161450_3,musique_2hop__525581_161450_8","[""Aqqala County"", ""Golestan Province""]","[3, 8]",2
2hop__582045_161450,Where is the province of Gonbad-e Qabus County located?,in the north-east of the country south of the Caspian Sea,"[""Caspian Sea""]",1,"musique_2hop__582045_161450_3,musique_2hop__582045_161450_14","[""Golestan Province"", ""Gonbad-e Kavus County""]","[3, 14]",2
2hop__13353_17738,What area that abuts the country where the Prunus spinosa leaf much sooner still has some older people who speak West Flemish?,French Flanders,[],1,"musique_2hop__13353_17738_0,musique_2hop__13353_17738_12","[""Dutch language"", ""Biodiversity""]","[0, 12]",2
2hop__307218_161450,In what part of the country is Minudasht County?,in the north-east of the country south of the Caspian Sea,"[""Caspian Sea""]",1,"musique_2hop__307218_161450_6,musique_2hop__307218_161450_7","[""Golestan Province"", ""Minudasht County""]","[6, 7]",2
2hop__93230_319887,What institute did the actor playing the voice of John Smith in Pocahontas attend?,National Institute of Dramatic Art,"[""NIDA""]",1,"musique_2hop__93230_319887_3,musique_2hop__93230_319887_13","[""Jason Keng-Kwin Chan"", ""Pocahontas (1995 film)""]","[3, 13]",2
2hop__286_574195,From where did the man who said Beyoncé is the heir-apparent diva of the United States graduate?,National Institute of Dramatic Art,"[""NIDA""]",1,"musique_2hop__286_574195_14,musique_2hop__286_574195_19","[""Jason Keng-Kwin Chan"", ""Beyonc\u00e9""]","[14, 19]",2
2hop__48481_319887,Where was the actor who plays Kurt in Daddy's Home 2 educated?,National Institute of Dramatic Art,"[""NIDA""]",1,"musique_2hop__48481_319887_3,musique_2hop__48481_319887_9","[""Daddy's Home 2"", ""Jason Keng-Kwin Chan""]","[3, 9]",2
2hop__835914_91104,The space agency operating IRS-P2 had a communication satellite preceded by which experimental satellite?,ATS - 6 (Applications Technology Satellite - 6),"[""ATS-6""]",1,"musique_2hop__835914_91104_0,musique_2hop__835914_91104_16","[""ATS-6"", ""IRS-P2""]","[0, 16]",2
2hop__822113_91104,What is the experimental satellite which was the forerunner to the communication satellite of the operator of GSAT-7 called?,ATS - 6 (Applications Technology Satellite - 6),"[""ATS-6""]",1,"musique_2hop__822113_91104_10,musique_2hop__822113_91104_12","[""GSAT-7"", ""ATS-6""]","[10, 12]",2
2hop__560534_91104,What is the name of the experimental satellite that was the forerunner to the communication satellite of IRS-P3's operator?,ATS - 6 (Applications Technology Satellite - 6),"[""ATS-6""]",1,"musique_2hop__560534_91104_4,musique_2hop__560534_91104_13","[""IRS-P3"", ""ATS-6""]","[4, 13]",2
2hop__329591_91104,What is the experimental satellite being forerunner to communication satellite of INSAT-4CR's manufacturer called?,ATS - 6 (Applications Technology Satellite - 6),"[""ATS-6""]",1,"musique_2hop__329591_91104_2,musique_2hop__329591_91104_5","[""ATS-6"", ""INSAT-4CR""]","[2, 5]",2
2hop__71016_75184,Who played the girlfriend of who plays marty mcfly's daughter in back to the future 2?,Claudia Wells,[],1,"musique_2hop__71016_75184_6,musique_2hop__71016_75184_11","[""List of Back to the Future characters"", ""List of Back to the Future characters""]","[6, 11]",2
2hop__575797_91104,What is the experimental satellite that was the forerunner to communication satellite of the operator of INSAT-4CR called?,ATS - 6 (Applications Technology Satellite - 6),"[""ATS-6""]",1,"musique_2hop__575797_91104_3,musique_2hop__575797_91104_6","[""ATS-6"", ""INSAT-4CR""]","[3, 6]",2
2hop__449673_91104,What is the experimental satellite which was the forerunner to the communication satellite of the operator of the RESOURCESAT-2 called?,ATS - 6 (Applications Technology Satellite - 6),"[""ATS-6""]",1,"musique_2hop__449673_91104_2,musique_2hop__449673_91104_19","[""ATS-6"", ""Resourcesat-2""]","[2, 19]",2
2hop__82910_75184,Who played the girlfriend of Alex P. Keaton's actor on Family Ties in Back to the Future?,Claudia Wells,[],1,"musique_2hop__82910_75184_1,musique_2hop__82910_75184_19","[""List of Back to the Future characters"", ""Alex P. Keaton""]","[1, 19]",2
2hop__52283_75184,Who play's Marty's girlfriend in back to the future?,Claudia Wells,[],1,"musique_2hop__52283_75184_12,musique_2hop__52283_75184_15","[""Marty McFly"", ""List of Back to the Future characters""]","[12, 15]",2
2hop__386236_350892,Where was Osbert Sitwell's sibling educated?,Eton College,[],1,"musique_2hop__386236_350892_5,musique_2hop__386236_350892_14","[""Reresby Sitwell"", ""The Sitwells""]","[5, 14]",2
2hop__80546_75184,Who played the girlfriend of the actor who played Marlene McFly in Back to the Future?,Claudia Wells,[],1,"musique_2hop__80546_75184_11,musique_2hop__80546_75184_16","[""List of Back to the Future characters"", ""List of Back to the Future characters""]","[11, 16]",2
2hop__682872_516436,What field does the author of Parallel Worlds work in?,physic,"[""Physic""]",1,"musique_2hop__682872_516436_3,musique_2hop__682872_516436_5","[""Physics of the Future"", ""Parallel Worlds (book)""]","[3, 5]",2
2hop__51074_75184,Who plays Marty's girlfriend in Back to the Future?,Claudia Wells,[],1,"musique_2hop__51074_75184_6,musique_2hop__51074_75184_9","[""List of Back to the Future characters"", ""Back to the Future""]","[6, 9]",2
2hop__89460_75184,Who in Back To The Future played the girlfriend of the character played by the actor playing marty's daughter in back to the future 2?,Claudia Wells,[],1,"musique_2hop__89460_75184_15,musique_2hop__89460_75184_16","[""List of Back to the Future characters"", ""List of Back to the Future characters""]","[15, 16]",2
2hop__74084_75184,Who played the girlfriend of Chance's voice actor in Homeward Bound in Back to the Future?,Claudia Wells,[],1,"musique_2hop__74084_75184_9,musique_2hop__74084_75184_19","[""Homeward Bound: The Incredible Journey"", ""List of Back to the Future characters""]","[9, 19]",2
2hop__39231_17335,When did the person who took over the territory and made it part of their empire die?,323 BC,[],1,"musique_2hop__39231_17335_9,musique_2hop__39231_17335_15","[""Tajikistan"", ""Hellenistic period""]","[9, 15]",2
2hop__35173_17335,When did the person who ended the Archaemenid Empire by conquest in 330 BC die?,323 BC,[],1,"musique_2hop__35173_17335_0,musique_2hop__35173_17335_6","[""Hellenistic period"", ""Iran""]","[0, 6]",2
2hop__17508_17335,When did the person all of the diadochi painted themselves to look like die?,323 BC,[],1,"musique_2hop__17508_17335_0,musique_2hop__17508_17335_9","[""Hellenistic period"", ""Hellenistic period""]","[0, 9]",2
2hop__87953_17335,When did the winner of the Battle between Poras and Sikander die?,323 BC,[],1,"musique_2hop__87953_17335_7,musique_2hop__87953_17335_18","[""Battle of the Hydaspes"", ""Hellenistic period""]","[7, 18]",2
2hop__171254_383727,Who fathered the father of Alice Clere?,Geoffrey Boleyn,[],1,"musique_2hop__171254_383727_10,musique_2hop__171254_383727_19","[""Alice Clere"", ""William Boleyn""]","[10, 19]",2
2hop__826864_17335,When did the owner of Bucephalus die?,323 BC,[],1,"musique_2hop__826864_17335_7,musique_2hop__826864_17335_13","[""Alexandria Bucephalous"", ""Hellenistic period""]","[7, 13]",2
2hop__35209_17335,When did the invader of the Archaemenid Empire in 334BC die?,323 BC,[],1,"musique_2hop__35209_17335_14,musique_2hop__35209_17335_15","[""Hellenistic period"", ""Iran""]","[14, 15]",2
2hop__857493_17335,When did the spouse of Parysatis II die?,323 BC,[],1,"musique_2hop__857493_17335_5,musique_2hop__857493_17335_11","[""Hellenistic period"", ""Parysatis II""]","[5, 11]",2
2hop__123148_5385,How many people work in Susan Winchester's alma mater?,"11,900",[],1,"musique_2hop__123148_5385_9,musique_2hop__123148_5385_16","[""Susan Winchester"", ""Oklahoma City""]","[9, 16]",2
2hop__123509_5385,How many people work in the university that is related with Mark F. Green?,"11,900",[],1,"musique_2hop__123509_5385_6,musique_2hop__123509_5385_7","[""Mark F. Green"", ""Oklahoma City""]","[6, 7]",2
2hop__274529_5385,How many people work in the school where Ross Porter was educated?,"11,900",[],1,"musique_2hop__274529_5385_1,musique_2hop__274529_5385_4","[""Ross Porter (sportscaster)"", ""Oklahoma City""]","[1, 4]",2
2hop__646493_5385,How many people work in the school where Taylor Mokate was educated?,"11,900",[],1,"musique_2hop__646493_5385_0,musique_2hop__646493_5385_10","[""Oklahoma City"", ""Taylor Mokate""]","[0, 10]",2
2hop__178922_5385,How many people work in the publisher of World Literature Today?,"11,900",[],1,"musique_2hop__178922_5385_4,musique_2hop__178922_5385_19","[""Puterbaugh Conference on World Literature"", ""Oklahoma City""]","[4, 19]",2
2hop__494659_5385,How many people work at the school that holds the Julian P. Kanter Political Commercial Archive?,"11,900",[],1,"musique_2hop__494659_5385_3,musique_2hop__494659_5385_19","[""Oklahoma City"", ""Julian P. Kanter Political Commercial Archive""]","[3, 19]",2
2hop__35137_22896,What is the name of one library that the author of The Canon of Medicine had access to?,Hamadan,[],1,"musique_2hop__35137_22896_4,musique_2hop__35137_22896_7","[""Avicenna"", ""Muslim world""]","[4, 7]",2
2hop__658472_5385,How many people work at the school where Gene Ball was educated?,"11,900",[],1,"musique_2hop__658472_5385_8,musique_2hop__658472_5385_9","[""Gene Ball"", ""Oklahoma City""]","[8, 9]",2
2hop__35137_22932,Which interpretation of the work of the writer of The Canon of Medicine was taught more in Islamic schools?,al-Razi,"[""Razi""]",1,"musique_2hop__35137_22932_6,musique_2hop__35137_22932_14","[""Muslim world"", ""Avicenna""]","[6, 14]",2
2hop__35136_35117,What's the life span of the scholar who theorized about pulmonary circulation?,1213–1288,[],1,"musique_2hop__35136_35117_12,musique_2hop__35136_35117_18","[""Muslim world"", ""Muslim world""]","[12, 18]",2
2hop__35137_22901,What Islamic denomination was the author of The Canon of Medicine thought to be a member of?,Sunni,"[""Sunni Islam""]",1,"musique_2hop__35137_22901_3,musique_2hop__35137_22901_13","[""Avicenna"", ""Muslim world""]","[3, 13]",2
2hop__35137_22899,What age did the writer of The Canon of Medicine learn the entire quran?,ten,"[""Ten""]",1,"musique_2hop__35137_22899_0,musique_2hop__35137_22899_12","[""Avicenna"", ""Muslim world""]","[0, 12]",2
2hop__623931_656446,Who is the spouse of a cast member of Secrets of a Windmill Girl?,John Alderton,[],1,"musique_2hop__623931_656446_5,musique_2hop__623931_656446_12","[""Mrs Caldicot's Cabbage War"", ""Secrets of a Windmill Girl""]","[5, 12]",2
2hop__35137_22943,Where did the author of The Canon of Medicine think Venus was in relation to the sun?,below the Sun,"[""the Sun"", ""Sol"", ""Sun""]",1,"musique_2hop__35137_22943_7,musique_2hop__35137_22943_17","[""Muslim world"", ""Avicenna""]","[7, 17]",2
2hop__51965_165532,Who is the spouse of the actor who plays Paul in Breakfast at Tiffany's?,Sherry Boucher,[],1,"musique_2hop__51965_165532_15,musique_2hop__51965_165532_19","[""Five Days from Home"", ""Breakfast at Tiffany's (film)""]","[15, 19]",2
2hop__44652_165532,Who is the spouse of the actor who played Zeb in How the West was Won?,Sherry Boucher,[],1,"musique_2hop__44652_165532_4,musique_2hop__44652_165532_18","[""How the West Was Won (film)"", ""Five Days from Home""]","[4, 18]",2
2hop__61143_165532,Who is the spouse of the actor who played hannibal smith in the a team?,Sherry Boucher,[],1,"musique_2hop__61143_165532_5,musique_2hop__61143_165532_11","[""Five Days from Home"", ""John \""Hannibal\"" Smith""]","[5, 11]",2
2hop__35137_22940,What is the Book of Healing by the writer of The Canon of Medicine referred to in Arabic?,Kitab al-shifa,[],1,"musique_2hop__35137_22940_7,musique_2hop__35137_22940_12","[""Avicenna"", ""Muslim world""]","[7, 12]",2
2hop__861047_110949,What is the date of birth for the performer of Beat Hotel?,11 September 1962,[],1,"musique_2hop__861047_110949_11,musique_2hop__861047_110949_18","[""Mauro Scocco"", ""Beat Hotel (album)""]","[11, 18]",2
2hop__780238_110949,When was the composer of Till dom ensamma born?,11 September 1962,[],1,"musique_2hop__780238_110949_15,musique_2hop__780238_110949_19","[""Mauro Scocco"", ""Till dom ensamma""]","[15, 19]",2
2hop__685930_110949,What is the date of birth for the performer of Hits?,11 September 1962,[],1,"musique_2hop__685930_110949_9,musique_2hop__685930_110949_17","[""Hits (Mauro Scocco album)"", ""Mauro Scocco""]","[9, 17]",2
2hop__635544_110949,What is the date of birth of the person who was part of Ratata?,11 September 1962,[],1,"musique_2hop__635544_110949_17,musique_2hop__635544_110949_19","[""Ratata (band)"", ""Mauro Scocco""]","[17, 19]",2
2hop__711639_110949,What is the Sarah performer's birth date?,11 September 1962,[],1,"musique_2hop__711639_110949_14,musique_2hop__711639_110949_17","[""Mauro Scocco"", ""Sarah (Mauro Scocco song)""]","[14, 17]",2
2hop__655505_110949,What is the Till dom ensamma performer's birth date?,11 September 1962,[],1,"musique_2hop__655505_110949_5,musique_2hop__655505_110949_14","[""Till dom ensamma"", ""Mauro Scocco""]","[5, 14]",2
2hop__398344_54166,Who many players can play in the game based on the show that Steven the Sword Fighter is part of?,seven,[],1,"musique_2hop__398344_54166_4,musique_2hop__398344_54166_7","[""Steven Universe: Save the Light"", ""Steven the Sword Fighter""]","[4, 7]",2
2hop__95687_2684,What was the name of the law passed by who was featured in the film the 6th Day?,"""Donda West Law""",[],1,"musique_2hop__95687_2684_0,musique_2hop__95687_2684_12","[""Kanye West"", ""The 6th Day""]","[0, 12]",2
2hop__256778_131879,Which is the body of water by the birthplace of Christopher Harris?,River Great Ouse,"[""Great Ouse""]",1,"musique_2hop__256778_131879_8,musique_2hop__256778_131879_13","[""Christopher Harris (cricketer, born 1942)"", ""Buckingham""]","[8, 13]",2
2hop__788306_131879,Which body of water is by Wyndham Hazelton's birthplace?,River Great Ouse,"[""Great Ouse""]",1,"musique_2hop__788306_131879_8,musique_2hop__788306_131879_15","[""Wyndham Hazelton"", ""Buckingham""]","[8, 15]",2
2hop__6827_86319,Who is the CEO of FleetBoston Financial's purchaser?,Brian Thomas Moynihan,"[""Brian Moynihan""]",1,"musique_2hop__6827_86319_15,musique_2hop__6827_86319_18","[""Brian Moynihan"", ""Boston""]","[15, 18]",2
2hop__547045_131879,What body of water is by the headquarters location of Wipac?,River Great Ouse,"[""Great Ouse""]",1,"musique_2hop__547045_131879_3,musique_2hop__547045_131879_6","[""Wipac"", ""Buckingham""]","[3, 6]",2
2hop__6827_75783,When was countrywide bought by the company that bought FleetBoston Financial?,"July 1, 2008",[],1,"musique_2hop__6827_75783_1,musique_2hop__6827_75783_12","[""Bank of America Home Loans"", ""Boston""]","[1, 12]",2
2hop__423045_570226,The Paracel islands are share a province with what city?,Danzhou,[],1,"musique_2hop__423045_570226_7,musique_2hop__423045_570226_11","[""Nada, Hainan"", ""Hainan Island incident""]","[7, 11]",2
2hop__6827_49664,What was the original name of the bank that bought FleetBoston Financial?,Bank of Italy,[],1,"musique_2hop__6827_49664_3,musique_2hop__6827_49664_9","[""Boston"", ""Bank of America""]","[3, 9]",2
2hop__6827_55848,When was the first branch of the company that bought FleetBoston Financial established?,"November 3, 1930",[],1,"musique_2hop__6827_55848_2,musique_2hop__6827_55848_17","[""Boston"", ""Bank of America""]","[2, 17]",2
2hop__450608_373421,What is the county where Ukmergė District Municipality is located one of?,counties of Lithuania,"[""lt"", ""Lithuania""]",1,"musique_2hop__450608_373421_4,musique_2hop__450608_373421_6","[""Ukmerg\u0117 District Municipality"", ""Vilnius County""]","[4, 6]",2
2hop__6827_88924,Who is the chairman of the company that bought FleetBoston Financial?,Brian Thomas Moynihan,"[""Brian Moynihan""]",1,"musique_2hop__6827_88924_1,musique_2hop__6827_88924_8","[""Brian Moynihan"", ""Boston""]","[1, 8]",2
2hop__695364_513121,Who is the child of the male star of the 1921 film Money?,Anthony Ainley,[],1,"musique_2hop__695364_513121_2,musique_2hop__695364_513121_15","[""Money (1921 film)"", ""Richard Ainley""]","[2, 15]",2
2hop__6827_79845,How many atms does the bank that bought FleetBoston Financial has are there?,"15,900",[],1,"musique_2hop__6827_79845_3,musique_2hop__6827_79845_14","[""Boston"", ""Bank of America""]","[3, 14]",2
2hop__511296_2684,What was the name of the law passed by the actor from Terminator?,"""Donda West Law""",[],1,"musique_2hop__511296_2684_9,musique_2hop__511296_2684_11","[""Kanye West"", ""Terminator (character)""]","[9, 11]",2
2hop__2682_577502,Who is the spouse of the famous governor signing legislation in honor of Donda West's death?,Maria Shriver,[],1,"musique_2hop__2682_577502_9,musique_2hop__2682_577502_17","[""Kanye West"", ""Chr\u00e9tien DuBois""]","[9, 17]",2
2hop__2683_577502,Who married the governor who passed a law in honor of Donda West?,Maria Shriver,[],1,"musique_2hop__2683_577502_1,musique_2hop__2683_577502_18","[""Kanye West"", ""Chr\u00e9tien DuBois""]","[1, 18]",2
2hop__95687_577502,Who is the spouse of the leading actor in the film The 6th Day?,Maria Shriver,[],1,"musique_2hop__95687_577502_8,musique_2hop__95687_577502_11","[""Chr\u00e9tien DuBois"", ""The 6th Day""]","[8, 11]",2
2hop__242045_2684,What law was passed by Maria Shriver's husband?,"""Donda West Law""",[],1,"musique_2hop__242045_2684_6,musique_2hop__242045_2684_12","[""Kanye West"", ""Chr\u00e9tien DuBois""]","[6, 12]",2
2hop__644898_64046,Who plays the prison warden in the second movie in the series with the same name as the place where James Trainer died?,Simon Farnaby,[],1,"musique_2hop__644898_64046_11,musique_2hop__644898_64046_12","[""James Trainer"", ""Paddington 2""]","[11, 12]",2
2hop__412633_15781,"Who, along with the author of An Essay on the History of Civil Society, criticized the idea of social contract theorists?",David Hume,"[""Hume""]",1,"musique_2hop__412633_15781_3,musique_2hop__412633_15781_14","[""Age of Enlightenment"", ""An Essay on the History of Civil Society""]","[3, 14]",2
2hop__94629_1110,In what year was Twilight Princess from the game series on which The Legend of Neil was based originally planned for release?,2005,[],1,"musique_2hop__94629_1110_5,musique_2hop__94629_1110_11","[""The Legend of Neil"", ""The Legend of Zelda: Twilight Princess""]","[5, 11]",2
2hop__124932_278133,Who was the father of Jujhar Singh's father?,Guru Tegh Bahadur,[],1,"musique_2hop__124932_278133_13,musique_2hop__124932_278133_17","[""Jujhar Singh"", ""Gurdwara Guru ka Bagh""]","[13, 17]",2
2hop__756620_127399,What year did the Leone brothers start their band?,2005,[],1,"musique_2hop__756620_127399_3,musique_2hop__756620_127399_19","[""Madina Lake"", ""Matthew Leone""]","[3, 19]",2
2hop__142881_127399,"When was the performer of the album From Them, Through Us, to You formed?",2005,[],1,"musique_2hop__142881_127399_1,musique_2hop__142881_127399_15","[""Madina Lake"", ""From Them, Through Us, to You""]","[1, 15]",2
2hop__807257_590611,Who is a cast member of the show that contains the character Michael Knight?,Deanna Russo,"[""Bruce Davison""]",1,"musique_2hop__807257_590611_11,musique_2hop__807257_590611_14","[""Michael Knight (Knight Rider)"", ""Knight Rider (2008 TV series)""]","[11, 14]",2
2hop__606439_127399,"What year did the group that performed From Them, Through Us, to You form?",2005,[],1,"musique_2hop__606439_127399_5,musique_2hop__606439_127399_13","[""Madina Lake"", ""From Them, Through Us, to You""]","[5, 13]",2
2hop__347686_127399,In what year was the group who performed Attics To Eden formed?,2005,[],1,"musique_2hop__347686_127399_3,musique_2hop__347686_127399_14","[""Attics to Eden"", ""Madina Lake""]","[3, 14]",2
2hop__39420_39345,When did the president of Notre Dame in 2012 begin his tenure?,2005,[],1,"musique_2hop__39420_39345_7,musique_2hop__39420_39345_18","[""University of Notre Dame"", ""University of Notre Dame""]","[7, 18]",2
2hop__42747_83837,Who sings Home Alone Tonight with the singer of Light It Up?,Karen Fairchild,[],1,"musique_2hop__42747_83837_9,musique_2hop__42747_83837_19","[""Light It Up (Luke Bryan song)"", ""Home Alone Tonight""]","[9, 19]",2
2hop__215124_83837,Who sings Home Alone Tonight with the Rain is a Good Thing singer?,Karen Fairchild,[],1,"musique_2hop__215124_83837_4,musique_2hop__215124_83837_19","[""Home Alone Tonight"", ""Rain Is a Good Thing""]","[4, 19]",2
2hop__88372_83837,Who sings home alone tonight with the singer of you can crash my party anytime?,Karen Fairchild,[],1,"musique_2hop__88372_83837_10,musique_2hop__88372_83837_15","[""Crash My Party"", ""Home Alone Tonight""]","[10, 15]",2
2hop__409884_83837,Who sings Home Alone Tonight with the Country Girl (Shake It for Me) performer?,Karen Fairchild,[],1,"musique_2hop__409884_83837_12,musique_2hop__409884_83837_17","[""Country Girl (Shake It for Me)"", ""Home Alone Tonight""]","[12, 17]",2
2hop__45296_83837,Who duets with the singer of Someone Else Calling You Baby on the song Home Alone Tonight?,Karen Fairchild,[],1,"musique_2hop__45296_83837_4,musique_2hop__45296_83837_5","[""Home Alone Tonight"", ""Someone Else Calling You Baby""]","[4, 5]",2
2hop__735014_83837,"Who sings Home Alone Tonight with the singer of ""I Don't Want This Night to End""?",Karen Fairchild,[],1,"musique_2hop__735014_83837_1,musique_2hop__735014_83837_13","[""I Don't Want This Night to End"", ""Home Alone Tonight""]","[1, 13]",2
2hop__461639_83837,"Who sing ""Home Alone Tonight"" with the performer of ""country Man""?",Karen Fairchild,[],1,"musique_2hop__461639_83837_13,musique_2hop__461639_83837_16","[""Home Alone Tonight"", ""Country Man""]","[13, 16]",2
2hop__81659_52835,Who wrote Turn Me On by the singer of Come Away with Me?,John D. Loudermilk,[],1,"musique_2hop__81659_52835_14,musique_2hop__81659_52835_16","[""Come Away with Me"", ""Turn Me On (Mark Dinning song)""]","[14, 16]",2
2hop__689472_52835,Who wrote the song turn me on that is performed by performer of Feelin' the Same Way?,John D. Loudermilk,[],1,"musique_2hop__689472_52835_8,musique_2hop__689472_52835_17","[""Turn Me On (Mark Dinning song)"", ""Feelin' the Same Way""]","[8, 17]",2
2hop__747667_52835,Who wrote Turn Me On by the Thinking About You performer?,John D. Loudermilk,[],1,"musique_2hop__747667_52835_0,musique_2hop__747667_52835_11","[""Turn Me On (Mark Dinning song)"", ""Thinking About You (Norah Jones song)""]","[0, 11]",2
2hop__166820_52835,"Who wrote turn me on, which was performed by the person who also performed Chasing Pirates?",John D. Loudermilk,[],1,"musique_2hop__166820_52835_10,musique_2hop__166820_52835_19","[""Turn Me On (Mark Dinning song)"", ""Chasing Pirates""]","[10, 19]",2
2hop__85931_108632,Who created the main character of The Godfather?,Mario Puzo,[],1,"musique_2hop__85931_108632_1,musique_2hop__85931_108632_2","[""Vito Corleone"", ""The Godfather""]","[1, 2]",2
2hop__284789_52835,Who wrote Turn Me On by the performer who also did Sinkin' Soon?,John D. Loudermilk,[],1,"musique_2hop__284789_52835_3,musique_2hop__284789_52835_8","[""Sinkin' Soon"", ""Turn Me On (Mark Dinning song)""]","[3, 8]",2
2hop__525242_52835,"Who wrote ""Turn Me On"" by performer of ""Happy Pills""?",John D. Loudermilk,[],1,"musique_2hop__525242_52835_0,musique_2hop__525242_52835_15","[""Turn Me On (Mark Dinning song)"", ""Happy Pills (song)""]","[0, 15]",2
2hop__545711_52835,"Who wrote Turn Me On by the performer of Live from Austin, TX?",John D. Loudermilk,[],1,"musique_2hop__545711_52835_10,musique_2hop__545711_52835_11","[""Turn Me On (Mark Dinning song)"", ""Live from Austin, TX (Norah Jones DVD)""]","[10, 11]",2
2hop__20256_71302,"In The Godfather, who does the actor producing the Freddie Mercury film play?",Vito Corleone,"[""Vito Andolini"", ""Vito Andolini Corleone""]",1,"musique_2hop__20256_71302_3,musique_2hop__20256_71302_18","[""Queen (band)"", ""The Godfather Part II""]","[3, 18]",2
2hop__475808_74481,"In The Godfather Part II, who did the producer of Mistress play?",Vito Corleone,"[""Vito Andolini"", ""Vito Andolini Corleone""]",1,"musique_2hop__475808_74481_1,musique_2hop__475808_74481_12","[""Mistress (1992 film)"", ""The Godfather Part II""]","[1, 12]",2
2hop__20256_74481,The Freddie Mercury film's producer played who in Godfather 2?,Vito Corleone,"[""Vito Andolini"", ""Vito Andolini Corleone""]",1,"musique_2hop__20256_74481_4,musique_2hop__20256_74481_19","[""Queen (band)"", ""The Godfather Part II""]","[4, 19]",2
2hop__370911_589237,Who is the spouse of the Redcap cast member?,Sheila Hancock,[],1,"musique_2hop__370911_589237_8,musique_2hop__370911_589237_14","[""Redcap (TV series)"", ""The Two of Us: My Life with John Thaw""]","[8, 14]",2
2hop__734582_71302,Who is played by the director of The Good Shepherd in The Godfather?,Vito Corleone,"[""Vito Andolini"", ""Vito Andolini Corleone""]",1,"musique_2hop__734582_71302_10,musique_2hop__734582_71302_11","[""The Good Shepherd (film)"", ""The Godfather Part II""]","[10, 11]",2
2hop__31094_31122,The author of Alciphron lived in what century?,18th,"[""18th-century""]",1,"musique_2hop__31094_31122_2,musique_2hop__31094_31122_15","[""Idealism"", ""Empiricism""]","[2, 15]",2
2hop__475808_71302,"In The Godfather, who does the producer of Mistress play?",Vito Corleone,"[""Vito Andolini"", ""Vito Andolini Corleone""]",1,"musique_2hop__475808_71302_2,musique_2hop__475808_71302_8","[""The Godfather Part II"", ""Mistress (1992 film)""]","[2, 8]",2
2hop__734582_74481,Who was played by the director of The Good Shepherd in The Godfather Part II?,Vito Corleone,"[""Vito Andolini"", ""Vito Andolini Corleone""]",1,"musique_2hop__734582_74481_3,musique_2hop__734582_74481_14","[""The Good Shepherd (film)"", ""The Godfather Part II""]","[3, 14]",2
2hop__145288_502838,Which administrative territorial entity was Roger Franklin born in?,Dallas County,"[""Dallas County, Texas""]",1,"musique_2hop__145288_502838_6,musique_2hop__145288_502838_15","[""Duncanville, Texas"", ""Roger Franklin""]","[6, 15]",2
2hop__31091_31122,"What century did the author of ""Treatise Concerning the Principles of Human Knowldege"" live in?",18th,"[""18th-century"", ""18th century""]",1,"musique_2hop__31091_31122_10,musique_2hop__31091_31122_19","[""Empiricism"", ""Idealism""]","[10, 19]",2
2hop__167577_31122,What century did the author of A Treatise Concerning the Principles of Human Knowledge live in?,18th,"[""18th-century"", ""18th century""]",1,"musique_2hop__167577_31122_10,musique_2hop__167577_31122_14","[""A Treatise Concerning the Principles of Human Knowledge"", ""Idealism""]","[10, 14]",2
2hop__31124_31122,What century did a notable subjective idealist live in?,18th,"[""18th-century"", ""18th century""]",1,"musique_2hop__31124_31122_9,musique_2hop__31124_31122_15","[""Idealism"", ""Idealism""]","[9, 15]",2
2hop__31124_31093,What nationality was the notable subjective idealist?,Irish,[],1,"musique_2hop__31124_31093_2,musique_2hop__31124_31093_16","[""Empiricism"", ""Idealism""]","[2, 16]",2
2hop__65202_712629,Who is the spouse of the owner of the British Virgin Islands?,Philip Mountbatten,[],1,"musique_2hop__65202_712629_3,musique_2hop__65202_712629_17","[""British Virgin Islands"", ""Wedding dress of Princess Elizabeth""]","[3, 17]",2
2hop__132472_120537,When was the company that makes ALARM abolished?,30 November 1999,[],1,"musique_2hop__132472_120537_6,musique_2hop__132472_120537_7","[""ALARM"", ""British Aerospace""]","[6, 7]",2
2hop__61924_712629,Who is the spouse of the current queen of England?,Philip Mountbatten,[],1,"musique_2hop__61924_712629_7,musique_2hop__61924_712629_10","[""Wedding dress of Princess Elizabeth"", ""Elizabeth II""]","[7, 10]",2
2hop__20685_712629,Who was the spouse of the British queen?,Philip Mountbatten,[],1,"musique_2hop__20685_712629_1,musique_2hop__20685_712629_13","[""Wedding dress of Princess Elizabeth"", ""British Empire""]","[1, 13]",2
2hop__73760_712629,Who is the spouse of the individual who lives in the houses in Windsor Castle?,Philip Mountbatten,[],1,"musique_2hop__73760_712629_7,musique_2hop__73760_712629_11","[""Wedding dress of Princess Elizabeth"", ""Windsor Castle""]","[7, 11]",2
2hop__135029_712629,"Who is the spouse of Prince Edward, Earl of Wessex's mother?",Philip Mountbatten,[],1,"musique_2hop__135029_712629_9,musique_2hop__135029_712629_10","[""Prince Edward, Earl of Wessex"", ""Wedding dress of Princess Elizabeth""]","[9, 10]",2
2hop__132929_120537,When was the company that makes Skyflash abolished?,30 November 1999,[],1,"musique_2hop__132929_120537_7,musique_2hop__132929_120537_14","[""British Aerospace"", ""Skyflash""]","[7, 14]",2
2hop__71900_712629,Who is the spouse of the longest reigning British monarch?,Philip Mountbatten,[],1,"musique_2hop__71900_712629_6,musique_2hop__71900_712629_19","[""List of monarchs in Britain by length of reign"", ""Wedding dress of Princess Elizabeth""]","[6, 19]",2
2hop__797443_120537,When was the organization that manufactured BAe 146 abolished?,30 November 1999,[],1,"musique_2hop__797443_120537_15,musique_2hop__797443_120537_19","[""British Aerospace"", ""Avro International Aerospace""]","[15, 19]",2
2hop__132929_684936,What company eventually became the company that made the Skyflash missle?,BAC,[],1,"musique_2hop__132929_684936_14,musique_2hop__132929_684936_15","[""Skyflash"", ""Sea Wolf (missile)""]","[14, 15]",2
2hop__132472_684936,The company making ALARM follows which company?,BAC,[],1,"musique_2hop__132472_684936_3,musique_2hop__132472_684936_6","[""Sea Wolf (missile)"", ""ALARM""]","[3, 6]",2
2hop__20268_42014,How many members in the seats of the organization that enacted the Directory of Public Worship into law are members of the Scottish Government?,2,[],1,"musique_2hop__20268_42014_1,musique_2hop__20268_42014_8","[""Presbyterianism"", ""Scottish Parliament""]","[1, 8]",2
2hop__63214_319330,Who is the child of the president under whom prohibition occurred?,Jessie Woodrow Wilson,"[""Jessie Woodrow Wilson Sayre""]",1,"musique_2hop__63214_319330_9,musique_2hop__63214_319330_17","[""Jessie Woodrow Wilson Sayre"", ""Prohibition in the United States""]","[9, 17]",2
2hop__130668_126089,Who was in charge of the state where Graft-De Rijp is located?,Johan Remkes,[],1,"musique_2hop__130668_126089_5,musique_2hop__130668_126089_9","[""North Holland"", ""Graft-De Rijp""]","[5, 9]",2
2hop__72660_319330,Who is the child of the first person who gave in person state of the union?,Jessie Woodrow Wilson,"[""Jessie Woodrow Wilson Sayre""]",1,"musique_2hop__72660_319330_10,musique_2hop__72660_319330_15","[""State of the Union"", ""Jessie Woodrow Wilson Sayre""]","[10, 15]",2
2hop__92716_319330,Who was the child of the person who started the State of the Union address?,Jessie Woodrow Wilson,"[""Jessie Woodrow Wilson Sayre""]",1,"musique_2hop__92716_319330_9,musique_2hop__92716_319330_13","[""State of the Union"", ""Jessie Woodrow Wilson Sayre""]","[9, 13]",2
2hop__87053_319330,Who was the child of the 28th U.S. president?,Jessie Woodrow Wilson,"[""Jessie Woodrow Wilson Sayre""]",1,"musique_2hop__87053_319330_7,musique_2hop__87053_319330_12","[""Woodrow Wilson"", ""Jessie Woodrow Wilson Sayre""]","[7, 12]",2
2hop__498251_126089,Who was in charge of the area where Laren is located?,Johan Remkes,[],1,"musique_2hop__498251_126089_6,musique_2hop__498251_126089_11","[""Laren, North Holland"", ""North Holland""]","[6, 11]",2
2hop__25788_25855,Drives attached via an industry standard connector remain powered when the computer is off using what Dell feature?,PowerShare,[],1,"musique_2hop__25788_25855_7,musique_2hop__25788_25855_10","[""USB"", ""USB""]","[7, 10]",2
2hop__552607_126089,Who was in charge of the province which contains Zeevang?,Johan Remkes,[],1,"musique_2hop__552607_126089_4,musique_2hop__552607_126089_10","[""North Holland"", ""Zeevang""]","[4, 10]",2
2hop__731956_126089,Who was in charge of the place where Castricum is located?,Johan Remkes,[],1,"musique_2hop__731956_126089_4,musique_2hop__731956_126089_18","[""Castricum"", ""North Holland""]","[4, 18]",2
2hop__804417_126089,Who was in charge of the place where Bergen is located?,Johan Remkes,[],1,"musique_2hop__804417_126089_4,musique_2hop__804417_126089_8","[""Bergen, North Holland"", ""North Holland""]","[4, 8]",2
2hop__538412_126089,Who was in charge of the province where Schermer is located?,Johan Remkes,[],1,"musique_2hop__538412_126089_2,musique_2hop__538412_126089_10","[""North Holland"", ""Schermer""]","[2, 10]",2
2hop__25788_25839,What is the maximum load drawn by the device that was designed to standardize connection of computer peripherals?,five unit loads,[],1,"musique_2hop__25788_25839_0,musique_2hop__25788_25839_12","[""USB"", ""USB""]","[0, 12]",2
2hop__276637_126089,Who was in charge of the area where Pavilion Welgelegen is located?,Johan Remkes,[],1,"musique_2hop__276637_126089_6,musique_2hop__276637_126089_14","[""Villa Welgelegen"", ""North Holland""]","[6, 14]",2
2hop__25788_990,In which generation did iPod start providing compatibility with the object designed to standardize connection of computer peripherals?,third generation,[],1,"musique_2hop__25788_990_4,musique_2hop__25788_990_9","[""IPod"", ""USB""]","[4, 9]",2
2hop__639445_567836,What county is Gerald T. Whelan's birthplace located in?,Adams County,"[""Adams County, Nebraska""]",1,"musique_2hop__639445_567836_15,musique_2hop__639445_567836_17","[""Gerald T. Whelan"", ""Hastings, Nebraska""]","[15, 17]",2
2hop__25797_25855,"What does Dell call the feature that enables drives using the feature where 1.1 was the first widely used version, to remain powered when a computer is off?",PowerShare,[],1,"musique_2hop__25797_25855_4,musique_2hop__25797_25855_14","[""USB"", ""USB""]","[4, 14]",2
2hop__998_25855,What does dell call the feature letting the interface replacing FireWire in later iterations of the iPod drives to remain powered when the computer is off?,PowerShare,[],1,"musique_2hop__998_25855_2,musique_2hop__998_25855_4","[""USB"", ""IPod""]","[2, 4]",2
2hop__731584_700117,In which county is the city to which KKVU is licensed to broadcast?,Berrien County,[],1,"musique_2hop__731584_700117_1,musique_2hop__731584_700117_7","[""KKVU"", ""Stevensville, Michigan""]","[1, 7]",2
2hop__25797_990,Which iPod generation introduced compatibility with the industry standard connection that was first widely used at version 1.1?,third generation,[],1,"musique_2hop__25797_990_5,musique_2hop__25797_990_10","[""IPod"", ""USB""]","[5, 10]",2
2hop__466700_214359,"Who is one of the members of the music group that performed ""Good Little Girls""?",Aaron Benward,[],1,"musique_2hop__466700_214359_14,musique_2hop__466700_214359_17","[""Blue County (music group)"", ""Good Little Girls (song)""]","[14, 17]",2
2hop__25797_25839,What is the maximum amount of load that can be drawn by the device where 1.1 was the first widely used version?,five unit loads,[],1,"musique_2hop__25797_25839_9,musique_2hop__25797_25839_17","[""USB"", ""USB""]","[9, 17]",2
2hop__998_25839,What is the maximum load drawn by the 1.0 and 2.0 versions of the device that replaced FireWire in later iPods?,five unit loads,[],1,"musique_2hop__998_25839_2,musique_2hop__998_25839_3","[""IPod"", ""USB""]","[2, 3]",2
2hop__463884_807572,What county is the Ira C. Allen Mansion located in?,Monmouth County,[],1,"musique_2hop__463884_807572_8,musique_2hop__463884_807572_9","[""Ira C. Allen Mansion"", ""13th Legislative District (New Jersey)""]","[8, 9]",2
2hop__83785_461854,Who was the spouse of the leading lady in Gone With the wind?,Laurence Olivier,[],1,"musique_2hop__83785_461854_7,musique_2hop__83785_461854_13","[""Gone with the Wind (film)"", ""Darlings of the Gods""]","[7, 13]",2
2hop__135336_461854,Who was Suzanne Farrington's mother's spouse?,Laurence Olivier,[],1,"musique_2hop__135336_461854_15,musique_2hop__135336_461854_17","[""Suzanne Farrington"", ""Darlings of the Gods""]","[15, 17]",2
2hop__84847_148696,What is the position of the 1st governor general of India?,Governor-General of India,"[""Viceroy of India""]",1,"musique_2hop__84847_148696_13,musique_2hop__84847_148696_14","[""Governor-General of India"", ""Warren Hastings""]","[13, 14]",2
2hop__78873_461854,Who is the female star in Gone with the Wind married to?,Laurence Olivier,[],1,"musique_2hop__78873_461854_5,musique_2hop__78873_461854_16","[""Gone with the Wind (film)"", ""Darlings of the Gods""]","[5, 16]",2
2hop__78766_461854,Who is the spouse of the actor who played Scarlet in Gone with the wind?,Laurence Olivier,[],1,"musique_2hop__78766_461854_14,musique_2hop__78766_461854_18","[""Darlings of the Gods"", ""Vivien Leigh""]","[14, 18]",2
2hop__59274_461854,Who was the spouse of the actor who played Scarlett in Gone With the Wind?,Laurence Olivier,[],1,"musique_2hop__59274_461854_5,musique_2hop__59274_461854_13","[""Darlings of the Gods"", ""Vivien Leigh""]","[5, 13]",2
2hop__63002_461854,Who is the spouse of the actress who plays Scarlett in Gone With the Wind?,Laurence Olivier,[],1,"musique_2hop__63002_461854_8,musique_2hop__63002_461854_9","[""Darlings of the Gods"", ""Scarlett O'Hara""]","[8, 9]",2
2hop__75714_148696,What is the position of the first governor general of India?,Governor-General of India,"[""Viceroy of India""]",1,"musique_2hop__75714_148696_8,musique_2hop__75714_148696_14","[""Governor-General of India"", ""Warren Hastings""]","[8, 14]",2
2hop__80834_21969,When was the person who was the first viceroy of the British Empire in India impeached?,1786,[],1,"musique_2hop__80834_21969_3,musique_2hop__80834_21969_7","[""Edmund Burke"", ""Governor-General of India""]","[3, 7]",2
2hop__363216_787353,Where is the headquarters of the 1st Combat Communication Squadron located?,Ramstein-Miesenbach,[],1,"musique_2hop__363216_787353_8,musique_2hop__363216_787353_12","[""1st Combat Communications Squadron"", ""Ramstein-Miesenbach""]","[8, 12]",2
2hop__84937_148696,What is the position of the person impeached in England for acts committed as governor general of India?,Governor-General of India,"[""Viceroy of India""]",1,"musique_2hop__84937_148696_3,musique_2hop__84937_148696_8","[""Impeachment of Warren Hastings"", ""Warren Hastings""]","[3, 8]",2
2hop__446324_620302,The author of Elizabeth and After attended which university?,University of Toronto,"[""UT""]",1,"musique_2hop__446324_620302_10,musique_2hop__446324_620302_11","[""Elizabeth and After"", ""Matt Cohen (writer)""]","[10, 11]",2
2hop__84847_21969,When was the 1st governor general of India impeached?,1786,[],1,"musique_2hop__84847_21969_9,musique_2hop__84847_21969_18","[""Governor-General of India"", ""Edmund Burke""]","[9, 18]",2
2hop__84937_21969,When was Q1 who was impeached in england for acts committed as governor general of india impeached?,1786,[],1,"musique_2hop__84937_21969_16,musique_2hop__84937_21969_18","[""Edmund Burke"", ""Impeachment of Warren Hastings""]","[16, 18]",2
2hop__711946_269414,What record label is the performer who released All Your Faded Things on?,Kill Rock Stars,[],1,"musique_2hop__711946_269414_3,musique_2hop__711946_269414_4","[""All Your Faded Things"", ""This Is an Exercise""]","[3, 4]",2
2hop__75714_21969,When was the first governor general of India impeached?,1786,[],1,"musique_2hop__75714_21969_8,musique_2hop__75714_21969_18","[""Governor-General of India"", ""Edmund Burke""]","[8, 18]",2
2hop__80834_148696,What is the position of the first Viceroy of the British Empire in India?,Governor-General of India,"[""Viceroy of India""]",1,"musique_2hop__80834_148696_8,musique_2hop__80834_148696_14","[""Warren Hastings"", ""Governor-General of India""]","[8, 14]",2
2hop__729651_631003,Who is Frances Freeling Broderip's sibling?,Tom Hood,"[""Thomas Hood""]",1,"musique_2hop__729651_631003_8,musique_2hop__729651_631003_13","[""Frances Freeling Broderip"", ""Tom Hood""]","[8, 13]",2
2hop__200391_44187,"In the Tom Hanks movie Castaway, what is the object with the same name as Vance Page's place of death?",a Wilson volleyball,[],1,"musique_2hop__200391_44187_2,musique_2hop__200391_44187_14","[""Cast Away"", ""Vance Page""]","[2, 14]",2
2hop__57638_88526,Who was picked in the NBA draft before the player with the highest point average in NBA history?,Greg Oden,[],1,"musique_2hop__57638_88526_6,musique_2hop__57638_88526_11","[""List of National Basketball Association annual scoring leaders"", ""2007 NBA draft""]","[6, 11]",2
2hop__725233_150107,Who published Communications of the publisher of the Mobile Computing and Communications Review?,Association for Computing Machinery,"[""ACM""]",1,"musique_2hop__725233_150107_8,musique_2hop__725233_150107_19","[""Mobile Computing and Communications Review"", ""Communications of the ACM""]","[8, 19]",2
2hop__196348_150107,Who published Communications of the organization that Andries van Dam is a member of?,Association for Computing Machinery,"[""ACM""]",1,"musique_2hop__196348_150107_0,musique_2hop__196348_150107_10","[""Communications of the ACM"", ""ACM SIGGRAPH""]","[0, 10]",2
2hop__66167_88526,Who was picked before the player who has the most points in an NBA season in the NBA draft?,Greg Oden,[],1,"musique_2hop__66167_88526_1,musique_2hop__66167_88526_7","[""List of National Basketball Association annual scoring leaders"", ""2007 NBA draft""]","[1, 7]",2
2hop__723101_150107,Who published Communication of the association that W. Bruce Croft is a member of?,Association for Computing Machinery,"[""ACM""]",1,"musique_2hop__723101_150107_6,musique_2hop__723101_150107_12","[""W. Bruce Croft"", ""Communications of the ACM""]","[6, 12]",2
2hop__788087_150107,Who published the Communication of the association that Deborah Estrin is a member of?,Association for Computing Machinery,"[""ACM""]",1,"musique_2hop__788087_150107_7,musique_2hop__788087_150107_18","[""Deborah Estrin"", ""Communications of the ACM""]","[7, 18]",2
2hop__852122_150107,Who published Communications of the agency that Michael Schroeder is a member of ?,Association for Computing Machinery,"[""ACM""]",1,"musique_2hop__852122_150107_0,musique_2hop__852122_150107_17","[""Michael Schroeder"", ""Communications of the ACM""]","[0, 17]",2
2hop__66167_90991,Who was picked over the player who has scored the most points in an NBA season in the draft?,Greg Oden,[],1,"musique_2hop__66167_90991_6,musique_2hop__66167_90991_14","[""List of National Basketball Association annual scoring leaders"", ""2007 NBA draft""]","[6, 14]",2
2hop__589264_150107,Who published the Communications of the group that Zhengyou Zhang is a member of?,Association for Computing Machinery,"[""ACM""]",1,"musique_2hop__589264_150107_11,musique_2hop__589264_150107_15","[""Communications of the ACM"", ""Zhengyou Zhang""]","[11, 15]",2
2hop__57638_615257,What team is the person with the highest point average in NBA history on?,Oklahoma City Thunder,[],1,"musique_2hop__57638_615257_10,musique_2hop__57638_615257_15","[""List of National Basketball Association annual scoring leaders"", ""2009\u201310 Oklahoma City Thunder season""]","[10, 15]",2
2hop__57638_72467,What team picked the highest point average holder in NBA history in the NBA draft?,Seattle SuperSonics,"[""Sonics""]",1,"musique_2hop__57638_72467_10,musique_2hop__57638_72467_17","[""List of National Basketball Association annual scoring leaders"", ""2007 NBA draft""]","[10, 17]",2
2hop__280583_229757,Who is the spouse of the creator of The Mighty B?,Will Arnett,[],1,"musique_2hop__280583_229757_6,musique_2hop__280583_229757_16","[""The Mighty B!"", ""On Broadway (film)""]","[6, 16]",2
2hop__66167_72467,Where did the player who scored the most points in a NBA season go in the NBA Draft?,Seattle SuperSonics,"[""Sonics""]",1,"musique_2hop__66167_72467_15,musique_2hop__66167_72467_16","[""List of National Basketball Association annual scoring leaders"", ""2007 NBA draft""]","[15, 16]",2
2hop__57638_90991,Who was picked over the player with the highest point average in NBA history in the draft?,Greg Oden,[],1,"musique_2hop__57638_90991_4,musique_2hop__57638_90991_18","[""List of National Basketball Association annual scoring leaders"", ""2007 NBA draft""]","[4, 18]",2
2hop__66167_615257,What team does the player with the most points in a NBA season play for?,Oklahoma City Thunder,[],1,"musique_2hop__66167_615257_5,musique_2hop__66167_615257_12","[""2009\u201310 Oklahoma City Thunder season"", ""List of National Basketball Association annual scoring leaders""]","[5, 12]",2
2hop__805610_392181,"What did the director of ""A Stitch for Time"" win at the 54th Academy Awards?",Academy Award for Best Documentary (Short Subject),[],1,"musique_2hop__805610_392181_4,musique_2hop__805610_392181_9","[""Close Harmony (1981 film)"", ""A Stitch for Time""]","[4, 9]",2
2hop__445963_6063,What is the population of Francis Watson's birthplace?,"4,255",[],1,"musique_2hop__445963_6063_4,musique_2hop__445963_6063_19","[""Francis Watson (cricketer)"", ""Saint Helena""]","[4, 19]",2
2hop__161872_21567,Who in the14th century introduced musical notation used where Jack later participated in a covert mission?,John Kukuzelis,[],1,"musique_2hop__161872_21567_2,musique_2hop__161872_21567_17","[""Late Middle Ages"", ""24 (TV series)""]","[2, 17]",2
2hop__445963_6095,When was the importation of slaves banned in the birthplace of Francis Watson?,1792,[],1,"musique_2hop__445963_6095_8,musique_2hop__445963_6095_10","[""Saint Helena"", ""Francis Watson (cricketer)""]","[8, 10]",2
2hop__445963_6098,Over how many slaves ended up getting emancipated on the birth place of Francis Watson?,800,[],1,"musique_2hop__445963_6098_2,musique_2hop__445963_6098_15","[""Francis Watson (cricketer)"", ""Saint Helena""]","[2, 15]",2
2hop__8496_21567,Who introduced a system of musical notation used during the 14th century in the place where there is no evidence of a Slavic settlement before c. 600 AD?,John Kukuzelis,[],1,"musique_2hop__8496_21567_5,musique_2hop__8496_21567_19","[""Slavs"", ""Late Middle Ages""]","[5, 19]",2
2hop__157602_21567,"In the 14th century, who introduced a system of musical notation used in the area where 3% of Turkey is located?",John Kukuzelis,[],1,"musique_2hop__157602_21567_12,musique_2hop__157602_21567_15","[""Late Middle Ages"", ""Geography of Turkey""]","[12, 15]",2
2hop__10900_21567,Who introduced a system of musical notation in the 14th century used in the area where the Ottoman slave trade flourished?,John Kukuzelis,[],1,"musique_2hop__10900_21567_14,musique_2hop__10900_21567_19","[""Late Middle Ages"", ""Black people""]","[14, 19]",2
2hop__802991_443552,What is the capital of the county where Fort Deposit is located?,Hayneville,"[""Hayneville, Alabama""]",1,"musique_2hop__802991_443552_9,musique_2hop__802991_443552_15","[""Fort Deposit, Alabama"", ""Hayneville, Alabama""]","[9, 15]",2
2hop__10515_21567,Who introduced a system of musical notation in the 14th century that is used in the area where most of the invasion of the eastern Roman Empire took place?,John Kukuzelis,[],1,"musique_2hop__10515_21567_1,musique_2hop__10515_21567_15","[""Late Middle Ages"", ""Middle Ages""]","[1, 15]",2
2hop__510647_507085,Who is the father of the person that Crockett County is named after?,John Crockett,[],1,"musique_2hop__510647_507085_0,musique_2hop__510647_507085_15","[""Crockett County"", ""John Crockett (frontiersman)""]","[0, 15]",2
2hop__70490_21567,"Who introduced a system of musical notation used in the region referred to as ""the powderkeg of Europe"" in the 14th century?",John Kukuzelis,[],1,"musique_2hop__70490_21567_8,musique_2hop__70490_21567_13","[""Powder keg of Europe"", ""Late Middle Ages""]","[8, 13]",2
2hop__17455_21567,Who introduced a system of musical notation used in the region the Romans aimed to re-bolster influence in after the Second Punic war in the 14th century?,John Kukuzelis,[],1,"musique_2hop__17455_21567_8,musique_2hop__17455_21567_16","[""Late Middle Ages"", ""Hellenistic period""]","[8, 16]",2
2hop__496792_392646,A participant of the Battle of Brechin is an instance of?,Scottish clan,[],1,"musique_2hop__496792_392646_8,musique_2hop__496792_392646_19","[""Battle of Brechin"", ""Clan Gordon""]","[8, 19]",2
2hop__9930_21567,Who introduced a system of musical notation used in the region that has no mention in the 14th century?,John Kukuzelis,[],1,"musique_2hop__9930_21567_7,musique_2hop__9930_21567_18","[""Near East"", ""Late Middle Ages""]","[7, 18]",2
2hop__24973_5674,Who suspended the party that would have maintained power if the treaty was signed in the Russian Soviet Federative Socialist Republic?,Yeltsin,"[""Boris Yeltsin""]",1,"musique_2hop__24973_5674_0,musique_2hop__24973_5674_10","[""Russian Soviet Federative Socialist Republic"", ""Dissolution of the Soviet Union""]","[0, 10]",2
2hop__24697_578772,The name of the Chinese capitol Kanmu modeled his government after is an instance of what?,Chinese surname,"[""surname""]",1,"musique_2hop__24697_578772_3,musique_2hop__24697_578772_15","[""T\u00e1ng (surname)"", ""Heian period""]","[3, 15]",2
2hop__83938_5666,Who was the first president in the country where the Kamchatka Peninsula is located?,Yeltsin,[],1,"musique_2hop__83938_5666_5,musique_2hop__83938_5666_8","[""Kamchatka Peninsula"", ""Russian Soviet Federative Socialist Republic""]","[5, 8]",2
2hop__24697_634490,Who is the sibling of Shu Yu from the Chinese capital that Kanmu modeled his government after?,King Cheng of Zhou,[],1,"musique_2hop__24697_634490_17,musique_2hop__24697_634490_18","[""Heian period"", ""Shu Yu of Tang""]","[17, 18]",2
2hop__5658_25002,How long did the pact last between Kravchuk and the person who signed the decree suspending the Communist Party of the Russian SFSR?,10-year,[],1,"musique_2hop__5658_25002_14,musique_2hop__5658_25002_18","[""Dissolution of the Soviet Union"", ""Russian Soviet Federative Socialist Republic""]","[14, 18]",2
2hop__502473_634689,Mehmet Hayri Tarhan's birthplace is the capital of what municipality?,Malko Tarnovo Municipality,[],1,"musique_2hop__502473_634689_12,musique_2hop__502473_634689_14","[""Mehmet Hayri Tarhan"", ""Malko Tarnovo Municipality""]","[12, 14]",2
2hop__5658_161105,By how many votes did the signer of the decree suspending the Communist Party of the Russian SFSR survive impeachment?,72,[],1,"musique_2hop__5658_161105_2,musique_2hop__5658_161105_14","[""Russian Soviet Federative Socialist Republic"", ""1993 Russian constitutional crisis""]","[2, 14]",2
2hop__24976_161105,By how many votes did the person the organizers wanted to arrest survive impeachment?,72,[],1,"musique_2hop__24976_161105_4,musique_2hop__24976_161105_5","[""Dissolution of the Soviet Union"", ""1993 Russian constitutional crisis""]","[4, 5]",2
2hop__24976_25002,how long lasting was the pact between Kravchuk and the person organizers wanted to arrest?,10-year,[],1,"musique_2hop__24976_25002_0,musique_2hop__24976_25002_3","[""Dissolution of the Soviet Union"", ""Dissolution of the Soviet Union""]","[0, 3]",2
2hop__739909_807845,What publisher was formed from the owner of the The Daily News?,Digital First Media,"[""MediaNews Group""]",1,"musique_2hop__739909_807845_2,musique_2hop__739909_807845_13","[""The Daily News (Palo Alto)"", ""The Monterey County Herald""]","[2, 13]",2
2hop__152229_604644,What was the record label of the record label of So Insane?,429 Records,[],1,"musique_2hop__152229_604644_5,musique_2hop__152229_604644_16","[""Magic (Smash Mouth album)"", ""So Insane""]","[5, 16]",2
2hop__123214_22402,How many students attend Daniel Thürer's university?,"nearly 25,000","[""University of Zurich""]",1,"musique_2hop__123214_22402_0,musique_2hop__123214_22402_13","[""Daniel Th\u00fcrer"", ""Switzerland""]","[0, 13]",2
2hop__71336_604644,Which record label does the band who sang hey now you're an allstar belong to?,429 Records,[],1,"musique_2hop__71336_604644_15,musique_2hop__71336_604644_17","[""Magic (Smash Mouth album)"", ""All Star (song)""]","[15, 17]",2
2hop__56307_604644,"What is the record label of the Hey Now, You're A Rockstar singer?",429 Records,[],1,"musique_2hop__56307_604644_8,musique_2hop__56307_604644_9","[""All Star (song)"", ""Magic (Smash Mouth album)""]","[8, 9]",2
2hop__59612_42429,When did the French and Indian War end on the continent where London Broil comes from?,10 February 1763,[],1,"musique_2hop__59612_42429_10,musique_2hop__59612_42429_11","[""London broil"", ""French and Indian War""]","[10, 11]",2
2hop__810884_22402,How many students attend the university that Edith Humphrey was educated?,"nearly 25,000","[""University of Zurich""]",1,"musique_2hop__810884_22402_2,musique_2hop__810884_22402_9","[""Edith Humphrey"", ""Switzerland""]","[2, 9]",2
2hop__259267_22402,How many students attend where Rudolf Wolf was educated?,"nearly 25,000","[""University of Zurich""]",1,"musique_2hop__259267_22402_5,musique_2hop__259267_22402_7","[""Switzerland"", ""Rudolf Wolf""]","[5, 7]",2
2hop__632870_22402,How many students attend where Andre Dreiding is employed?,"nearly 25,000","[""University of Zurich""]",1,"musique_2hop__632870_22402_6,musique_2hop__632870_22402_17","[""Switzerland"", ""Andr\u00e9 Dreiding""]","[6, 17]",2
2hop__650138_22402,How many students attend the school where Max Huber attended?,"nearly 25,000","[""University of Zurich""]",1,"musique_2hop__650138_22402_1,musique_2hop__650138_22402_16","[""Switzerland"", ""Max Huber (statesman)""]","[1, 16]",2
2hop__161151_50883,Which section of the emergency response guidebook of the continent where bison antiquus are found contains the response guides?,"The fourth section, with orange page borders","[""Fourth""]",1,"musique_2hop__161151_50883_10,musique_2hop__161151_50883_19","[""Bison antiquus"", ""Emergency Response Guidebook""]","[10, 19]",2
2hop__283298_22402,How many students attend the university employing Marie Theres Fögen?,"nearly 25,000","[""University of Zurich""]",1,"musique_2hop__283298_22402_8,musique_2hop__283298_22402_16","[""Switzerland"", ""Marie Theres F\u00f6gen""]","[8, 16]",2
2hop__510860_22402,How many students attend the school that employs Roberto Andorno?,"nearly 25,000","[""University of Zurich""]",1,"musique_2hop__510860_22402_2,musique_2hop__510860_22402_19","[""Switzerland"", ""Roberto Andorno""]","[2, 19]",2
2hop__474885_22402,How many students attend the school that granted Francis Travis a Ph.D.?,"nearly 25,000","[""University of Zurich""]",1,"musique_2hop__474885_22402_13,musique_2hop__474885_22402_15","[""Switzerland"", ""Francis Travis""]","[13, 15]",2
2hop__161151_42429,When did the French and Indian War in the continent where bison antiquus is found end?,10 February 1763,[],1,"musique_2hop__161151_42429_0,musique_2hop__161151_42429_2","[""French and Indian War"", ""Bison antiquus""]","[0, 2]",2
2hop__59612_50883,The London broil cut comes from a country with an emergency response guidebook with response guides in which section?,"The fourth section, with orange page borders","[""Fourth""]",1,"musique_2hop__59612_50883_13,musique_2hop__59612_50883_18","[""Emergency Response Guidebook"", ""London broil""]","[13, 18]",2
2hop__341176_711757,What other district is found in the same county as Gmina Stężyca?,Gmina Ryki,"[""Ryki""]",1,"musique_2hop__341176_711757_4,musique_2hop__341176_711757_10","[""Gmina Ryki"", ""Gmina St\u0119\u017cyca, Lublin Voivodeship""]","[4, 10]",2
2hop__71165_807969,What team does the winner of the 2017 BBC African Footballer of the Year play for?,Egypt national football team,[],1,"musique_2hop__71165_807969_6,musique_2hop__71165_807969_11","[""Ahmed Salah Hosny"", ""BBC African Footballer of the Year""]","[6, 11]",2
2hop__50087_807969,What is the sports team of the Premier League's top scorer last season?,Egypt national football team,[],1,"musique_2hop__50087_807969_14,musique_2hop__50087_807969_17","[""Ahmed Salah Hosny"", ""List of top Premier League goal scorers by season""]","[14, 17]",2
2hop__73921_807969,The BBC Footballer of the Year is a member of which team?,Egypt national football team,[],1,"musique_2hop__73921_807969_0,musique_2hop__73921_807969_14","[""Ahmed Salah Hosny"", ""BBC African Footballer of the Year""]","[0, 14]",2
2hop__88149_807969,The all time top goal scorer in premier league in one season is a member of what team?,Egypt national football team,[],1,"musique_2hop__88149_807969_0,musique_2hop__88149_807969_14","[""Premier League records and statistics"", ""Ahmed Salah Hosny""]","[0, 14]",2
2hop__45126_807969,Which team is the highest goal scorer in EPL this season a member of?,Egypt national football team,[],1,"musique_2hop__45126_807969_5,musique_2hop__45126_807969_18","[""List of top Premier League goal scorers by season"", ""Ahmed Salah Hosny""]","[5, 18]",2
2hop__48776_807969,What team does the 2018 PFA player of the year play for?,Egypt national football team,[],1,"musique_2hop__48776_807969_14,musique_2hop__48776_807969_15","[""PFA Players' Player of the Year"", ""Ahmed Salah Hosny""]","[14, 15]",2
2hop__85596_807969,What team is the highest goal scorer in the EPL a member of?,Egypt national football team,[],1,"musique_2hop__85596_807969_2,musique_2hop__85596_807969_11","[""Ahmed Salah Hosny"", ""List of top Premier League goal scorers by season""]","[2, 11]",2
2hop__17827_54024,Which king sold part of the Crown Freehold and commissioned a bible translation?,King James I of England,"[""England""]",1,"musique_2hop__17827_54024_0,musique_2hop__17827_54024_12","[""King James Version"", ""Buckingham Palace""]","[0, 12]",2
2hop__61752_54024,Who is the king that translated the Bible and was on the throne when MacBeth was written?,King James I of England,"[""England""]",1,"musique_2hop__61752_54024_3,musique_2hop__61752_54024_6","[""King James Version"", ""Macbeth""]","[3, 6]",2
2hop__93145_54024,"Which king, who was England's rule in 1616, translated the Bible?",King James I of England,"[""England""]",1,"musique_2hop__93145_54024_13,musique_2hop__93145_54024_14","[""King James Version"", ""List of state leaders in 1616""]","[13, 14]",2
2hop__364489_861485,Where is the location of the headquarters of the publisher of Bamboo Among the Oaks?,Minnesota History Center,[],1,"musique_2hop__364489_861485_8,musique_2hop__364489_861485_12","[""Minnesota History Center"", ""Bamboo Among the Oaks""]","[8, 12]",2
2hop__24648_192417,What is the league of the Carolina Panthers an example of?,sports league,"[""Sports league"", ""league""]",1,"musique_2hop__24648_192417_13,musique_2hop__24648_192417_14","[""North Carolina"", ""Sports league ranking""]","[13, 14]",2
2hop__65576_80026,Who played the spoilt character in Charlie and the Chocolate Factory?,Julie Dawn Cole,[],1,"musique_2hop__65576_80026_10,musique_2hop__65576_80026_11","[""Julie Dawn Cole"", ""List of Charlie and the Chocolate Factory characters""]","[10, 11]",2
2hop__20433_157939,What year was the waterfowl character with his own series of satirical comic books created?,1986,[],1,"musique_2hop__20433_157939_3,musique_2hop__20433_157939_14","[""Marvel Comics"", ""Howard the Duck (film)""]","[3, 14]",2
2hop__151455_120171,What was the last year of the Castle of Riddles publisher?,1986,[],1,"musique_2hop__151455_120171_15,musique_2hop__151455_120171_16","[""Acornsoft"", ""Castle of Riddles""]","[15, 16]",2
2hop__516918_126537,In what year was the successor of Sperry Corporation established?,1986,[],1,"musique_2hop__516918_126537_4,musique_2hop__516918_126537_8","[""Unisys"", ""Robert Smallwood""]","[4, 8]",2
2hop__500379_126537,When did Burroughs Corporation merge to form a new corporation?,1986,[],1,"musique_2hop__500379_126537_7,musique_2hop__500379_126537_9","[""Robert Smallwood"", ""Unisys""]","[7, 9]",2
2hop__170823_120171,What year did the publisher of Labyrinth end?,1986,[],1,"musique_2hop__170823_120171_2,musique_2hop__170823_120171_7","[""Acornsoft"", ""Labyrinth (1984 video game)""]","[2, 7]",2
2hop__622637_120171,What year did the company that published Starship Command end?,1986,[],1,"musique_2hop__622637_120171_0,musique_2hop__622637_120171_16","[""Acornsoft"", ""Starship Command""]","[0, 16]",2
2hop__353836_80026,"In Willy Wonka and the Chocolate Factory, who played the character that the band who performs Eight Arms to Hold You is named after?",Julie Dawn Cole,[],1,"musique_2hop__353836_80026_1,musique_2hop__353836_80026_12","[""Eight Arms to Hold You"", ""Julie Dawn Cole""]","[1, 12]",2
2hop__847760_80026,Who played Seether's performer in willy wonka and the chocolate factory?,Julie Dawn Cole,[],1,"musique_2hop__847760_80026_11,musique_2hop__847760_80026_12","[""Julie Dawn Cole"", ""Seether (song)""]","[11, 12]",2
2hop__217011_80026,Who played the character in Willy Wonka and the Chocolate Factory that the performer of Victrola was named after?,Julie Dawn Cole,[],1,"musique_2hop__217011_80026_2,musique_2hop__217011_80026_6","[""Victrola (song)"", ""Julie Dawn Cole""]","[2, 6]",2
2hop__593866_80026,"In Willy Wonka and the Chocolate Factory, who played the character that the group who performs MMXIV was named after?",Julie Dawn Cole,[],1,"musique_2hop__593866_80026_11,musique_2hop__593866_80026_14","[""MMXIV (Veruca Salt)"", ""Julie Dawn Cole""]","[11, 14]",2
2hop__156700_63853,What is the source of the river of which Kraai River is a tributary?,Thaba Putsoa,[],1,"musique_2hop__156700_63853_3,musique_2hop__156700_63853_6","[""Kraai River"", ""Orange River""]","[3, 6]",2
2hop__864201_80026,Who played the character with the same name as the Volcano Girls performer in Willy Wonka and the Chocolate Factory?,Julie Dawn Cole,[],1,"musique_2hop__864201_80026_9,musique_2hop__864201_80026_18","[""Julie Dawn Cole"", ""Volcano Girls""]","[9, 18]",2
2hop__785711_63853,What is the source of the body of water where Augrabies Falls is located?,Thaba Putsoa,[],1,"musique_2hop__785711_63853_12,musique_2hop__785711_63853_16","[""R359 (South Africa)"", ""Orange River""]","[12, 16]",2
2hop__36269_73244,Where is the origin of the river that Orlam clans crossed to migrate to Namibia?,Thaba Putsoa,[],1,"musique_2hop__36269_73244_10,musique_2hop__36269_73244_14","[""Orange River"", ""Namibia""]","[10, 14]",2
2hop__504464_708278,Who was the company preceding Metalmark Capital named after?,Harold Stanley,[],1,"musique_2hop__504464_708278_5,musique_2hop__504464_708278_12","[""Metalmark Capital"", ""Harold Stanley""]","[5, 12]",2
2hop__36269_63853,What is the source of the river Orlam clans crossed to migrate to Namibia?,Thaba Putsoa,[],1,"musique_2hop__36269_63853_9,musique_2hop__36269_63853_14","[""Orange River"", ""Namibia""]","[9, 14]",2
2hop__785711_73244,Where is the origin of the river Augrabies Falls is part of?,Thaba Putsoa,[],1,"musique_2hop__785711_73244_7,musique_2hop__785711_73244_15","[""Orange River"", ""R359 (South Africa)""]","[7, 15]",2
2hop__207597_63853,What is the source of the river that is the mouth of the Caledon River?,Thaba Putsoa,[],1,"musique_2hop__207597_63853_10,musique_2hop__207597_63853_13","[""Orange River"", ""Upper Orange Water Management Area""]","[10, 13]",2
2hop__156700_73244,Where is the origin of the river that Kraai River is a tributary of?,Thaba Putsoa,[],1,"musique_2hop__156700_73244_14,musique_2hop__156700_73244_17","[""Kraai River"", ""Orange River""]","[14, 17]",2
2hop__398344_439882,Who is the creator of the main character in the Steven the Sword Fighter series?,Rebecca Sugar,[],1,"musique_2hop__398344_439882_13,musique_2hop__398344_439882_14","[""Steven the Sword Fighter"", ""List of Steven Universe characters""]","[13, 14]",2
2hop__59612_42352,How many people were in British Colonies where does the london broil cut come from ?,2 million,[],1,"musique_2hop__59612_42352_0,musique_2hop__59612_42352_7","[""London broil"", ""French and Indian War""]","[0, 7]",2
2hop__207597_73244,Where is the origin of the Caledon River?,Thaba Putsoa,[],1,"musique_2hop__207597_73244_3,musique_2hop__207597_73244_7","[""Upper Orange Water Management Area"", ""Orange River""]","[3, 7]",2
2hop__161151_42352,How many people were in the British colonies where bison antiquus could be found?,2 million,[],1,"musique_2hop__161151_42352_1,musique_2hop__161151_42352_7","[""French and Indian War"", ""Bison antiquus""]","[1, 7]",2
2hop__713299_55227,Who plays the wife of a Here Comes the Boom cast member in the movie Grown Ups?,Maria Bello,[],1,"musique_2hop__713299_55227_1,musique_2hop__713299_55227_3","[""Grown Ups (film)"", ""Here Comes the Boom""]","[1, 3]",2
2hop__537404_55227,Who plays the wife of the actor who produced Paul Blart: Mall Cop 2 in the movie Grown Ups?,Maria Bello,[],1,"musique_2hop__537404_55227_3,musique_2hop__537404_55227_6","[""Grown Ups (film)"", ""Paul Blart: Mall Cop 2""]","[3, 6]",2
2hop__719184_55227,Who plays the wife of the producer of Here Comes the Boom in Grown Ups?,Maria Bello,[],1,"musique_2hop__719184_55227_9,musique_2hop__719184_55227_12","[""Grown Ups (film)"", ""Here Comes the Boom""]","[9, 12]",2
2hop__95794_55227,"In Grown Ups, who is married to the actor who also starred in Here Comes the Boom?",Maria Bello,[],1,"musique_2hop__95794_55227_6,musique_2hop__95794_55227_14","[""Grown Ups (film)"", ""Here Comes the Boom""]","[6, 14]",2
2hop__96096_78606,Who plays the wife of the Real Rob cast member in Grown Ups?,Joyce Van Patten,[],1,"musique_2hop__96096_78606_6,musique_2hop__96096_78606_9","[""Grown Ups (film)"", ""Real Rob""]","[6, 9]",2
2hop__247353_55227,Who plays the wife of Here Comes the Boom's screenwriter in Grown Ups?,Maria Bello,[],1,"musique_2hop__247353_55227_6,musique_2hop__247353_55227_17","[""Here Comes the Boom"", ""Grown Ups (film)""]","[6, 17]",2
2hop__757497_78606,"In Grown Ups, who plays the wife of the actor who produced The Chosen One?",Joyce Van Patten,[],1,"musique_2hop__757497_78606_8,musique_2hop__757497_78606_15","[""Grown Ups (film)"", ""The Chosen One (2010 film)""]","[8, 15]",2
2hop__803903_78606,Who plays the wife of Big Stan's director in Grown Ups?,Joyce Van Patten,[],1,"musique_2hop__803903_78606_12,musique_2hop__803903_78606_15","[""Grown Ups (film)"", ""Big Stan""]","[12, 15]",2
2hop__71871_494136,Who is the spouse of the actor playing Bart's father in I can only imagine?,Meg Ryan,[],1,"musique_2hop__71871_494136_1,musique_2hop__71871_494136_3","[""I Can Only Imagine (film)"", ""Flesh and Bone (film)""]","[1, 3]",2
2hop__89403_122023,Which university educated the scientist who developed an explanation for the photoelectric effect?,Luitpold Gymnasium,[],1,"musique_2hop__89403_122023_1,musique_2hop__89403_122023_5","[""Albert Einstein"", ""Photoelectric effect""]","[1, 5]",2
2hop__71294_494136,Who is the spouse of the actor who plays the father on I Can Only Imagine?,Meg Ryan,[],1,"musique_2hop__71294_494136_2,musique_2hop__71294_494136_9","[""I Can Only Imagine (film)"", ""Flesh and Bone (film)""]","[2, 9]",2
2hop__50068_494136,Who is the spouse of the person who played Father in I Can Only Imagine?,Meg Ryan,[],1,"musique_2hop__50068_494136_8,musique_2hop__50068_494136_19","[""Flesh and Bone (film)"", ""I Can Only Imagine (film)""]","[8, 19]",2
2hop__44815_494136,Who is the spouse of the actor of Ethan in A Dog's Purpose?,Meg Ryan,[],1,"musique_2hop__44815_494136_0,musique_2hop__44815_494136_10","[""A Dog's Purpose (film)"", ""Flesh and Bone (film)""]","[0, 10]",2
2hop__46213_494136,The actor who plays the father in I Can Only Imagine has a wife played by who in another film?,Meg Ryan,[],1,"musique_2hop__46213_494136_3,musique_2hop__46213_494136_15","[""Flesh and Bone (film)"", ""I Can Only Imagine (film)""]","[3, 15]",2
2hop__51760_122023,What is the name of the university that educated the character that Mel Brooks plays in Mr. Peabody and Sherman?,Luitpold Gymnasium,[],1,"musique_2hop__51760_122023_9,musique_2hop__51760_122023_15","[""Albert Einstein"", ""Mr. Peabody & Sherman""]","[9, 15]",2
2hop__66843_494136,Who is the spouse of the actor portraying Jerry Lee Lewis in Great Balls of Fire?,Meg Ryan,[],1,"musique_2hop__66843_494136_6,musique_2hop__66843_494136_16","[""Flesh and Bone (film)"", ""Great Balls of Fire! (film)""]","[6, 16]",2
2hop__51760_602275,Who was the child of the person that Mel Brooks played in Mr. Peabody and Sherman?,Hans Albert Einstein,[],1,"musique_2hop__51760_602275_4,musique_2hop__51760_602275_10","[""Mr. Peabody & Sherman"", ""Evelyn Einstein""]","[4, 10]",2
2hop__89403_602275,Who is the child of the physicist who who developed an explanation for the photoelectric effect?,Hans Albert Einstein,[],1,"musique_2hop__89403_602275_10,musique_2hop__89403_602275_15","[""Photoelectric effect"", ""Evelyn Einstein""]","[10, 15]",2
2hop__223823_29905,How many mandatory transmitters of the Canadian Broadcasting Centre's owner were updated before the deadline?,only about half,[],1,"musique_2hop__223823_29905_7,musique_2hop__223823_29905_12","[""CBC Television"", ""African Guitar Summit""]","[7, 12]",2
2hop__40485_40502,What was the population of the European country the Huguenots felt kinship for emigration to before this emigration?,2 million,[],1,"musique_2hop__40485_40502_2,musique_2hop__40485_40502_19","[""Huguenots"", ""Huguenots""]","[2, 19]",2
2hop__223823_29898,Which affiliate left the owner of Canadian Broadcasting Centre due to an agreement with CHBC?,CFJC-TV in Kamloops,"[""Kamloops""]",1,"musique_2hop__223823_29898_7,musique_2hop__223823_29898_13","[""African Guitar Summit"", ""CBC Television""]","[7, 13]",2
2hop__434218_29898,Which affiliate left the employer of Don Newman due to an agreement with CHBC?,CFJC-TV in Kamloops,"[""Kamloops""]",1,"musique_2hop__434218_29898_9,musique_2hop__434218_29898_15","[""CBC Television"", ""Don Newman (broadcaster)""]","[9, 15]",2
2hop__434218_29905,How many mandatory transmitters of Don Newman's employer were updated before the deadline?,only about half,[],1,"musique_2hop__434218_29905_13,musique_2hop__434218_29905_19","[""Don Newman (broadcaster)"", ""CBC Television""]","[13, 19]",2
2hop__104095_40501,How many refugees emigrated to the country that Clara Peeters is a citizen of?,"75,000 to 100,000",[],1,"musique_2hop__104095_40501_0,musique_2hop__104095_40501_5","[""Clara Peeters"", ""Huguenots""]","[0, 5]",2
2hop__40485_40501,How many refugees emigrated to the European country where Huguenots felt a kinship for emigration?,"75,000 to 100,000",[],1,"musique_2hop__40485_40501_3,musique_2hop__40485_40501_19","[""Huguenots"", ""Huguenots""]","[3, 19]",2
2hop__269659_722575,What company owns the owner of National Observer?,News Corp,[],1,"musique_2hop__269659_722575_15,musique_2hop__269659_722575_17","[""Dow Jones & Company"", ""National Observer (United States)""]","[15, 17]",2
2hop__104095_40502,Before this emigration what was the population of Clara Peeters's country of citizenship?,2 million,[],1,"musique_2hop__104095_40502_6,musique_2hop__104095_40502_18","[""Clara Peeters"", ""Huguenots""]","[6, 18]",2
2hop__511296_577502,Who married the actor from Terminator?,Maria Shriver,[],1,"musique_2hop__511296_577502_2,musique_2hop__511296_577502_19","[""Terminator (character)"", ""Chr\u00e9tien DuBois""]","[2, 19]",2
2hop__487706_40502,What was the population of the republic that participated in The Battle of the Kentish Knock before this emigration?,2 million,[],1,"musique_2hop__487706_40502_7,musique_2hop__487706_40502_18","[""Battle of the Kentish Knock"", ""Huguenots""]","[7, 18]",2
2hop__487706_40501,How many refugees emigrated to the participant of Battle of Kentish Knock?,"75,000 to 100,000",[],1,"musique_2hop__487706_40501_13,musique_2hop__487706_40501_16","[""Battle of the Kentish Knock"", ""Huguenots""]","[13, 16]",2
2hop__543050_245420,Which city shares border with the area having Bella Vista High School?,Citrus Heights,[],1,"musique_2hop__543050_245420_2,musique_2hop__543050_245420_14","[""Fair Oaks, California"", ""Bella Vista High School""]","[2, 14]",2
2hop__32441_274635,In which military branch did the other president besides Taft that Jenkins Orphanage played for serve?,United States Army,"[""USA""]",1,"musique_2hop__32441_274635_15,musique_2hop__32441_274635_18","[""Charleston, South Carolina"", ""Thomas H. Rynning""]","[15, 18]",2
2hop__32441_178460,"Who was the sibling of the president, other than Taft, that the Jenkins Orphanage played for?",Robert Roosevelt,[],1,"musique_2hop__32441_178460_9,musique_2hop__32441_178460_19","[""James I. Roosevelt"", ""Charleston, South Carolina""]","[9, 19]",2
2hop__32441_522949,Who is the spouse of the other president Jenkins Orphanage played for that wasn't Taft?,Edith Roosevelt,[],1,"musique_2hop__32441_522949_5,musique_2hop__32441_522949_8","[""Edith Derby Williams"", ""Charleston, South Carolina""]","[5, 8]",2
2hop__144303_483189,What mythology is the city where Eutychides was born in a part of?,Greek mythology,[],1,"musique_2hop__144303_483189_8,musique_2hop__144303_483189_10","[""Eutychides"", ""Sicyon (mythology)""]","[8, 10]",2
2hop__1667_40501,How many refugees emigrated to the nation that founded New Amsterdam?,"75,000 to 100,000",[],1,"musique_2hop__1667_40501_7,musique_2hop__1667_40501_10","[""New York City"", ""Huguenots""]","[7, 10]",2
2hop__1667_40502,What was the population of the founder of New Amsterdam before influx of Huguenot refugees?,2 million,[],1,"musique_2hop__1667_40502_2,musique_2hop__1667_40502_7","[""New York City"", ""Huguenots""]","[2, 7]",2
2hop__136214_483189,The person whom Sikyona is named after is part of what?,Greek mythology,[],1,"musique_2hop__136214_483189_9,musique_2hop__136214_483189_19","[""Sikyona"", ""Sicyon (mythology)""]","[9, 19]",2
2hop__771477_149987,Which mythological tradition has the group of heroes that includes Aegialeus?,Greek mythology,[],1,"musique_2hop__771477_149987_3,musique_2hop__771477_149987_13","[""Epigoni"", ""Aegialeus (King of Argos)""]","[3, 13]",2
2hop__92385_2072,What is the public library system called in the place where the Cosbys live in New York?,Brooklyn Public Library,[],1,"musique_2hop__92385_2072_16,musique_2hop__92385_2072_17","[""The Cosby Show"", ""New York City""]","[16, 17]",2
2hop__418360_67370,When does real time with the author of The New New Rules start again in 2018,"January 19, 2018",[],1,"musique_2hop__418360_67370_2,musique_2hop__418360_67370_9","[""Real Time with Bill Maher"", ""The New New Rules""]","[2, 9]",2
2hop__435184_67370,When does real time with the pizza man cast member start again in 2018?,"January 19, 2018",[],1,"musique_2hop__435184_67370_1,musique_2hop__435184_67370_4","[""Pizza Man"", ""Real Time with Bill Maher""]","[1, 4]",2
2hop__31326_31270,What is the distance in miles from Nashville to the place where Hemlock Semiconductor produces electronic components?,45,[],1,"musique_2hop__31326_31270_8,musique_2hop__31326_31270_9","[""Tennessee"", ""Tennessee""]","[8, 9]",2
2hop__435184_84856,When does the new season of the show starring the cast member of Pizza Man start?,"January 20, 2017",[],1,"musique_2hop__435184_84856_0,musique_2hop__435184_84856_5","[""Real Time with Bill Maher"", ""Pizza Man""]","[0, 5]",2
2hop__286621_84856,When does the new season of the show named for the Politically Incorrect cast member?,"January 20, 2017",[],1,"musique_2hop__286621_84856_12,musique_2hop__286621_84856_17","[""Real Time with Bill Maher"", ""Politically Incorrect""]","[12, 17]",2
2hop__286621_67370,When does the show of the cast member of Politically Incorrect start again in 2018?,"January 19, 2018",[],1,"musique_2hop__286621_67370_5,musique_2hop__286621_67370_11","[""Politically Incorrect"", ""Real Time with Bill Maher""]","[5, 11]",2
2hop__198650_84856,When does the new season start for the show starring the author of True Story: A Novel?,"January 20, 2017",[],1,"musique_2hop__198650_84856_0,musique_2hop__198650_84856_17","[""True Story: A Novel"", ""Real Time with Bill Maher""]","[0, 17]",2
2hop__56806_7298,What pop artist started his career on adult contemporary radio along with the subject of the song The One That Got Away?,Michael Bublé,[],1,"musique_2hop__56806_7298_9,musique_2hop__56806_7298_12","[""Adult contemporary music"", ""The One That Got Away (Katy Perry song)""]","[9, 12]",2
2hop__813461_31270,How many miles are there between Nashville and the place in Tennessee where Mark Day was born?,45,[],1,"musique_2hop__813461_31270_0,musique_2hop__813461_31270_15","[""Mark Day (racing driver)"", ""Tennessee""]","[0, 15]",2
2hop__669837_31270,How far from Nashville in miles is the place of death of Felix Ives Batson?,45,[],1,"musique_2hop__669837_31270_5,musique_2hop__669837_31270_9","[""Felix Ives Batson"", ""Tennessee""]","[5, 9]",2
2hop__58111_7298,Who started his career on adult contemporary radio along with the person who plays andy bernard's brother on the office?,Michael Bublé,[],1,"musique_2hop__58111_7298_4,musique_2hop__58111_7298_18","[""Garden Party (The Office)"", ""Adult contemporary music""]","[4, 18]",2
2hop__595747_31270,How many miles is Sloan Thomas' birthplace from Nashville?,45,[],1,"musique_2hop__595747_31270_2,musique_2hop__595747_31270_11","[""Sloan Thomas"", ""Tennessee""]","[2, 11]",2
2hop__787538_31270,How many miles between the city where West Creek High School is located in TN and Nashville?,45,[],1,"musique_2hop__787538_31270_3,musique_2hop__787538_31270_17","[""West Creek High School"", ""Tennessee""]","[3, 17]",2
2hop__476927_31270,How far is Hod Lisenbee's place of death in TN from Nashville?,45,[],1,"musique_2hop__476927_31270_10,musique_2hop__476927_31270_13","[""Tennessee"", ""Hod Lisenbee""]","[10, 13]",2
2hop__835710_7298,"Along with the Closer performer, what notable pop artist started out his career on adult contemporary radio?",Michael Bublé,[],1,"musique_2hop__835710_7298_11,musique_2hop__835710_7298_17","[""Adult contemporary music"", ""Closer (Josh Groban album)""]","[11, 17]",2
2hop__82051_7298,"Along with the subject of The One That Got Away, what notable pop artist started out his career on adult contemporary radio?",Michael Bublé,[],1,"musique_2hop__82051_7298_14,musique_2hop__82051_7298_15","[""The One That Got Away (Katy Perry song)"", ""Adult contemporary music""]","[14, 15]",2
2hop__472083_7298,What notable pop artist started out his career on adult contemporary radio along with the performer of Illuminations?,Michael Bublé,[],1,"musique_2hop__472083_7298_1,musique_2hop__472083_7298_9","[""Illuminations (Josh Groban album)"", ""Adult contemporary music""]","[1, 9]",2
2hop__53147_7298,"Along with the subject of Katy Perry's The One Who Got Away, what notable pop artist started out his career on adult contemporary radio?",Michael Bublé,[],1,"musique_2hop__53147_7298_1,musique_2hop__53147_7298_13","[""Adult contemporary music"", ""The One That Got Away (Katy Perry song)""]","[1, 13]",2
2hop__809096_491515,Where did William Beckford's child die?,Bath,[],1,"musique_2hop__809096_491515_8,musique_2hop__809096_491515_12","[""Beckford's Tower"", ""William Beckford (politician)""]","[8, 12]",2
2hop__70930_7298,"Along with the person that The One That Got Away is about, what notable pop artist started his career in adult contemporary radio?",Michael Bublé,[],1,"musique_2hop__70930_7298_4,musique_2hop__70930_7298_11","[""The One That Got Away (Katy Perry song)"", ""Adult contemporary music""]","[4, 11]",2
2hop__87580_7298,"Along with the person who played Andy's brother in The Office, what notable pop artist started his career in adult contemporary radio?",Michael Bublé,[],1,"musique_2hop__87580_7298_1,musique_2hop__87580_7298_5","[""Garden Party (The Office)"", ""Adult contemporary music""]","[1, 5]",2
2hop__839126_472799,Which competition did the performer of Cadore 33 participated?,Eurovision Song Contest 1991,[],1,"musique_2hop__839126_472799_12,musique_2hop__839126_472799_14","[""Spain in the Eurovision Song Contest 1991"", ""Cadore 33""]","[12, 14]",2
2hop__250030_7298,Who started out his career on adult contemporary radio along with the performer of All That Echoes?,Michael Bublé,[],1,"musique_2hop__250030_7298_6,musique_2hop__250030_7298_15","[""Adult contemporary music"", ""All That Echoes""]","[6, 15]",2
2hop__144150_82341,In what part of Florida is Tom Denney's birthplace located?,in Northern Florida,"[""Northern Florida""]",1,"musique_2hop__144150_82341_1,musique_2hop__144150_82341_12","[""Ocala, Florida"", ""Tom Denney""]","[1, 12]",2
2hop__144658_599630,What county was Ye Rongguang born in?,Yongjia County,[],1,"musique_2hop__144658_599630_1,musique_2hop__144658_599630_19","[""Ye Rongguang"", ""Sanjiang Church""]","[1, 19]",2
2hop__10114_599630,Where in Zhejiang is the city where Protestants are especially notable?,Yongjia County,[],1,"musique_2hop__10114_599630_9,musique_2hop__10114_599630_12","[""Zhejiang"", ""Sanjiang Church""]","[9, 12]",2
2hop__144763_599630,In which county was Zhu Qinan born?,Yongjia County,[],1,"musique_2hop__144763_599630_3,musique_2hop__144763_599630_6","[""Sanjiang Church"", ""Zhu Qinan""]","[3, 6]",2
2hop__133116_533882,What company resulted from a merger in 1961 involving the builder of the Martin BM?,Martin Marietta,[],1,"musique_2hop__133116_533882_2,musique_2hop__133116_533882_7","[""Martin Marietta"", ""Martin BM""]","[2, 7]",2
2hop__128608_82341,The city where WOCA is located is in which part of Florida?,in Northern Florida,"[""Northern Florida""]",1,"musique_2hop__128608_82341_8,musique_2hop__128608_82341_16","[""WOCA"", ""Ocala, Florida""]","[8, 16]",2
2hop__593633_82341,Where is New Perry's place of death found in Florida?,in Northern Florida,"[""Northern Florida""]",1,"musique_2hop__593633_82341_17,musique_2hop__593633_82341_18","[""Ocala, Florida"", ""Newt Perry""]","[17, 18]",2
2hop__814671_82341,In what region of Florida is WMOP located?,in Northern Florida,"[""Northern Florida""]",1,"musique_2hop__814671_82341_3,musique_2hop__814671_82341_9","[""WMOP"", ""Ocala, Florida""]","[3, 9]",2
2hop__316374_82341,In what part of Florida is Bob Steele's place of death located?,in Northern Florida,"[""Northern Florida""]",1,"musique_2hop__316374_82341_2,musique_2hop__316374_82341_13","[""Bob Steele (baseball)"", ""Ocala, Florida""]","[2, 13]",2
2hop__524623_82341,Where is Chris Meffert's birth place in the state of Florida?,in Northern Florida,"[""Northern Florida""]",1,"musique_2hop__524623_82341_6,musique_2hop__524623_82341_14","[""Ocala, Florida"", ""Chris Meffert""]","[6, 14]",2
2hop__51261_87295,Who does the actress that played mary poppins in the 1964 film play in princess diaries?,Queen dowager Clarisse Renaldi,[],1,"musique_2hop__51261_87295_3,musique_2hop__51261_87295_18","[""Mary Poppins (film)"", ""The Princess Diaries (film)""]","[3, 18]",2
2hop__390055_82341,Where in florida did Rosalie King die?,in Northern Florida,"[""Northern Florida""]",1,"musique_2hop__390055_82341_1,musique_2hop__390055_82341_5","[""Rosalie King"", ""Ocala, Florida""]","[1, 5]",2
2hop__704217_82341,Where is Sean Hampton's birth place in the state of Florida?,in Northern Florida,"[""Northern Florida""]",1,"musique_2hop__704217_82341_7,musique_2hop__704217_82341_10","[""Sean Hampton"", ""Ocala, Florida""]","[7, 10]",2
2hop__444265_82341,In what part of Florida is Tom Denney's birthplace located?,in Northern Florida,"[""Northern Florida""]",1,"musique_2hop__444265_82341_0,musique_2hop__444265_82341_12","[""Ocala, Florida"", ""Tom Denney""]","[0, 12]",2
2hop__132954_533882,What company was formed after a merger of the company that built ASM-N-5 Gorgon V?,Martin Marietta,[],1,"musique_2hop__132954_533882_15,musique_2hop__132954_533882_16","[""Martin Marietta"", ""ASM-N-5 Gorgon V""]","[15, 16]",2
2hop__60880_87295,Who does the actor who plays Nanny in Eloise at Christmastime play in Princess Diaries?,Queen dowager Clarisse Renaldi,[],1,"musique_2hop__60880_87295_10,musique_2hop__60880_87295_19","[""The Princess Diaries (film)"", ""Eloise at Christmastime""]","[10, 19]",2
2hop__132469_533882,Which company followed the company that made AAM-N-4 Oriole?,Martin Marietta,[],1,"musique_2hop__132469_533882_9,musique_2hop__132469_533882_17","[""Martin Marietta"", ""AAM-N-4 Oriole""]","[9, 17]",2
2hop__85958_87295,What character does the person who played Eliza Doolittle in My Fair Lady play in The Princess Diaries?,Queen dowager Clarisse Renaldi,[],1,"musique_2hop__85958_87295_7,musique_2hop__85958_87295_13","[""My Fair Lady"", ""The Princess Diaries (film)""]","[7, 13]",2
2hop__284613_87295,Who does the author of the The Last of the Really Great Whangdoodles play in Princess Diaries?,Queen dowager Clarisse Renaldi,[],1,"musique_2hop__284613_87295_3,musique_2hop__284613_87295_11","[""The Princess Diaries (film)"", ""The Last of the Really Great Whangdoodles""]","[3, 11]",2
2hop__35445_22458,What is the full name of the organization that publishes he Laws of the Game?,International Federation of Association Football,"[""FIFA""]",1,"musique_2hop__35445_22458_5,musique_2hop__35445_22458_13","[""Association football"", ""Switzerland""]","[5, 13]",2
2hop__542569_87295,Who does the performer of A Spoonful of Sugar play in Princess Diaries?,Queen dowager Clarisse Renaldi,[],1,"musique_2hop__542569_87295_2,musique_2hop__542569_87295_10","[""The Princess Diaries (film)"", ""A Spoonful of Sugar""]","[2, 10]",2
2hop__219456_87295,What character in Princess Diaries does the actress play who was also a cast member in On Golden Pond?,Queen dowager Clarisse Renaldi,[],1,"musique_2hop__219456_87295_1,musique_2hop__219456_87295_15","[""The Princess Diaries (film)"", ""On Golden Pond (2001 film)""]","[1, 15]",2
2hop__761291_87295,Who does the author of Home: A Memoir of My Early Years play in Princess Diaries?,Queen dowager Clarisse Renaldi,[],1,"musique_2hop__761291_87295_16,musique_2hop__761291_87295_17","[""The Princess Diaries (film)"", ""Home: A Memoir of My Early Years""]","[16, 17]",2
2hop__776637_87295,Who does the cast member from Julie play in Princess Diaries?,Queen dowager Clarisse Renaldi,[],1,"musique_2hop__776637_87295_15,musique_2hop__776637_87295_16","[""Julie (TV series)"", ""The Princess Diaries (film)""]","[15, 16]",2
2hop__35418_22458,What does the acronym of the organization that said there is no historical connection to association football with any other game outside of Europe stand for?,International Federation of Association Football,"[""FIFA""]",1,"musique_2hop__35418_22458_9,musique_2hop__35418_22458_11","[""Association football"", ""Switzerland""]","[9, 11]",2
2hop__778212_22458,"What does the abbreviated name of the organization that includes the Scottish Football Association as a member, stand for?",International Federation of Association Football,"[""FIFA""]",1,"musique_2hop__778212_22458_11,musique_2hop__778212_22458_15","[""David Will"", ""Switzerland""]","[11, 15]",2
2hop__511176_22458,What does the acronym of the organization Danish Football Union is part of stand for?,International Federation of Association Football,"[""FIFA""]",1,"musique_2hop__511176_22458_8,musique_2hop__511176_22458_10","[""Switzerland"", ""Denmark national futsal team""]","[8, 10]",2
2hop__620853_22458,What does the name of the organization the Haiti national football team belongs to stand for?,International Federation of Association Football,"[""FIFA""]",1,"musique_2hop__620853_22458_8,musique_2hop__620853_22458_12","[""Switzerland"", ""2014 Kosovo v Haiti football match""]","[8, 12]",2
2hop__54651_169233,What award did the singer of Never Had a Friend Like Me in Aladdin receive?,Academy Award for Best Supporting Actor,[],1,"musique_2hop__54651_169233_11,musique_2hop__54651_169233_12","[""List of awards and nominations received by Robin Williams"", ""Friend Like Me""]","[11, 12]",2
2hop__347_59409,Who was the person who acquired the parent company of the music service Beyonce owns part of talking about in the song Cry?,three different relationships he had in the past,[],1,"musique_2hop__347_59409_1,musique_2hop__347_59409_9","[""Song Cry"", ""Beyonc\u00e9""]","[1, 9]",2
2hop__684839_139312,What was the cast member from Real Life nominated for?,Academy Award for Best Supporting Actor,[],1,"musique_2hop__684839_139312_7,musique_2hop__684839_139312_14","[""Albert Brooks"", ""Real Life (1979 film)""]","[7, 14]",2
2hop__564984_139312,"The author of the novel ""2030"" was nominated for what award for his role in ""Broadcast News""?",Academy Award for Best Supporting Actor,[],1,"musique_2hop__564984_139312_10,musique_2hop__564984_139312_16","[""2030 (novel)"", ""Albert Brooks""]","[10, 16]",2
2hop__60336_169233,What award did the actor who played Peter Pan in the movie Hook receive?,Academy Award for Best Supporting Actor,[],1,"musique_2hop__60336_169233_15,musique_2hop__60336_169233_19","[""List of awards and nominations received by Robin Williams"", ""Hook (film)""]","[15, 19]",2
2hop__580458_139390,What was the cast member of The Bad Man nominated for?,Academy Award for Best Supporting Actor,[],1,"musique_2hop__580458_139390_10,musique_2hop__580458_139390_14","[""The Bad Man (1930 film)"", ""Walter Huston""]","[10, 14]",2
2hop__345_59409,Who was the person who purchased Tidal's parent company in 2015 talking about in the song 'Cry?',three different relationships he had in the past,[],1,"musique_2hop__345_59409_2,musique_2hop__345_59409_8","[""Song Cry"", ""Beyonc\u00e9""]","[2, 8]",2
2hop__9_59409,Who was the artist which Beyonce did marry talking about in song cry?,three different relationships he had in the past,[],1,"musique_2hop__9_59409_4,musique_2hop__9_59409_19","[""Song Cry"", ""Beyonc\u00e9""]","[4, 19]",2
2hop__486314_544665,Who followed the father of Menucha Rochel Slonim?,Menachem Mendel Schneersohn,[],1,"musique_2hop__486314_544665_5,musique_2hop__486314_544665_16","[""Menucha Rochel Slonim"", ""Chaya Mushka Schneersohn""]","[5, 16]",2
2hop__14_59409,Who was Beyonce's husband talking about in the the song Cry?,three different relationships he had in the past,[],1,"musique_2hop__14_59409_0,musique_2hop__14_59409_15","[""Song Cry"", ""Beyonc\u00e9""]","[0, 15]",2
2hop__681463_402641,Who is the sibling of Chiang Hsiao-wen?,Chiang Hsiao-wu,"[""Alex Chiang""]",1,"musique_2hop__681463_402641_10,musique_2hop__681463_402641_15","[""Chiang Hsiao-wu"", ""Chiang Hsiao-wen""]","[10, 15]",2
2hop__80_59409,"Who was the artist who did a duet with Beyonce in the single ""Deja Vu"" talking about in the song ""Cry""?",three different relationships he had in the past,[],1,"musique_2hop__80_59409_10,musique_2hop__80_59409_11","[""Song Cry"", ""Beyonc\u00e9""]","[10, 11]",2
2hop__69_59409,"Who was the artist who is associated with Beyonce's premiere solo recording talking about in the song ""Cry""?",three different relationships he had in the past,[],1,"musique_2hop__69_59409_4,musique_2hop__69_59409_15","[""Beyonc\u00e9"", ""Song Cry""]","[4, 15]",2
2hop__697729_576069,Adolf Overweg died in what geological area?,Chad Basin,[],1,"musique_2hop__697729_576069_0,musique_2hop__697729_576069_5","[""Adolf Overweg"", ""Ngadda River""]","[0, 5]",2
2hop__50199_59409,Who was the person talking at the beginning of Thriller by Fall Out Boy talking about in Song Cry?,three different relationships he had in the past,[],1,"musique_2hop__50199_59409_7,musique_2hop__50199_59409_8","[""Infinity on High"", ""Song Cry""]","[7, 8]",2
2hop__481809_184805,Who is the child of the horse who also fathered Tompion?,Buckpasser,[],1,"musique_2hop__481809_184805_10,musique_2hop__481809_184805_11","[""Alluvial (horse)"", ""Tompion""]","[10, 11]",2
2hop__2613_59409,The rapper who owns Aspiro was inspired by what when writing Song Cry?,three different relationships he had in the past,[],1,"musique_2hop__2613_59409_0,musique_2hop__2613_59409_15","[""Song Cry"", ""Kanye West""]","[0, 15]",2
2hop__66_59409,"Who was the artist that was featured in Beyonce's first solo album's lead single talking about in the song ""Cry""?",three different relationships he had in the past,[],1,"musique_2hop__66_59409_1,musique_2hop__66_59409_17","[""Beyonc\u00e9"", ""Song Cry""]","[1, 17]",2
2hop__789565_416401,Who is the child of Empress Dowager Huang's child?,Wang Jipeng,[],1,"musique_2hop__789565_416401_5,musique_2hop__789565_416401_6","[""Empress Dowager Huang"", ""Lady Li (Wang Jipeng)""]","[5, 6]",2
2hop__20059_236755,What is a notable work from the person who said the term 'intellectual property' operates as a catch-all,GNU Manifesto,"[""The GNU Manifesto""]",1,"musique_2hop__20059_236755_7,musique_2hop__20059_236755_19","[""GNU Manifesto"", ""Intellectual property""]","[7, 19]",2
2hop__754021_20057,Who started the organization that founded Defective by Design?,Richard Stallman,"[""rms""]",1,"musique_2hop__754021_20057_7,musique_2hop__754021_20057_8","[""Intellectual property"", ""Defective by Design""]","[7, 8]",2
2hop__427249_20057,Who founded the organization that wrote GNU Free Documentation License?,Richard Stallman,"[""rms""]",1,"musique_2hop__427249_20057_1,musique_2hop__427249_20057_14","[""Intellectual property"", ""GNU Free Documentation License""]","[1, 14]",2
2hop__458672_20057,Who started the foundation that developed the Free Software Directory?,Richard Stallman,"[""rms""]",1,"musique_2hop__458672_20057_17,musique_2hop__458672_20057_19","[""Intellectual property"", ""Free Software Directory""]","[17, 19]",2
2hop__506099_20057,Who founded the organisation that owns Defective by Design?,Richard Stallman,"[""rms""]",1,"musique_2hop__506099_20057_8,musique_2hop__506099_20057_11","[""Intellectual property"", ""Defective by Design""]","[8, 11]",2
2hop__279729_20057,Who founded what Robert J Chassell is a member of?,Richard Stallman,[],1,"musique_2hop__279729_20057_10,musique_2hop__279729_20057_14","[""Intellectual property"", ""Robert J. Chassell""]","[10, 14]",2
3hop1__454441_55349_651302,What is the birthplace of the man who does the voice of Stan on the series that includes the episode The Hobbit?,Denver,"[""Denver, Colorado""]",1,"musique_3hop1__454441_55349_651302_0,musique_3hop1__454441_55349_651302_7,musique_3hop1__454441_55349_651302_9","[""The Hobbit (South Park)"", ""List of South Park cast members"", ""Dian Bachar""]","[0, 7, 9]",3
3hop1__145290_443779_52195,Who is the president of the new country who has jointly established a Commission on Truth and Friendship with the birth country of Satyo Husodo?,Francisco Guterres,[],1,"musique_3hop1__145290_443779_52195_7,musique_3hop1__145290_443779_52195_8,musique_3hop1__145290_443779_52195_16","[""Indonesia\u2013Timor Leste Commission of Truth and Friendship"", ""Satyo Husodo"", ""East Timor""]","[7, 8, 16]",3
3hop1__105767_443779_52195,Who is the president of the newly declared independent country that is part of the commission of truth and friendship with the country that eats Kemplang?,Francisco Guterres,[],1,"musique_3hop1__105767_443779_52195_0,musique_3hop1__105767_443779_52195_3,musique_3hop1__105767_443779_52195_19","[""Kemplang"", ""Indonesia\u2013Timor Leste Commission of Truth and Friendship"", ""East Timor""]","[0, 3, 19]",3
3hop1__105126_443779_52195,Who is the president of the newly declared independent country part of the Commission of Truth and Friendship with the country where Gado-gado is found?,Francisco Guterres,[],1,"musique_3hop1__105126_443779_52195_2,musique_3hop1__105126_443779_52195_9,musique_3hop1__105126_443779_52195_13","[""East Timor"", ""Indonesia\u2013Timor Leste Commission of Truth and Friendship"", ""Gado-gado""]","[2, 9, 13]",3
3hop1__103881_443779_52195,Who is the president of the newly declared independent country that is part of the Commission of Truth and Friendship with the country that Tony Gunawan is from?,Francisco Guterres,[],1,"musique_3hop1__103881_443779_52195_7,musique_3hop1__103881_443779_52195_16,musique_3hop1__103881_443779_52195_17","[""Indonesia\u2013Timor Leste Commission of Truth and Friendship"", ""East Timor"", ""Tony Gunawan""]","[7, 16, 17]",3
3hop1__106094_443779_52195,Who is the president of the newly declared independent country part of the Commission of Truth and Friendship with the country that made Arisan!??,Francisco Guterres,[],1,"musique_3hop1__106094_443779_52195_2,musique_3hop1__106094_443779_52195_10,musique_3hop1__106094_443779_52195_15","[""Indonesia\u2013Timor Leste Commission of Truth and Friendship"", ""Arisan!"", ""East Timor""]","[2, 10, 15]",3
3hop1__145212_443779_52195,Arie Supriyatna's birth country was one participant in a Commission of Truth and Friendship. Who is the president of the other country that participated?,Francisco Guterres,[],1,"musique_3hop1__145212_443779_52195_3,musique_3hop1__145212_443779_52195_4,musique_3hop1__145212_443779_52195_14","[""East Timor"", ""Indonesia\u2013Timor Leste Commission of Truth and Friendship"", ""Arie Supriyatna""]","[3, 4, 14]",3
3hop1__144678_443779_52195,The Commission of Truth and Friendship established governments for Bustami's birth country and a second country that had who as president after declaring independence?,Francisco Guterres,[],1,"musique_3hop1__144678_443779_52195_1,musique_3hop1__144678_443779_52195_14,musique_3hop1__144678_443779_52195_15","[""Bustami"", ""Indonesia\u2013Timor Leste Commission of Truth and Friendship"", ""East Timor""]","[1, 14, 15]",3
3hop1__103662_443779_52195,Who is the president of the newly declared independent country that is part of the Commission of Truth and Friendship with Radiansyah's birth country?,Francisco Guterres,[],1,"musique_3hop1__103662_443779_52195_0,musique_3hop1__103662_443779_52195_4,musique_3hop1__103662_443779_52195_13","[""East Timor"", ""Radiansyah"", ""Indonesia\u2013Timor Leste Commission of Truth and Friendship""]","[0, 4, 13]",3
3hop1__144439_443779_52195,who is the president of newly declared independent country of the country of the birthplace of Mulham Arufin–Timor Leste Commission of Truth and Friendship?,Francisco Guterres,[],1,"musique_3hop1__144439_443779_52195_2,musique_3hop1__144439_443779_52195_3,musique_3hop1__144439_443779_52195_7","[""Mulham Arufin"", ""East Timor"", ""Indonesia\u2013Timor Leste Commission of Truth and Friendship""]","[2, 3, 7]",3
3hop1__103440_443779_52195,Kiwil's birth country participated in a Commission of Truth and Friendship. Who is the president of the other country that participated?,Francisco Guterres,[],1,"musique_3hop1__103440_443779_52195_1,musique_3hop1__103440_443779_52195_6,musique_3hop1__103440_443779_52195_18","[""Kiwil"", ""Indonesia\u2013Timor Leste Commission of Truth and Friendship"", ""East Timor""]","[1, 6, 18]",3
3hop1__145411_443779_52195,Who is the president of the newly declared independent country that is part of the Commission of Truth and Friendship with the country where Sumardi was born?,Francisco Guterres,[],1,"musique_3hop1__145411_443779_52195_2,musique_3hop1__145411_443779_52195_5,musique_3hop1__145411_443779_52195_18","[""Indonesia\u2013Timor Leste Commission of Truth and Friendship"", ""Sumardi"", ""East Timor""]","[2, 5, 18]",3
3hop1__106313_443779_52195,Who is president of the newly declared independent country that is part of the Commission of Truth and Friendship with the country where Opor originated?,Francisco Guterres,[],1,"musique_3hop1__106313_443779_52195_4,musique_3hop1__106313_443779_52195_8,musique_3hop1__106313_443779_52195_19","[""East Timor"", ""Opor"", ""Indonesia\u2013Timor Leste Commission of Truth and Friendship""]","[4, 8, 19]",3
3hop1__654651_55349_651302,What is the place of birth of who does the voice of stan on the series that Insecurity is part of?,Denver,"[""Denver, Colorado""]",1,"musique_3hop1__654651_55349_651302_1,musique_3hop1__654651_55349_651302_2,musique_3hop1__654651_55349_651302_11","[""Dian Bachar"", ""List of South Park cast members"", ""Insecurity (South Park)""]","[1, 2, 11]",3
3hop1__106900_443779_52195,Who is the president of the new country that jointly established a Commission of Truth and Friendship with the country that broadcasts Dahsyat?,Francisco Guterres,[],1,"musique_3hop1__106900_443779_52195_3,musique_3hop1__106900_443779_52195_4,musique_3hop1__106900_443779_52195_9","[""East Timor"", ""Dahsyat"", ""Indonesia\u2013Timor Leste Commission of Truth and Friendship""]","[3, 4, 9]",3
3hop1__93963_170667_18967,what is the former name of the country where the airport that Lion Air is part is located?,Dutch East Indies,[],1,"musique_3hop1__93963_170667_18967_10,musique_3hop1__93963_170667_18967_14,musique_3hop1__93963_170667_18967_17","[""Cathay Pacific Flight 780"", ""Hokkien"", ""Lion Air""]","[10, 14, 17]",3
3hop1__123190_519940_18967,What is the former name of the country where Atika Suri studied?,Dutch East Indies,[],1,"musique_3hop1__123190_519940_18967_5,musique_3hop1__123190_519940_18967_8,musique_3hop1__123190_519940_18967_15","[""Atika Suri"", ""Trisakti Museum"", ""Hokkien""]","[5, 8, 15]",3
3hop1__248929_160713_77246,What is the meaning of the word that is also a majority religion in the region that became India when the country where Kohat is located was created in the Arabic dictionary?,the country of India,"[""IND"", ""IN"", ""India"", ""in"", ""Republic of India""]",1,"musique_3hop1__248929_160713_77246_6,musique_3hop1__248929_160713_77246_12,musique_3hop1__248929_160713_77246_17","[""Kohat (Urban-V)"", ""Partition of India"", ""Hindus""]","[6, 12, 17]",3
3hop1__159737_160713_77246,What is the meaning of the word that is also a majority religion in the area that became India when the country that withdrew its forces was created in the Arabic dictionary?,the country of India,"[""IND"", ""IN"", ""India"", ""in"", ""Hindustan""]",1,"musique_3hop1__159737_160713_77246_12,musique_3hop1__159737_160713_77246_13,musique_3hop1__159737_160713_77246_17","[""Partition of India"", ""Indo-Pakistani War of 1947\u20131948"", ""Hindus""]","[12, 13, 17]",3
3hop1__163024_443779_52195,Who is the president of the newly declared independent country that has a Commission of Truth and Friendship with the country where Ambelau is located?,Francisco Guterres,[],1,"musique_3hop1__163024_443779_52195_9,musique_3hop1__163024_443779_52195_11,musique_3hop1__163024_443779_52195_16","[""Indonesia\u2013Timor Leste Commission of Truth and Friendship"", ""East Timor"", ""Ambelau""]","[9, 11, 16]",3
3hop1__23444_160713_77246,In the Arabic dictionary what is the meaning of the word that also refers to the majority religion in India when the country containing the Neolithic graveyards was created?,the country of India,"[""IND"", ""IN"", ""India"", ""in"", ""Republic of India"", ""Hindustan""]",1,"musique_3hop1__23444_160713_77246_1,musique_3hop1__23444_160713_77246_14,musique_3hop1__23444_160713_77246_17","[""Hindus"", ""History of science"", ""Partition of India""]","[1, 14, 17]",3
3hop1__488744_443779_52195,Who is the president of the newly declared independent country that is part of the Commission of Truth and Friendship with the country where Jenggawah is located?,Francisco Guterres,[],1,"musique_3hop1__488744_443779_52195_0,musique_3hop1__488744_443779_52195_7,musique_3hop1__488744_443779_52195_11","[""Indonesia\u2013Timor Leste Commission of Truth and Friendship"", ""Jenggawah, Jember"", ""East Timor""]","[0, 7, 11]",3
3hop1__106688_160713_77246,"What is the Arabic dictionary meaning, of the word for the majority religion in the part of British India, that became India when the country that released Mushkil was created?",the country of India,"[""IND"", ""IN"", ""India"", ""in"", ""Republic of India""]",1,"musique_3hop1__106688_160713_77246_5,musique_3hop1__106688_160713_77246_7,musique_3hop1__106688_160713_77246_16","[""Partition of India"", ""Mushkil"", ""Hindus""]","[5, 7, 16]",3
3hop1__749581_443779_52195,Who is the president of the newly declared independent country that is part of the Commission of Truth and Friendship with the country where Sambas is located?,Francisco Guterres,[],1,"musique_3hop1__749581_443779_52195_5,musique_3hop1__749581_443779_52195_8,musique_3hop1__749581_443779_52195_12","[""Sambas Regency"", ""East Timor"", ""Indonesia\u2013Timor Leste Commission of Truth and Friendship""]","[5, 8, 12]",3
3hop1__438364_443779_52195,Who is the president of the newly declared independent country that is part of the Commission of Truth and Friendship with the country where Kotamadya is located?,Francisco Guterres,[],1,"musique_3hop1__438364_443779_52195_13,musique_3hop1__438364_443779_52195_14,musique_3hop1__438364_443779_52195_16","[""East Timor"", ""Kotamadya"", ""Indonesia\u2013Timor Leste Commission of Truth and Friendship""]","[13, 14, 16]",3
3hop1__161507_160713_77246,What is the meaning of the word that is also a majority religion in the area that became India when the country where Masherbrum is located was created in the Arabic dictionary?,the country of India,"[""IND"", ""IN"", ""India"", ""in"", ""Republic of India""]",1,"musique_3hop1__161507_160713_77246_2,musique_3hop1__161507_160713_77246_4,musique_3hop1__161507_160713_77246_17","[""Masherbrum"", ""Partition of India"", ""Hindus""]","[2, 4, 17]",3
3hop1__222380_443779_52195,Who is the president of the newly declared independent country that is part of the Commission of Truth and Friendship with the country where Buru is located?,Francisco Guterres,[],1,"musique_3hop1__222380_443779_52195_5,musique_3hop1__222380_443779_52195_7,musique_3hop1__222380_443779_52195_9","[""Indonesia\u2013Timor Leste Commission of Truth and Friendship"", ""Buru Regency"", ""East Timor""]","[5, 7, 9]",3
3hop1__507961_160713_77246,What is the meaning of the word that is also a majority religion in India when the country where Banna is located was created in the Arabic dictionary?,the country of India,"[""IND"", ""IN"", ""India"", ""in"", ""Republic of India""]",1,"musique_3hop1__507961_160713_77246_4,musique_3hop1__507961_160713_77246_6,musique_3hop1__507961_160713_77246_8","[""Partition of India"", ""Hindus"", ""Banna (Battagram)""]","[4, 6, 8]",3
3hop1__106847_160713_77246,What is the meaning in the arabic dictionary of the majority religion in the area of British India that become India when the country for A Music Fairy was created?,the country of India,"[""IND"", ""IN"", ""India"", ""in"", ""Republic of India""]",1,"musique_3hop1__106847_160713_77246_2,musique_3hop1__106847_160713_77246_7,musique_3hop1__106847_160713_77246_12","[""Hindus"", ""Partition of India"", ""A Music Fairy""]","[2, 7, 12]",3
3hop1__28404_160713_77246,What is the meaning of the word that is also a majority religion in what became India when the country that disavowed the Taliban was created in the Arabic dictionary?,the country of India,"[""IND"", ""IN"", ""India"", ""in"", ""Republic of India""]",1,"musique_3hop1__28404_160713_77246_4,musique_3hop1__28404_160713_77246_9,musique_3hop1__28404_160713_77246_16","[""Partition of India"", ""War on Terror"", ""Hindus""]","[4, 9, 16]",3
3hop1__604797_443779_52195,who is the president of newly declared independent country which is the country of the country of Alabio –Timor Leste Commission of Truth and Friendship?,Francisco Guterres,[],1,"musique_3hop1__604797_443779_52195_3,musique_3hop1__604797_443779_52195_7,musique_3hop1__604797_443779_52195_17","[""Alabio"", ""Indonesia\u2013Timor Leste Commission of Truth and Friendship"", ""East Timor""]","[3, 7, 17]",3
3hop1__475351_160713_77246,"In the Arabic dictionary, what's the meaning of the word for the majority religion in the area of British India that became India when Dourkhan's country was created?",the country of India,"[""IND"", ""IN"", ""India"", ""in"", ""Republic of India""]",1,"musique_3hop1__475351_160713_77246_3,musique_3hop1__475351_160713_77246_4,musique_3hop1__475351_160713_77246_15","[""Dourkhan"", ""Hindus"", ""Partition of India""]","[3, 4, 15]",3
3hop1__498954_160713_77246,What is the meaning of the word also known as the majority religion in the area of British India that became India when the country where Mandeer is located was created in arabic dictionary?,the country of India,"[""IND"", ""IN"", ""India"", ""in"", ""Republic of India""]",1,"musique_3hop1__498954_160713_77246_3,musique_3hop1__498954_160713_77246_11,musique_3hop1__498954_160713_77246_14","[""Mandeer"", ""Hindus"", ""Partition of India""]","[3, 11, 14]",3
3hop1__743797_443779_52195,"Who is the president of the newly declared independent country, that established the Timor Leste Commission of Truth and Friendship with the country where the Alas is found?",Francisco Guterres,[],1,"musique_3hop1__743797_443779_52195_0,musique_3hop1__743797_443779_52195_6,musique_3hop1__743797_443779_52195_19","[""East Timor"", ""Indonesia\u2013Timor Leste Commission of Truth and Friendship"", ""Alas people""]","[0, 6, 19]",3
3hop1__376309_160713_77246,"In the Arabic dictionary, what's the meaning of the word for the majority religion in the area of British India that became India when Garlat's country was created?",the country of India,"[""IND"", ""IN"", ""India"", ""in"", ""Republic of India""]",1,"musique_3hop1__376309_160713_77246_2,musique_3hop1__376309_160713_77246_12,musique_3hop1__376309_160713_77246_14","[""Hindus"", ""Garlat"", ""Partition of India""]","[2, 12, 14]",3
3hop1__105837_160713_77246,what is meaning of the word that is a majority religion of the area that became India when the country origin of Mizraab was created in Arabic dictionary?,the country of India,"[""IND"", ""IN"", ""India"", ""in"", ""Republic of India""]",1,"musique_3hop1__105837_160713_77246_0,musique_3hop1__105837_160713_77246_3,musique_3hop1__105837_160713_77246_11","[""Mizraab"", ""Hindus"", ""Partition of India""]","[0, 3, 11]",3
3hop1__487301_443779_52195,Who is the president of newly declared independent country part of the Commission of Truth and Friendship with the country where Kaimana is located?,Francisco Guterres,[],1,"musique_3hop1__487301_443779_52195_3,musique_3hop1__487301_443779_52195_5,musique_3hop1__487301_443779_52195_13","[""Kaimana Regency"", ""Indonesia\u2013Timor Leste Commission of Truth and Friendship"", ""East Timor""]","[3, 5, 13]",3
3hop1__489567_443779_52195,Who is the president of the newly declared independent country that is part of the commission of Truth and Friendship with the country where Inierie is located?,Francisco Guterres,[],1,"musique_3hop1__489567_443779_52195_0,musique_3hop1__489567_443779_52195_11,musique_3hop1__489567_443779_52195_12","[""Inierie"", ""Indonesia\u2013Timor Leste Commission of Truth and Friendship"", ""East Timor""]","[0, 11, 12]",3
3hop1__632623_160713_77246,In the arabic dictionary what is the meaning of the word that also refers to the majority religion in India during the creation of the country where Rabwah is located?,the country of India,"[""IND"", ""IN"", ""India"", ""in"", ""Republic of India""]",1,"musique_3hop1__632623_160713_77246_5,musique_3hop1__632623_160713_77246_9,musique_3hop1__632623_160713_77246_13","[""Bashir Rafiq"", ""Hindus"", ""Partition of India""]","[5, 9, 13]",3
3hop1__374018_160713_77246,What is the meaning of the word that is also the majority religion in India when the country where Dubbi is located was created in the Arabic dictionary?,the country of India,"[""IND"", ""IN"", ""India"", ""in"", ""Republic of India""]",1,"musique_3hop1__374018_160713_77246_10,musique_3hop1__374018_160713_77246_15,musique_3hop1__374018_160713_77246_19","[""Hindus"", ""Dubbi"", ""Partition of India""]","[10, 15, 19]",3
3hop1__107195_160713_77246,What is the meaning in the Arabic dictionary of the word which also refers to the majority religion of what became India when the country whose business news is covered by Corporate Corridor was created?,the country of India,"[""IND"", ""IN"", ""India"", ""in"", ""Republic of India""]",1,"musique_3hop1__107195_160713_77246_0,musique_3hop1__107195_160713_77246_9,musique_3hop1__107195_160713_77246_15","[""Corporate Corridor"", ""Hindus"", ""Partition of India""]","[0, 9, 15]",3
3hop1__275261_443779_52195,Who is the president of the newly declared independent country that formed the Timor Leste Commission of Truth and Friendship with the country where Pantar is found?,Francisco Guterres,[],1,"musique_3hop1__275261_443779_52195_2,musique_3hop1__275261_443779_52195_6,musique_3hop1__275261_443779_52195_7","[""Indonesia\u2013Timor Leste Commission of Truth and Friendship"", ""Blagar language"", ""East Timor""]","[2, 6, 7]",3
3hop1__504362_443779_52195,Who is the president of the new country that jointly established a Commission of Truth and Friendship with the country that Solor is a part of?,Francisco Guterres,[],1,"musique_3hop1__504362_443779_52195_10,musique_3hop1__504362_443779_52195_11,musique_3hop1__504362_443779_52195_19","[""East Timor"", ""Indonesia\u2013Timor Leste Commission of Truth and Friendship"", ""Solor""]","[10, 11, 19]",3
3hop1__104996_160713_77246,What is the meaning of the word that is also a majority religion in the area that became India when the country that release Ankahi was created in Arabic dictionary?,the country of India,"[""IND"", ""IN"", ""India"", ""in"", ""Republic of India""]",1,"musique_3hop1__104996_160713_77246_8,musique_3hop1__104996_160713_77246_9,musique_3hop1__104996_160713_77246_17","[""Hindus"", ""Ankahi"", ""Partition of India""]","[8, 9, 17]",3
3hop1__379315_160713_77246,"What is the Arabic dictionary meaning of the word referring to the majority religion in the area of British India, that became India when the country containing Barawal was formed?",the country of India,"[""IND"", ""IN"", ""India"", ""in"", ""Republic of India""]",1,"musique_3hop1__379315_160713_77246_1,musique_3hop1__379315_160713_77246_12,musique_3hop1__379315_160713_77246_13","[""Hindus"", ""Partition of India"", ""Barawal (union council)""]","[1, 12, 13]",3
3hop1__835193_160713_77246,In the Arabic dictionary what is the meaning of the word that also refers to the majority religion in India when the country containing Attabad was created?,the country of India,"[""IND"", ""IN"", ""India"", ""in"", ""Republic of India""]",1,"musique_3hop1__835193_160713_77246_3,musique_3hop1__835193_160713_77246_8,musique_3hop1__835193_160713_77246_17","[""Attabad"", ""Partition of India"", ""Hindus""]","[3, 8, 17]",3
3hop1__30885_160713_77246,what is the meaning of the word that is also the majority religion in the area that became India when the country where BCCI is based was created in the Arabic dictionary?,the country of India,"[""IND"", ""IN"", ""India"", ""in"", ""Republic of India""]",1,"musique_3hop1__30885_160713_77246_4,musique_3hop1__30885_160713_77246_15,musique_3hop1__30885_160713_77246_19","[""John Kerry"", ""Hindus"", ""Partition of India""]","[4, 15, 19]",3
3hop1__106864_160713_77246,What is the meaning in the Arabic Dictionary of the word for the majority religion in the area of British India that became India when Bedari's country was created?,the country of India,"[""IND"", ""IN"", ""India"", ""in"", ""Republic of India"", ""Hindustan""]",1,"musique_3hop1__106864_160713_77246_7,musique_3hop1__106864_160713_77246_8,musique_3hop1__106864_160713_77246_12","[""Hindus"", ""Partition of India"", ""Bedari""]","[7, 8, 12]",3
3hop1__582007_160713_77246,"In the Arabic dictionary, what's the meaning of the word for the majority religion in the area of British India that became India when Achh's country was created?",the country of India,"[""IND"", ""IN"", ""India"", ""in"", ""Republic of India""]",1,"musique_3hop1__582007_160713_77246_1,musique_3hop1__582007_160713_77246_4,musique_3hop1__582007_160713_77246_11","[""Hindus"", ""Achh"", ""Partition of India""]","[1, 4, 11]",3
3hop1__309596_160713_77246,What is the meaning of the word that is also a majority religion in the area that became India when the country where Punial is located was created in the arabic dictionary?,the country of India,"[""IND"", ""IN"", ""India"", ""in"", ""Republic of India""]",1,"musique_3hop1__309596_160713_77246_0,musique_3hop1__309596_160713_77246_4,musique_3hop1__309596_160713_77246_18","[""Hindus"", ""Partition of India"", ""Punial""]","[0, 4, 18]",3
3hop1__804367_160713_77246,What is the meaning of the word that is also the majority religion in the area that became India when the country where Kot Haibat is located was created in the Arabic dictionary?,the country of India,"[""IND"", ""IN"", ""India"", ""in"", ""Republic of India""]",1,"musique_3hop1__804367_160713_77246_7,musique_3hop1__804367_160713_77246_10,musique_3hop1__804367_160713_77246_14","[""Kot Haibat"", ""Hindus"", ""Partition of India""]","[7, 10, 14]",3
3hop1__71549_486583_84283,Who owns the record label where Neil Young's co-singer on Four Strong Winds records?,Warner Music Group,"[""Warner Music""]",1,"musique_3hop1__71549_486583_84283_4,musique_3hop1__71549_486583_84283_5,musique_3hop1__71549_486583_84283_8","[""Warner Records"", ""Nicolette (album)"", ""Four Strong Winds""]","[4, 5, 8]",3
3hop1__66872_709625_84283,Who owns the record label of the Till I Can Gain Control Again songwriter?,Warner Music Group,"[""Warner Music""]",1,"musique_3hop1__66872_709625_84283_0,musique_3hop1__66872_709625_84283_1,musique_3hop1__66872_709625_84283_11","[""Warner Records"", ""'Til I Gain Control Again"", ""Ain't Living Long Like This""]","[0, 1, 11]",3
3hop1__45612_502967_84283,Who is the owner of the record label of the guitarist who performed on the Top Gun theme?,Warner Music Group,"[""Warner Music""]",1,"musique_3hop1__45612_502967_84283_1,musique_3hop1__45612_502967_84283_11,musique_3hop1__45612_502967_84283_16","[""Warner Records"", ""Top Gun Anthem"", ""Atomic Playboys""]","[1, 11, 16]",3
3hop1__142044_538202_84283,Who is the owner of the record label of the performer responsible for the album Just Got Started Lovin' You?,Warner Music Group,"[""Warner Music""]",1,"musique_3hop1__142044_538202_84283_13,musique_3hop1__142044_538202_84283_15,musique_3hop1__142044_538202_84283_17","[""Just Got Started Lovin' You"", ""Sunset Man"", ""Warner Records""]","[13, 15, 17]",3
3hop1__63037_567566_84283,Who is the owner of the record label that singer of the theme song from the movie Arthur belongs to?,Warner Music Group,"[""Warner Music""]",1,"musique_3hop1__63037_567566_84283_11,musique_3hop1__63037_567566_84283_12,musique_3hop1__63037_567566_84283_16","[""Arthur's Theme (Best That You Can Do)"", ""Back of My Mind"", ""Warner Records""]","[11, 12, 16]",3
3hop1__84887_538202_84283,Who is the owner of the record label that the singer of I just got started lovin you belongs to?,Warner Music Group,"[""Warner Music""]",1,"musique_3hop1__84887_538202_84283_3,musique_3hop1__84887_538202_84283_14,musique_3hop1__84887_538202_84283_16","[""Just Got Started Lovin' You"", ""Warner Records"", ""Sunset Man""]","[3, 14, 16]",3
3hop1__53690_161697_73916,What is the average yearly income for the same nationality as the author of The Feminine Mystique?,"$72,641",[],1,"musique_3hop1__53690_161697_73916_3,musique_3hop1__53690_161697_73916_14,musique_3hop1__53690_161697_73916_16","[""Betty Friedan"", ""Household income in the United States"", ""The Feminine Mystique""]","[3, 14, 16]",3
3hop1__53690_161697_85460,What is the average salary of a working citizen of the same nationality as the author of The Feminine Mystique?,"$59,039",[],1,"musique_3hop1__53690_161697_85460_13,musique_3hop1__53690_161697_85460_15,musique_3hop1__53690_161697_85460_16","[""Household income in the United States"", ""The Feminine Mystique"", ""Betty Friedan""]","[13, 15, 16]",3
3hop1__53690_161697_49779,Who was a host of Who Wants to be a Millionaire who shares the same nationality as the author of The Feminine Mystique?,Chris Harrison,[],1,"musique_3hop1__53690_161697_49779_0,musique_3hop1__53690_161697_49779_1,musique_3hop1__53690_161697_49779_6","[""Betty Friedan"", ""Who Wants to Be a Millionaire (American game show)"", ""The Feminine Mystique""]","[0, 1, 6]",3
3hop1__694534_160088_85460,What is the average salary of a working person of the same nationality as MacGruder and Loud's creator?,"$59,039",[],1,"musique_3hop1__694534_160088_85460_1,musique_3hop1__694534_160088_85460_13,musique_3hop1__694534_160088_85460_17","[""Aaron Spelling"", ""Household income in the United States"", ""MacGruder and Loud""]","[1, 13, 17]",3
3hop1__694534_160088_73916,What is the average yearly income for a person of the same nationality as the creator of MacGruder and Loud?,"$72,641",[],1,"musique_3hop1__694534_160088_73916_4,musique_3hop1__694534_160088_73916_8,musique_3hop1__694534_160088_73916_15","[""Household income in the United States"", ""Aaron Spelling"", ""MacGruder and Loud""]","[4, 8, 15]",3
3hop1__694534_160088_49779,Who is the host of Who Wants to be a Millionaire in the country that MacGruder and Loud's creator is from?,Chris Harrison,[],1,"musique_3hop1__694534_160088_49779_7,musique_3hop1__694534_160088_49779_17,musique_3hop1__694534_160088_49779_18","[""MacGruder and Loud"", ""Who Wants to Be a Millionaire (American game show)"", ""Aaron Spelling""]","[7, 17, 18]",3
3hop1__622497_160088_85460,What is the average salary of a working person with the same nationality as the producer of The Wild Women of Chastity Gulch?,"$59,039",[],1,"musique_3hop1__622497_160088_85460_7,musique_3hop1__622497_160088_85460_8,musique_3hop1__622497_160088_85460_15","[""Aaron Spelling"", ""The Wild Women of Chastity Gulch"", ""Household income in the United States""]","[7, 8, 15]",3
3hop1__622497_160088_49779,Who is the host of Who Wants to be a Millionaire in the country that the producer of The Wild Women of Chastity Gulch is from?,Chris Harrison,[],1,"musique_3hop1__622497_160088_49779_1,musique_3hop1__622497_160088_49779_4,musique_3hop1__622497_160088_49779_19","[""Who Wants to Be a Millionaire (American game show)"", ""The Wild Women of Chastity Gulch"", ""Aaron Spelling""]","[1, 4, 19]",3
3hop1__622497_160088_73916,What is the average yearly income for someone with the same nationality as the producer of The Wild Women of Chastity Gulch?,"$72,641",[],1,"musique_3hop1__622497_160088_73916_1,musique_3hop1__622497_160088_73916_3,musique_3hop1__622497_160088_73916_19","[""Household income in the United States"", ""The Wild Women of Chastity Gulch"", ""Aaron Spelling""]","[1, 3, 19]",3
3hop1__239036_15840_36002,What were the Genesis's advantages over the platform of Xexys?,built on 16-bit architectures and offered improved graphics and sound,"[""16-bit"", ""16-bit architecture""]",1,"musique_3hop1__239036_15840_36002_3,musique_3hop1__239036_15840_36002_8,musique_3hop1__239036_15840_36002_9","[""Super Nintendo Entertainment System"", ""Xexyz"", ""Nintendo Entertainment System""]","[3, 8, 9]",3
3hop1__694534_160088_821792,Who is the author of Growing Up this nationality of the creator MacGruder and Loud?,Min Zhou,"[""Carl L. Bankston""]",1,"musique_3hop1__694534_160088_821792_7,musique_3hop1__694534_160088_821792_11,musique_3hop1__694534_160088_821792_13","[""MacGruder and Loud"", ""Aaron Spelling"", ""Growing Up American""]","[7, 11, 13]",3
3hop1__536452_15840_36002,What were the Genesis's advantages over the platform of Pinball Quest?,built on 16-bit architectures and offered improved graphics and sound,"[""16-bit"", ""16-bit architecture""]",1,"musique_3hop1__536452_15840_36002_0,musique_3hop1__536452_15840_36002_7,musique_3hop1__536452_15840_36002_14","[""Nintendo Entertainment System"", ""Super Nintendo Entertainment System"", ""Pinball Quest""]","[0, 7, 14]",3
3hop1__850160_15840_36002,What were the Genesis's advantage over the platform of Pictionary?,built on 16-bit architectures and offered improved graphics and sound,"[""16-bit"", ""16-bit architecture""]",1,"musique_3hop1__850160_15840_36002_0,musique_3hop1__850160_15840_36002_11,musique_3hop1__850160_15840_36002_14","[""Super Nintendo Entertainment System"", ""Nintendo Entertainment System"", ""Pictionary (video game)""]","[0, 11, 14]",3
3hop1__848113_15840_36002,What were the Genesis's advantages over the system which had a three letter abbreviation and was also the platform for Star Voyager?,built on 16-bit architectures and offered improved graphics and sound,"[""16-bit"", ""16-bit architecture""]",1,"musique_3hop1__848113_15840_36002_3,musique_3hop1__848113_15840_36002_8,musique_3hop1__848113_15840_36002_15","[""Star Voyager"", ""Super Nintendo Entertainment System"", ""Nintendo Entertainment System""]","[3, 8, 15]",3
3hop1__418091_15840_36002,What were Genesis's advantages over the platform that plays Bigfoot?,built on 16-bit architectures and offered improved graphics and sound,"[""16-bit"", ""16-bit architecture""]",1,"musique_3hop1__418091_15840_36002_4,musique_3hop1__418091_15840_36002_12,musique_3hop1__418091_15840_36002_14","[""Super Nintendo Entertainment System"", ""Bigfoot (video game)"", ""Nintendo Entertainment System""]","[4, 12, 14]",3
3hop1__649930_15840_36002,What were the Genesis' advantages over the platform of Colorful Dragon?,built on 16-bit architectures and offered improved graphics and sound,"[""16-bit"", ""16-bit architecture""]",1,"musique_3hop1__649930_15840_36002_3,musique_3hop1__649930_15840_36002_4,musique_3hop1__649930_15840_36002_14","[""Super Nintendo Entertainment System"", ""Colorful Dragon"", ""Nintendo Entertainment System""]","[3, 4, 14]",3
3hop1__791757_15840_36002,What were the Genesis's advantages over the system Knight Rider came out on?,built on 16-bit architectures and offered improved graphics and sound,"[""16-bit"", ""16-bit architecture""]",1,"musique_3hop1__791757_15840_36002_0,musique_3hop1__791757_15840_36002_5,musique_3hop1__791757_15840_36002_19","[""Knight Rider (video game)"", ""Super Nintendo Entertainment System"", ""Nintendo Entertainment System""]","[0, 5, 19]",3
3hop1__346812_15840_36002,What were the Genesis's advantages over the platform that plays Drac's Night Out?,built on 16-bit architectures and offered improved graphics and sound,"[""16-bit"", ""16-bit architecture""]",1,"musique_3hop1__346812_15840_36002_7,musique_3hop1__346812_15840_36002_8,musique_3hop1__346812_15840_36002_12","[""Nintendo Entertainment System"", ""Drac's Night Out"", ""Super Nintendo Entertainment System""]","[7, 8, 12]",3
3hop1__836699_15840_36002,What were the Genesis's advantages over the platform of the game Nightshade?,built on 16-bit architectures and offered improved graphics and sound,"[""16-bit"", ""16-bit architecture""]",1,"musique_3hop1__836699_15840_36002_2,musique_3hop1__836699_15840_36002_7,musique_3hop1__836699_15840_36002_17","[""Nightshade (1992 video game)"", ""Super Nintendo Entertainment System"", ""Nintendo Entertainment System""]","[2, 7, 17]",3
3hop1__742464_15840_36002,What were the Genesis's advantages over the platform in which Robodemons is played?,built on 16-bit architectures and offered improved graphics and sound,"[""16-bit"", ""16-bit architecture""]",1,"musique_3hop1__742464_15840_36002_8,musique_3hop1__742464_15840_36002_9,musique_3hop1__742464_15840_36002_14","[""Super Nintendo Entertainment System"", ""Robodemons"", ""Nintendo Entertainment System""]","[8, 9, 14]",3
3hop1__691197_15840_36002,What were the Genesis's advantages over the console whose three letter abbreviation stood for the full console name and also featured the game Yoshi?,built on 16-bit architectures and offered improved graphics and sound,"[""16-bit"", ""16-bit architecture""]",1,"musique_3hop1__691197_15840_36002_3,musique_3hop1__691197_15840_36002_13,musique_3hop1__691197_15840_36002_17","[""Yoshi (video game)"", ""Super Nintendo Entertainment System"", ""Nintendo Entertainment System""]","[3, 13, 17]",3
3hop1__469478_15840_36002,What were the Genesis's advantages over the platform that plays Sunman?,built on 16-bit architectures and offered improved graphics and sound,"[""16-bit"", ""16-bit architecture""]",1,"musique_3hop1__469478_15840_36002_1,musique_3hop1__469478_15840_36002_5,musique_3hop1__469478_15840_36002_8","[""Nintendo Entertainment System"", ""Super Nintendo Entertainment System"", ""Sunman (video game)""]","[1, 5, 8]",3
3hop1__622497_160088_821792,Who wrote a book about growing up in the same nationality as the man who produced The Wild Women of Chastity Gulch?,Min Zhou,"[""Carl L. Bankston""]",1,"musique_3hop1__622497_160088_821792_10,musique_3hop1__622497_160088_821792_18,musique_3hop1__622497_160088_821792_19","[""Aaron Spelling"", ""The Wild Women of Chastity Gulch"", ""Growing Up American""]","[10, 18, 19]",3
3hop2__304722_397371_63959,When was the last time Duane Courtney's team beat the winner of the 1894-95 FA Cup?,1 December 2010,[],1,"musique_3hop2__304722_397371_63959_13,musique_3hop2__304722_397371_63959_15,musique_3hop2__304722_397371_63959_19","[""1894\u201395 FA Cup"", ""Second City derby"", ""Duane Courtney""]","[13, 15, 19]",3
3hop2__304722_590317_63959,When was the last time the team that Terry Twell was a member of beat the 194-95 winner of the FA Cup?,1 December 2010,[],1,"musique_3hop2__304722_590317_63959_3,musique_3hop2__304722_590317_63959_8,musique_3hop2__304722_590317_63959_19","[""Second City derby"", ""1894\u201395 FA Cup"", ""Terry Twell""]","[3, 8, 19]",3
3hop2__304722_747004_63959,When was the last time George Hollis's team beat the 1894-95 FA Cup winner?,1 December 2010,[],1,"musique_3hop2__304722_747004_63959_1,musique_3hop2__304722_747004_63959_3,musique_3hop2__304722_747004_63959_12","[""Second City derby"", ""George Hollis (footballer)"", ""1894\u201395 FA Cup""]","[1, 3, 12]",3
3hop2__304722_796034_63959,When was the last time the sports team employing Winston Foster beat the 1894-95 FA Cup winner?,1 December 2010,[],1,"musique_3hop2__304722_796034_63959_3,musique_3hop2__304722_796034_63959_18,musique_3hop2__304722_796034_63959_19","[""Winston Foster"", ""1894\u201395 FA Cup"", ""Second City derby""]","[3, 18, 19]",3
3hop2__304722_692815_63959,When was the last time Darren Carter's team beat the 1894-95 FA Cup winner?,1 December 2010,[],1,"musique_3hop2__304722_692815_63959_5,musique_3hop2__304722_692815_63959_14,musique_3hop2__304722_692815_63959_15","[""1894\u201395 FA Cup"", ""Darren Carter"", ""Second City derby""]","[5, 14, 15]",3
3hop2__304722_466316_63959,When was the last time the team that Arthur James was a member of beat the 1894-95 FA cup winner?,1 December 2010,[],1,"musique_3hop2__304722_466316_63959_5,musique_3hop2__304722_466316_63959_16,musique_3hop2__304722_466316_63959_19","[""1894\u201395 FA Cup"", ""Arthur James (footballer)"", ""Second City derby""]","[5, 16, 19]",3
3hop2__304722_526346_63959,When was the last time the sports team having Trevor Dark as a member beat the winner of 1894–95 FA Cup?,1 December 2010,[],1,"musique_3hop2__304722_526346_63959_1,musique_3hop2__304722_526346_63959_12,musique_3hop2__304722_526346_63959_16","[""1894\u201395 FA Cup"", ""Second City derby"", ""Trevor Dark""]","[1, 12, 16]",3
3hop2__304722_667199_63959,When was the last time the team that Malcolm Briggs was a member of beat the 1894-95 FA cup winner?,1 December 2010,[],1,"musique_3hop2__304722_667199_63959_2,musique_3hop2__304722_667199_63959_5,musique_3hop2__304722_667199_63959_11","[""Second City derby"", ""1894\u201395 FA Cup"", ""Malcolm Briggs""]","[2, 5, 11]",3
3hop2__304722_423353_63959,When was the last time Jose Dominguez's sports team beat the winner of the 1894-95 FA Cup?,1 December 2010,[],1,"musique_3hop2__304722_423353_63959_7,musique_3hop2__304722_423353_63959_10,musique_3hop2__304722_423353_63959_15","[""Jos\u00e9 Dominguez"", ""1894\u201395 FA Cup"", ""Second City derby""]","[7, 10, 15]",3
3hop2__304722_602987_63959,When was the last time the sports team that employs Joe Gallagher beat the winner of the 1894-95 FA Cup?,1 December 2010,[],1,"musique_3hop2__304722_602987_63959_2,musique_3hop2__304722_602987_63959_9,musique_3hop2__304722_602987_63959_15","[""1894\u201395 FA Cup"", ""Second City derby"", ""Joe Gallagher (footballer)""]","[2, 9, 15]",3
3hop2__304722_582839_63959,When was the last time the team employing Ronnie Morris beat the 1894-95 FA Cup winner?,1 December 2010,[],1,"musique_3hop2__304722_582839_63959_0,musique_3hop2__304722_582839_63959_5,musique_3hop2__304722_582839_63959_18","[""1894\u201395 FA Cup"", ""Ronnie Morris (footballer)"", ""Second City derby""]","[0, 5, 18]",3
3hop2__304722_591230_63959,When was the last time Ken Faulkner's team beat the 1894-95 FA Cup winner?,1 December 2010,[],1,"musique_3hop2__304722_591230_63959_5,musique_3hop2__304722_591230_63959_7,musique_3hop2__304722_591230_63959_18","[""Ken Faulkner"", ""Second City derby"", ""1894\u201395 FA Cup""]","[5, 7, 18]",3
3hop2__304722_230978_63959,When was the last time the team Matthew Webb was a member of beat the winner of the 1894-95 FA Cup?,1 December 2010,[],1,"musique_3hop2__304722_230978_63959_8,musique_3hop2__304722_230978_63959_12,musique_3hop2__304722_230978_63959_16","[""Matthew Webb (footballer)"", ""Second City derby"", ""1894\u201395 FA Cup""]","[8, 12, 16]",3
3hop2__304722_203717_63959,When was the last time the sports team Alan O'Neil was a member of beat the winner of the 1894-95 FA cup?,1 December 2010,[],1,"musique_3hop2__304722_203717_63959_0,musique_3hop2__304722_203717_63959_3,musique_3hop2__304722_203717_63959_6","[""1894\u201395 FA Cup"", ""Second City derby"", ""Alan O'Neill (footballer, born 1973)""]","[0, 3, 6]",3
3hop2__304722_781203_63959,When was the last time the team who Bernard Lowe was a member of beat the winner of the 1894-95 FA Cup?,1 December 2010,[],1,"musique_3hop2__304722_781203_63959_11,musique_3hop2__304722_781203_63959_16,musique_3hop2__304722_781203_63959_19","[""Bernard Lowe"", ""Second City derby"", ""1894\u201395 FA Cup""]","[11, 16, 19]",3
3hop2__304722_740784_63959,When was the last time Krystian Pearce's sports team beat the winner of the 1894-95 FA Cup?,1 December 2010,[],1,"musique_3hop2__304722_740784_63959_4,musique_3hop2__304722_740784_63959_8,musique_3hop2__304722_740784_63959_11","[""Second City derby"", ""Krystian Pearce"", ""1894\u201395 FA Cup""]","[4, 8, 11]",3
3hop2__304722_398767_63959,When was the last time Johnny Newman's team beat the 1894–95 FA Cup winner?,1 December 2010,[],1,"musique_3hop2__304722_398767_63959_4,musique_3hop2__304722_398767_63959_18,musique_3hop2__304722_398767_63959_19","[""Johnny Newman (footballer)"", ""Second City derby"", ""1894\u201395 FA Cup""]","[4, 18, 19]",3
3hop2__304722_372858_63959,When was the last time Gary Rowett's team beat the 1894-95 FA Cup winner?,1 December 2010,[],1,"musique_3hop2__304722_372858_63959_5,musique_3hop2__304722_372858_63959_7,musique_3hop2__304722_372858_63959_16","[""Gary Rowett"", ""Second City derby"", ""1894\u201395 FA Cup""]","[5, 7, 16]",3
3hop2__304722_330033_63959,When was the last time Tony Richard's team beat the 1894-95 FA Cup Winner?,1 December 2010,[],1,"musique_3hop2__304722_330033_63959_2,musique_3hop2__304722_330033_63959_4,musique_3hop2__304722_330033_63959_8","[""1894\u201395 FA Cup"", ""Second City derby"", ""Tony Richards (footballer)""]","[2, 4, 8]",3
3hop2__304722_297619_63959,When was the last time Cian Hughton's team beat the 1894–95 FA Cup winner?,1 December 2010,[],1,"musique_3hop2__304722_297619_63959_8,musique_3hop2__304722_297619_63959_9,musique_3hop2__304722_297619_63959_10","[""Second City derby"", ""Cian Hughton"", ""1894\u201395 FA Cup""]","[8, 9, 10]",3
3hop2__304722_238553_63959,When was the last time Peter Till's sports team beat the winner of the 1894-95 FA Cup?,1 December 2010,[],1,"musique_3hop2__304722_238553_63959_3,musique_3hop2__304722_238553_63959_6,musique_3hop2__304722_238553_63959_16","[""Second City derby"", ""Peter Till"", ""1894\u201395 FA Cup""]","[3, 6, 16]",3
3hop2__304722_689786_63959,When was the last time the sports team that Malcolm Beard was a member of beat the 1894-95 FA cup winner?,1 December 2010,[],1,"musique_3hop2__304722_689786_63959_1,musique_3hop2__304722_689786_63959_3,musique_3hop2__304722_689786_63959_12","[""1894\u201395 FA Cup"", ""Second City derby"", ""Malcolm Beard""]","[1, 3, 12]",3
3hop1__765847_831637_91775,What does SEAL stand for in the branch of military that operates USS Mahan?,"Sea, Air, and Land",[],1,"musique_3hop1__765847_831637_91775_11,musique_3hop1__765847_831637_91775_15,musique_3hop1__765847_831637_91775_18","[""USS Mahan (DDG-42)"", ""List of destroyer classes of the United States Navy"", ""United States Navy SEALs""]","[11, 15, 18]",3
3hop1__251085_831637_91775,what does seal stand for in the operator of the list of destroyer classes of the operator of the USS Grouse seals?,"Sea, Air, and Land",[],1,"musique_3hop1__251085_831637_91775_5,musique_3hop1__251085_831637_91775_7,musique_3hop1__251085_831637_91775_9","[""USS Grouse (AMc-12)"", ""List of destroyer classes of the United States Navy"", ""United States Navy SEALs""]","[5, 7, 9]",3
3hop1__380590_831637_91775,What does the seal stand for in the operator of the list of destroyer classes of the operator of the USS ZigZag seals?,"Sea, Air, and Land",[],1,"musique_3hop1__380590_831637_91775_7,musique_3hop1__380590_831637_91775_8,musique_3hop1__380590_831637_91775_17","[""United States Navy SEALs"", ""List of destroyer classes of the United States Navy"", ""USS Zigzag (SP-106)""]","[7, 8, 17]",3
3hop1__534450_831637_91775,What does seal stand for in the division of the U.S. military branch that operates destroyer classes and the USS Chinquapin?,"Sea, Air, and Land",[],1,"musique_3hop1__534450_831637_91775_4,musique_3hop1__534450_831637_91775_6,musique_3hop1__534450_831637_91775_11","[""United States Navy SEALs"", ""List of destroyer classes of the United States Navy"", ""USS Chinquapin (AN-17)""]","[4, 6, 11]",3
3hop1__837871_831637_91775,What does seal stand for in the operator of the list of destroyer classes of the operator of the USS Tringa seals?,"Sea, Air, and Land",[],1,"musique_3hop1__837871_831637_91775_4,musique_3hop1__837871_831637_91775_5,musique_3hop1__837871_831637_91775_9","[""United States Navy SEALs"", ""List of destroyer classes of the United States Navy"", ""USS Tringa (ASR-16)""]","[4, 5, 9]",3
3hop1__469478_15840_36014,What was Nintendo's limit on games per developer per year for the platform with an abbreviated name that had the game Sunman?,five,[],1,"musique_3hop1__469478_15840_36014_7,musique_3hop1__469478_15840_36014_9,musique_3hop1__469478_15840_36014_18","[""Nintendo Entertainment System"", ""Sunman (video game)"", ""Super Nintendo Entertainment System""]","[7, 9, 18]",3
3hop1__239036_15840_36014,"What was Nintendo's limit on games per developer per year on the platform, also known by a three letter abbreviation, of the video game Xexyz?",five,[],1,"musique_3hop1__239036_15840_36014_6,musique_3hop1__239036_15840_36014_15,musique_3hop1__239036_15840_36014_17","[""Nintendo Entertainment System"", ""Xexyz"", ""Super Nintendo Entertainment System""]","[6, 15, 17]",3
3hop1__831162_831637_91775,What does SEAL stand for in the military group that is part of the military branch that operates USS Dour?,"Sea, Air, and Land",[],1,"musique_3hop1__831162_831637_91775_5,musique_3hop1__831162_831637_91775_11,musique_3hop1__831162_831637_91775_17","[""List of destroyer classes of the United States Navy"", ""United States Navy SEALs"", ""USS Dour (AM-223)""]","[5, 11, 17]",3
3hop1__742464_15840_36014,What was Nintendo's limit on games per developer per year on the platform of Robodemons?,five,[],1,"musique_3hop1__742464_15840_36014_7,musique_3hop1__742464_15840_36014_8,musique_3hop1__742464_15840_36014_19","[""Super Nintendo Entertainment System"", ""Nintendo Entertainment System"", ""Robodemons""]","[7, 8, 19]",3
3hop1__791757_15840_36014,"On Knight Rider's console, what was maximum games per year per developer imposed by Nintendo?",five,[],1,"musique_3hop1__791757_15840_36014_1,musique_3hop1__791757_15840_36014_3,musique_3hop1__791757_15840_36014_4","[""Nintendo Entertainment System"", ""Super Nintendo Entertainment System"", ""Knight Rider (video game)""]","[1, 3, 4]",3
3hop1__536452_15840_36014,"What was Nintendo's limit on games per developer per year on the platform with a three letter abbreviation, that had the game Pinball Quest?",five,[],1,"musique_3hop1__536452_15840_36014_11,musique_3hop1__536452_15840_36014_13,musique_3hop1__536452_15840_36014_16","[""Pinball Quest"", ""Super Nintendo Entertainment System"", ""Nintendo Entertainment System""]","[11, 13, 16]",3
3hop1__418091_15840_36014,What was Nintendo's limit on games per developer per year on the gaming platform with a three letter abbreviation that the game Bigfoot was on?,five,[],1,"musique_3hop1__418091_15840_36014_0,musique_3hop1__418091_15840_36014_9,musique_3hop1__418091_15840_36014_17","[""Bigfoot (video game)"", ""Super Nintendo Entertainment System"", ""Nintendo Entertainment System""]","[0, 9, 17]",3
3hop1__756602_831637_91775,What does seal stand for in the U.S. military branch that operates a list of destroyer classes as well as the USS Jason?,"Sea, Air, and Land",[],1,"musique_3hop1__756602_831637_91775_12,musique_3hop1__756602_831637_91775_14,musique_3hop1__756602_831637_91775_18","[""USS Jason (AR-8)"", ""United States Navy SEALs"", ""List of destroyer classes of the United States Navy""]","[12, 14, 18]",3
3hop1__836699_15840_36014,What was Nintendo's limit on games per developer per year on the platform of Nightshade?,five,[],1,"musique_3hop1__836699_15840_36014_1,musique_3hop1__836699_15840_36014_11,musique_3hop1__836699_15840_36014_19","[""Nintendo Entertainment System"", ""Nightshade (1992 video game)"", ""Super Nintendo Entertainment System""]","[1, 11, 19]",3
3hop1__850160_15840_36014,What was Nintendo's limit on games per developer per year on the system which had a three letter abbreviation and was also the platform for Pictionary?,five,[],1,"musique_3hop1__850160_15840_36014_11,musique_3hop1__850160_15840_36014_13,musique_3hop1__850160_15840_36014_14","[""Pictionary (video game)"", ""Nintendo Entertainment System"", ""Super Nintendo Entertainment System""]","[11, 13, 14]",3
3hop1__848113_15840_36014,What was Nintendo's limit on games per developer per year on the abbreviation of the platform of Star Voyager?,five,[],1,"musique_3hop1__848113_15840_36014_6,musique_3hop1__848113_15840_36014_7,musique_3hop1__848113_15840_36014_11","[""Nintendo Entertainment System"", ""Super Nintendo Entertainment System"", ""Star Voyager""]","[6, 7, 11]",3
3hop1__346812_15840_36014,What was Nintendo's limit on games per developer per year on the platform that plays Drac's Night Out?,five,[],1,"musique_3hop1__346812_15840_36014_6,musique_3hop1__346812_15840_36014_12,musique_3hop1__346812_15840_36014_18","[""Drac's Night Out"", ""Super Nintendo Entertainment System"", ""Nintendo Entertainment System""]","[6, 12, 18]",3
3hop1__673934_831637_91775,What does seal stand for in the operator of list of destroyer classes of the operator of the USS Kajeruna seals?,"Sea, Air, and Land",[],1,"musique_3hop1__673934_831637_91775_4,musique_3hop1__673934_831637_91775_7,musique_3hop1__673934_831637_91775_19","[""United States Navy SEALs"", ""List of destroyer classes of the United States Navy"", ""USS Kajeruna (SP-389)""]","[4, 7, 19]",3
3hop1__691197_15840_36014,What was Nintendo's limit on games per developer per year on the platform of Yoshi?,five,[],1,"musique_3hop1__691197_15840_36014_0,musique_3hop1__691197_15840_36014_13,musique_3hop1__691197_15840_36014_14","[""Yoshi (video game)"", ""Nintendo Entertainment System"", ""Super Nintendo Entertainment System""]","[0, 13, 14]",3
3hop1__786632_831637_91775,"What does seal stand for in the U.S. military branch that operates destroyers, as well as the USS Edsall?","Sea, Air, and Land",[],1,"musique_3hop1__786632_831637_91775_2,musique_3hop1__786632_831637_91775_11,musique_3hop1__786632_831637_91775_14","[""List of destroyer classes of the United States Navy"", ""USS Edsall (DE-129)"", ""United States Navy SEALs""]","[2, 11, 14]",3
3hop1__754160_831637_91775,"What does seal stand for in the U.S. military branch that operates a list of destroyer classes, as well as the USS Dextrous?","Sea, Air, and Land",[],1,"musique_3hop1__754160_831637_91775_0,musique_3hop1__754160_831637_91775_1,musique_3hop1__754160_831637_91775_14","[""List of destroyer classes of the United States Navy"", ""USS Dextrous (AM-341)"", ""United States Navy SEALs""]","[0, 1, 14]",3
3hop1__324448_831637_91775,What does SEAL stand for in the military branch that operates USS Prevail?,"Sea, Air, and Land",[],1,"musique_3hop1__324448_831637_91775_2,musique_3hop1__324448_831637_91775_13,musique_3hop1__324448_831637_91775_17","[""List of destroyer classes of the United States Navy"", ""USS Prevail (AM-107)"", ""United States Navy SEALs""]","[2, 13, 17]",3
3hop1__346416_831637_91775,"What does seal stand for in the U.S. military branch that operates a list of destroyer classes, and also operates NC?","Sea, Air, and Land",[],1,"musique_3hop1__346416_831637_91775_3,musique_3hop1__346416_831637_91775_5,musique_3hop1__346416_831637_91775_10","[""Curtiss NC"", ""United States Navy SEALs"", ""List of destroyer classes of the United States Navy""]","[3, 5, 10]",3
3hop1__838590_831637_91775,What does seal stand for in the U.S. military branch that operates a list of destroyer classes and the USS Stag?,"Sea, Air, and Land",[],1,"musique_3hop1__838590_831637_91775_3,musique_3hop1__838590_831637_91775_6,musique_3hop1__838590_831637_91775_11","[""United States Navy SEALs"", ""USS Stag (AW-1)"", ""List of destroyer classes of the United States Navy""]","[3, 6, 11]",3
3hop1__761225_831637_91775,"What does seal stand for in the branch of the U.S. military that operates a list of destroyer classes, as well as containing the rank O-1?","Sea, Air, and Land",[],1,"musique_3hop1__761225_831637_91775_0,musique_3hop1__761225_831637_91775_7,musique_3hop1__761225_831637_91775_14","[""O-1 (airship)"", ""List of destroyer classes of the United States Navy"", ""United States Navy SEALs""]","[0, 7, 14]",3
3hop1__433054_831637_91775,What does seal stand for in who is the operator of destroyer class of the operator of the USS Venus seals?,"Sea, Air, and Land",[],1,"musique_3hop1__433054_831637_91775_7,musique_3hop1__433054_831637_91775_11,musique_3hop1__433054_831637_91775_19","[""United States Navy SEALs"", ""List of destroyer classes of the United States Navy"", ""USS Venus (AK-135)""]","[7, 11, 19]",3
3hop1__797496_831637_91775,What does seal stand for in the operator of the list of destroyer classes of the operator of the USS Acme seals?,"Sea, Air, and Land",[],1,"musique_3hop1__797496_831637_91775_14,musique_3hop1__797496_831637_91775_16,musique_3hop1__797496_831637_91775_19","[""United States Navy SEALs"", ""List of destroyer classes of the United States Navy"", ""USS Acme (MSO-508)""]","[14, 16, 19]",3
3hop1__406043_831637_91775,What does seal stand for in the seals of the service operating list of destroyer classes of the operator of USS Peril?,"Sea, Air, and Land",[],1,"musique_3hop1__406043_831637_91775_7,musique_3hop1__406043_831637_91775_15,musique_3hop1__406043_831637_91775_17","[""USS Peril (AM-272)"", ""List of destroyer classes of the United States Navy"", ""United States Navy SEALs""]","[7, 15, 17]",3
3hop1__255970_831637_91775,The military unit that operates destroyers and once had a ship named the USS Sanderling has a force called the seals. What does seal stand for?,"Sea, Air, and Land",[],1,"musique_3hop1__255970_831637_91775_1,musique_3hop1__255970_831637_91775_7,musique_3hop1__255970_831637_91775_8","[""List of destroyer classes of the United States Navy"", ""United States Navy SEALs"", ""USS Sanderling (AM-37)""]","[1, 7, 8]",3
3hop1__232315_831637_91775,What does seal stand for in the branch of the U.S. military that operates a list of destroyer classes as well as the USS Tarawa?,"Sea, Air, and Land",[],1,"musique_3hop1__232315_831637_91775_2,musique_3hop1__232315_831637_91775_6,musique_3hop1__232315_831637_91775_16","[""United States Navy SEALs"", ""List of destroyer classes of the United States Navy"", ""USS Tarawa (CV-40)""]","[2, 6, 16]",3
3hop1__699454_831637_91775,"What does seal stand for in the U.S. military branch that operates a list of destroyer classes, as well as the USS Sable?","Sea, Air, and Land",[],1,"musique_3hop1__699454_831637_91775_3,musique_3hop1__699454_831637_91775_13,musique_3hop1__699454_831637_91775_14","[""United States Navy SEALs"", ""USS Sable (IX-81)"", ""List of destroyer classes of the United States Navy""]","[3, 13, 14]",3
3hop1__524212_831637_91775,What does SEAL stand for in the military group that is part of the branch that operates the USS Askari?,"Sea, Air, and Land",[],1,"musique_3hop1__524212_831637_91775_1,musique_3hop1__524212_831637_91775_8,musique_3hop1__524212_831637_91775_14","[""United States Navy SEALs"", ""USS Askari"", ""List of destroyer classes of the United States Navy""]","[1, 8, 14]",3
3hop1__695430_831637_91775,What does SEAL stand for in the military group that is part of the branch that operates the USS Chillicothe?,"Sea, Air, and Land",[],1,"musique_3hop1__695430_831637_91775_10,musique_3hop1__695430_831637_91775_17,musique_3hop1__695430_831637_91775_18","[""List of destroyer classes of the United States Navy"", ""United States Navy SEALs"", ""USS Chillicothe (1862)""]","[10, 17, 18]",3
3hop1__462125_538202_84283,Who is the owner of the record label that the performer of Days of Our Lives is on?,Warner Music Group,"[""Warner Music""]",1,"musique_3hop1__462125_538202_84283_3,musique_3hop1__462125_538202_84283_5,musique_3hop1__462125_538202_84283_7","[""Sunset Man"", ""Warner Records"", ""Days of Our Lives (James Otto album)""]","[3, 5, 7]",3
3hop1__518381_709625_84283,Who owns the record label of the Lovin' All Night performer?,Warner Music Group,"[""Warner Music""]",1,"musique_3hop1__518381_709625_84283_2,musique_3hop1__518381_709625_84283_6,musique_3hop1__518381_709625_84283_14","[""Warner Records"", ""Ain't Living Long Like This"", ""Lovin' All Night""]","[2, 6, 14]",3
3hop1__480375_709625_84283,Who is the owner of the record label of the Please Remember Me performer?,Warner Music Group,"[""Warner Music""]",1,"musique_3hop1__480375_709625_84283_6,musique_3hop1__480375_709625_84283_9,musique_3hop1__480375_709625_84283_16","[""Please Remember Me"", ""Warner Records"", ""Ain't Living Long Like This""]","[6, 9, 16]",3
3hop1__511157_709625_84283,Who owns the record label of the performer of The Houston Kid?,Warner Music Group,"[""Warner Music""]",1,"musique_3hop1__511157_709625_84283_4,musique_3hop1__511157_709625_84283_15,musique_3hop1__511157_709625_84283_19","[""Ain't Living Long Like This"", ""The Houston Kid"", ""Warner Records""]","[4, 15, 19]",3
3hop1__389761_567566_84283,Who owns the record label of the Another Page performer?,Warner Music Group,"[""Warner Music""]",1,"musique_3hop1__389761_567566_84283_6,musique_3hop1__389761_567566_84283_8,musique_3hop1__389761_567566_84283_15","[""Warner Records"", ""Another Page"", ""Back of My Mind""]","[6, 8, 15]",3
3hop1__830700_538202_84283,Who owns the record label of the Shake What God Gave Ya performer?,Warner Music Group,"[""Warner Music""]",1,"musique_3hop1__830700_538202_84283_0,musique_3hop1__830700_538202_84283_4,musique_3hop1__830700_538202_84283_17","[""Warner Records"", ""Shake What God Gave Ya"", ""Sunset Man""]","[0, 4, 17]",3
3hop1__226638_538202_84283,Who is the owner of the record label that Just Got Started Lovin' You's performer belong to?,Warner Music Group,"[""Warner Music""]",1,"musique_3hop1__226638_538202_84283_7,musique_3hop1__226638_538202_84283_9,musique_3hop1__226638_538202_84283_14","[""Warner Records"", ""Just Got Started Lovin' You"", ""Sunset Man""]","[7, 9, 14]",3
3hop1__829944_474097_84283,Who is the owner of the record label that the performer of Better Than Me is signed with?,Warner Music Group,"[""Warner Music""]",1,"musique_3hop1__829944_474097_84283_0,musique_3hop1__829944_474097_84283_7,musique_3hop1__829944_474097_84283_19","[""Better Than Me (Terry Dexter song)"", ""Terry Dexter (album)"", ""Warner Records""]","[0, 7, 19]",3
3hop1__390489_502967_84283,Who is the owner of the record label of the performer of Flamenco a Go-Go?,Warner Music Group,"[""Warner Music""]",1,"musique_3hop1__390489_502967_84283_9,musique_3hop1__390489_502967_84283_10,musique_3hop1__390489_502967_84283_13","[""Flamenco a Go-Go"", ""Atomic Playboys"", ""Warner Records""]","[9, 10, 13]",3
3hop1__568951_567566_84283,Who owns the record label of the Every Turn of the World performer?,Warner Music Group,"[""Warner Music""]",1,"musique_3hop1__568951_567566_84283_6,musique_3hop1__568951_567566_84283_10,musique_3hop1__568951_567566_84283_18","[""Every Turn of the World"", ""Back of My Mind"", ""Warner Records""]","[6, 10, 18]",3
3hop1__459153_544076_84283,Who is the owner of the record label that Seventeen's performer belongs to?,Warner Music Group,"[""Warner Music""]",1,"musique_3hop1__459153_544076_84283_1,musique_3hop1__459153_544076_84283_9,musique_3hop1__459153_544076_84283_17","[""Out of My Hands (Keisha White album)"", ""Warner Records"", ""Seventeen (Keisha White album)""]","[1, 9, 17]",3
3hop1__529164_567566_84283,Who is the owner of the record label that the performer of Think of Laura is on?,Warner Music Group,"[""Warner Music""]",1,"musique_3hop1__529164_567566_84283_1,musique_3hop1__529164_567566_84283_8,musique_3hop1__529164_567566_84283_14","[""Back of My Mind"", ""Think of Laura"", ""Warner Records""]","[1, 8, 14]",3
3hop1__742780_567566_84283,Who owns the record label where the singer of All Right records?,Warner Music Group,"[""Warner Music""]",1,"musique_3hop1__742780_567566_84283_5,musique_3hop1__742780_567566_84283_8,musique_3hop1__742780_567566_84283_17","[""Back of My Mind"", ""All Right"", ""Warner Records""]","[5, 8, 17]",3
3hop1__326941_366209_84283,Who is the owner of the record label that the performer of Trojans belongs to?,Warner Music Group,"[""Warner Music""]",1,"musique_3hop1__326941_366209_84283_0,musique_3hop1__326941_366209_84283_7,musique_3hop1__326941_366209_84283_10","[""Warner Records"", ""When It Was Now"", ""Trojans (EP)""]","[0, 7, 10]",3
3hop1__198276_709625_84283,Who is the owner of the record label of the performer of What Kind of Love?,Warner Music Group,"[""Warner Music""]",1,"musique_3hop1__198276_709625_84283_4,musique_3hop1__198276_709625_84283_9,musique_3hop1__198276_709625_84283_12","[""What Kind of Love"", ""Warner Records"", ""Ain't Living Long Like This""]","[4, 9, 12]",3
3hop1__285585_538202_84283,Who is the owner of the record label of the performer of Groovy Little Summer Song?,Warner Music Group,"[""Warner Music""]",1,"musique_3hop1__285585_538202_84283_5,musique_3hop1__285585_538202_84283_8,musique_3hop1__285585_538202_84283_19","[""Groovy Little Summer Song"", ""Sunset Man"", ""Warner Records""]","[5, 8, 19]",3
3hop1__617062_127905_89859,When does the sport which has Jim Wilson's Cleveland team as a member start the regular season?,"March 29, 2018",[],1,"musique_3hop1__617062_127905_89859_1,musique_3hop1__617062_127905_89859_11,musique_3hop1__617062_127905_89859_18","[""2018 Major League Baseball season"", ""Jim Wilson (first baseman)"", ""Cleveland Indians""]","[1, 11, 18]",3
3hop1__816887_127905_80286,Who has the most hits in the league of the team that Dick Aylward plays for?,Pete Rose,[],1,"musique_3hop1__816887_127905_80286_7,musique_3hop1__816887_127905_80286_10,musique_3hop1__816887_127905_80286_12","[""Dick Aylward"", ""List of Major League Baseball career hits leaders"", ""Cleveland Indians""]","[7, 10, 12]",3
3hop1__617062_127905_92225,When is the opening day of the season of the league that Jim Wilson's team plays for?,"March 29, 2018",[],1,"musique_3hop1__617062_127905_92225_3,musique_3hop1__617062_127905_92225_6,musique_3hop1__617062_127905_92225_17","[""Cleveland Indians"", ""2018 Major League Baseball season"", ""Jim Wilson (first baseman)""]","[3, 6, 17]",3
3hop1__617062_127905_87812,When is the opening day of the league that Jim Wilson plays for?,"Thursday, March 29",[],1,"musique_3hop1__617062_127905_87812_4,musique_3hop1__617062_127905_87812_8,musique_3hop1__617062_127905_87812_17","[""Opening Day"", ""Jim Wilson (first baseman)"", ""Cleveland Indians""]","[4, 8, 17]",3
3hop1__287291_375759_84283,Who owns the record label that The Tri-Tone Fascination's performer belongs to?,Warner Music Group,"[""Warner Music""]",1,"musique_3hop1__287291_375759_84283_5,musique_3hop1__287291_375759_84283_6,musique_3hop1__287291_375759_84283_14","[""Warner Records"", ""Powers of Ten (album)"", ""The Tri-Tone Fascination""]","[5, 6, 14]",3
3hop1__617062_127905_46894,Who has the lowest batting average in the league that Jim Wilson's team plays for?,Bill Bergen,[],1,"musique_3hop1__617062_127905_46894_0,musique_3hop1__617062_127905_46894_18,musique_3hop1__617062_127905_46894_19","[""Batting average"", ""Cleveland Indians"", ""Jim Wilson (first baseman)""]","[0, 18, 19]",3
3hop1__617062_127905_46748,What is the longest win streak in the league that Jim Wilson's team plays for?,26,[],1,"musique_3hop1__617062_127905_46748_13,musique_3hop1__617062_127905_46748_14,musique_3hop1__617062_127905_46748_16","[""Jim Wilson (first baseman)"", ""Cleveland Indians"", ""List of Major League Baseball longest winning streaks""]","[13, 14, 16]",3
3hop1__617062_127905_48717,Who was the second pick in the 1999 draft of the league Jim Wilson played in?,Josh Beckett,[],1,"musique_3hop1__617062_127905_48717_5,musique_3hop1__617062_127905_48717_6,musique_3hop1__617062_127905_48717_16","[""1999 Major League Baseball draft"", ""Jim Wilson (first baseman)"", ""Cleveland Indians""]","[5, 6, 16]",3
3hop1__617062_127905_80286,Who has the most hits in the history of the organization that includes the team Jim Wilson was released by?,Pete Rose,[],1,"musique_3hop1__617062_127905_80286_5,musique_3hop1__617062_127905_80286_7,musique_3hop1__617062_127905_80286_9","[""Cleveland Indians"", ""List of Major League Baseball career hits leaders"", ""Jim Wilson (first baseman)""]","[5, 7, 9]",3
3hop1__617062_127905_80487,When is the All-Star game being played in the league that Jim Wilson plays for?,"July 11, 2017",[],1,"musique_3hop1__617062_127905_80487_5,musique_3hop1__617062_127905_80487_13,musique_3hop1__617062_127905_80487_16","[""Jim Wilson (first baseman)"", ""2017 Major League Baseball All-Star Game"", ""Cleveland Indians""]","[5, 13, 16]",3
3hop1__617062_127905_67954,Who won the All-Star MVP for the league that the team that Jim Wilson plays for is a part of?,Alex Bregman,[],1,"musique_3hop1__617062_127905_67954_13,musique_3hop1__617062_127905_67954_17,musique_3hop1__617062_127905_67954_18","[""Major League Baseball All-Star Game Most Valuable Player Award"", ""Jim Wilson (first baseman)"", ""Cleveland Indians""]","[13, 17, 18]",3
3hop1__617062_127905_54974,What is the farthest home run ever hit in the league where the team that Jim Wilson plays for?,about 575 feet,[],1,"musique_3hop1__617062_127905_54974_1,musique_3hop1__617062_127905_54974_8,musique_3hop1__617062_127905_54974_14","[""Cleveland Indians"", ""Home run"", ""Jim Wilson (first baseman)""]","[1, 8, 14]",3
3hop1__617062_127905_86588,What is the longest home run in the history of the league that Jim Wilson's team is a part of?,582 feet (177 m),[],1,"musique_3hop1__617062_127905_86588_5,musique_3hop1__617062_127905_86588_9,musique_3hop1__617062_127905_86588_10","[""Cleveland Indians"", ""Jim Wilson (first baseman)"", ""Home run""]","[5, 9, 10]",3
3hop1__798544_514761_594810,What record label does the spouse of the performer of Somethin' Bad belong to?,Warner Bros. Records,[],1,"musique_3hop1__798544_514761_594810_9,musique_3hop1__798544_514761_594810_14,musique_3hop1__798544_514761_594810_17","[""Somethin' Bad"", ""Pure BS"", ""Candy Coburn""]","[9, 14, 17]",3
3hop2__31398_2130_2232,"What franchise of the pro soccer organization headquartered in New York, is based in the city that produced the album considered the true portrait of the No Wave movement?",New York City FC,[],1,"musique_3hop2__31398_2130_2232_5,musique_3hop2__31398_2130_2232_11,musique_3hop2__31398_2130_2232_17","[""New York City"", ""Post-punk"", ""New York City""]","[5, 11, 17]",3
3hop1__210639_147339_51423,What is the name of the castle in the city where the creator of Scene in the Northwest: Portrait of John Henry Lefroy died?,Casa Loma,[],1,"musique_3hop1__210639_147339_51423_0,musique_3hop1__210639_147339_51423_7,musique_3hop1__210639_147339_51423_17","[""Paul Kane"", ""Casa Loma"", ""Scene in the Northwest: Portrait of John Henry Lefroy""]","[0, 7, 17]",3
3hop1__389955_132457_47686,Where do Greyhound buses leave from in the city where the band that recorded the album I'm Alive and on Fire formed?,Toronto Coach Terminal,[],1,"musique_3hop1__389955_132457_47686_5,musique_3hop1__389955_132457_47686_6,musique_3hop1__389955_132457_47686_15","[""Toronto Coach Terminal"", ""Danko Jones"", ""I'm Alive and on Fire""]","[5, 6, 15]",3
3hop1__83970_685536_47686,Where do greyhound buses leave from in where the headquarters is located of who owns the hard rock hotel in las vegas?,Toronto Coach Terminal,[],1,"musique_3hop1__83970_685536_47686_0,musique_3hop1__83970_685536_47686_15,musique_3hop1__83970_685536_47686_17","[""Hard Rock Hotel and Casino (Las Vegas)"", ""Enwave"", ""Toronto Coach Terminal""]","[0, 15, 17]",3
3hop1__389069_132457_47686,"Where do greyhound buses depart from, in the city where the performer of Sleep Is the Enemy was formed?",Toronto Coach Terminal,[],1,"musique_3hop1__389069_132457_47686_7,musique_3hop1__389069_132457_47686_8,musique_3hop1__389069_132457_47686_19","[""Danko Jones"", ""Sleep Is the Enemy"", ""Toronto Coach Terminal""]","[7, 8, 19]",3
3hop1__337705_132457_47686,Where do Greyhound buses leave from in the city where the band that recorded the album Never Too Loud formed?,Toronto Coach Terminal,[],1,"musique_3hop1__337705_132457_47686_7,musique_3hop1__337705_132457_47686_11,musique_3hop1__337705_132457_47686_12","[""Danko Jones"", ""Never Too Loud"", ""Toronto Coach Terminal""]","[7, 11, 12]",3
3hop1__726561_132457_47686,Where do greyhound buses leave from in the city the performer of Born a Lion formed in?,Toronto Coach Terminal,[],1,"musique_3hop1__726561_132457_47686_6,musique_3hop1__726561_132457_47686_11,musique_3hop1__726561_132457_47686_13","[""Danko Jones"", ""Toronto Coach Terminal"", ""Born a Lion""]","[6, 11, 13]",3
3hop1__401538_132457_51423,What is the name of the castle in the city where the performer of We Sweat Blood formed?,Casa Loma,[],1,"musique_3hop1__401538_132457_51423_9,musique_3hop1__401538_132457_51423_15,musique_3hop1__401538_132457_51423_17","[""We Sweat Blood"", ""Danko Jones"", ""Casa Loma""]","[9, 15, 17]",3
3hop1__389069_132457_51423,What is the name of the castle in the city where the performer of Sleep is the Enemy was formed?,Casa Loma,[],1,"musique_3hop1__389069_132457_51423_13,musique_3hop1__389069_132457_51423_17,musique_3hop1__389069_132457_51423_19","[""Casa Loma"", ""Sleep Is the Enemy"", ""Danko Jones""]","[13, 17, 19]",3
3hop1__726561_132457_51423,What is the name of the castle in the city where the performers of Born A Lion was formed?,Casa Loma,[],1,"musique_3hop1__726561_132457_51423_9,musique_3hop1__726561_132457_51423_12,musique_3hop1__726561_132457_51423_19","[""Casa Loma"", ""Danko Jones"", ""Born a Lion""]","[9, 12, 19]",3
3hop1__401538_132457_47686,Where do greyhound buses leave from in the city where the performer of We Sweat Blood was formed?,Toronto Coach Terminal,[],1,"musique_3hop1__401538_132457_47686_3,musique_3hop1__401538_132457_47686_5,musique_3hop1__401538_132457_47686_18","[""Toronto Coach Terminal"", ""We Sweat Blood"", ""Danko Jones""]","[3, 5, 18]",3
3hop1__389955_132457_51423,What is the name of the castle in the city where the performer of I'm Alive and on Fire was formed?,Casa Loma,[],1,"musique_3hop1__389955_132457_51423_1,musique_3hop1__389955_132457_51423_7,musique_3hop1__389955_132457_51423_16","[""I'm Alive and on Fire"", ""Danko Jones"", ""Casa Loma""]","[1, 7, 16]",3
3hop1__337705_132457_51423,What is the name of the castle in the city where the performer of Never Too Loud was formed?,Casa Loma,[],1,"musique_3hop1__337705_132457_51423_8,musique_3hop1__337705_132457_51423_15,musique_3hop1__337705_132457_51423_19","[""Never Too Loud"", ""Danko Jones"", ""Casa Loma""]","[8, 15, 19]",3
3hop1__210639_147339_47686,Where do Greyhound buses leave from in the city where the creator of Scene in the Northwest: Portrait of John Henry Lefroy lived when he died?,Toronto Coach Terminal,[],1,"musique_3hop1__210639_147339_47686_1,musique_3hop1__210639_147339_47686_3,musique_3hop1__210639_147339_47686_13","[""Scene in the Northwest: Portrait of John Henry Lefroy"", ""Paul Kane"", ""Toronto Coach Terminal""]","[1, 3, 13]",3
3hop1__92788_648104_13493,What series of wins did the sports team that the all time highest goal scorer in spain national team was a member or achieve in 2009?,continental treble,[],1,"musique_3hop1__92788_648104_13493_0,musique_3hop1__92788_648104_13493_17,musique_3hop1__92788_648104_13493_19","[""Spain national football team records and statistics"", ""FC Barcelona"", ""2013 Supercopa de Espa\u00f1a""]","[0, 17, 19]",3
3hop1__572324_568433_51423,What is the name of the castle in the city where the headquarters of the production company of Care Bear: Journey to Joke-a-lot is located?,Casa Loma,[],1,"musique_3hop1__572324_568433_51423_6,musique_3hop1__572324_568433_51423_7,musique_3hop1__572324_568433_51423_16","[""Natalie Turner"", ""Care Bears: Journey to Joke-a-lot"", ""Casa Loma""]","[6, 7, 16]",3
3hop1__90327_78276_68042,When did the majority party in the body which approves members of the American Cabinet gain control of the House?,the 2010 election,[],1,"musique_3hop1__90327_78276_68042_0,musique_3hop1__90327_78276_68042_9,musique_3hop1__90327_78276_68042_14","[""Party leaders of the United States Senate"", ""Cabinet of the United States"", ""2010 United States House of Representatives elections""]","[0, 9, 14]",3
3hop1__506062_792411_51423,What is the name of the castle in the place of birth of the performer of When I Was a Boy?,Casa Loma,[],1,"musique_3hop1__506062_792411_51423_3,musique_3hop1__506062_792411_51423_15,musique_3hop1__506062_792411_51423_18","[""Casa Loma"", ""When I Was a Boy"", ""Gavin Bradley""]","[3, 15, 18]",3
3hop2__87184_90327_76291,When did the majority party in the House of Representatives gain control of the body which approves members of the Cabinet?,January 2015,[],1,"musique_3hop2__87184_90327_76291_8,musique_3hop2__87184_90327_76291_11,musique_3hop2__87184_90327_76291_16","[""2014 United States Senate elections"", ""114th United States Congress"", ""Cabinet of the United States""]","[8, 11, 16]",3
3hop1__305566_568433_51423,What is the name of the castle in the city where the headquarters of the production company of A Cosmic Christmas is located?,Casa Loma,[],1,"musique_3hop1__305566_568433_51423_2,musique_3hop1__305566_568433_51423_10,musique_3hop1__305566_568433_51423_15","[""Clive A. Smith"", ""Natalie Turner"", ""Casa Loma""]","[2, 10, 15]",3
3hop1__458916_651917_47686,Where do greyhound buses leave from in the birthplace of Spirit If...'s performer?,Toronto Coach Terminal,[],1,"musique_3hop1__458916_651917_47686_0,musique_3hop1__458916_651917_47686_14,musique_3hop1__458916_651917_47686_19","[""Toronto Coach Terminal"", ""Spirit If..."", ""Kevin Drew""]","[0, 14, 19]",3
3hop1__92991_73181_68042,When did the majority party in the body which determines rules of the US House and US Senate gain control of the House?,the 2010 election,[],1,"musique_3hop1__92991_73181_68042_11,musique_3hop1__92991_73181_68042_15,musique_3hop1__92991_73181_68042_19","[""Standing Rules of the United States Senate"", ""Party leaders of the United States Senate"", ""2010 United States House of Representatives elections""]","[11, 15, 19]",3
3hop1__305566_568433_47686,Where do greyhound buses leave from the in the city where the headquarters of the production company which produced A Cosmic Christmas is located?,Toronto Coach Terminal,[],1,"musique_3hop1__305566_568433_47686_3,musique_3hop1__305566_568433_47686_6,musique_3hop1__305566_568433_47686_10","[""Clive A. Smith"", ""Natalie Turner"", ""Toronto Coach Terminal""]","[3, 6, 10]",3
3hop1__671542_665330_47686,Where do greyhound buses leave from in the city where the performer of Darlings formed?,Toronto Coach Terminal,[],1,"musique_3hop1__671542_665330_47686_2,musique_3hop1__671542_665330_47686_5,musique_3hop1__671542_665330_47686_18","[""Darlings (Kevin Drew album)"", ""Kevin Drew"", ""Toronto Coach Terminal""]","[2, 5, 18]",3
3hop1__862117_792411_51423,What is the name of the castle found in the birthplace of the performer of The Speckless Sky?,Casa Loma,[],1,"musique_3hop1__862117_792411_51423_1,musique_3hop1__862117_792411_51423_9,musique_3hop1__862117_792411_51423_16","[""Casa Loma"", ""The Speckless Sky"", ""Gavin Bradley""]","[1, 9, 16]",3
3hop2__92991_27069_76291,When did the party Oklahoma's US Senators come from take control of the body determining the rules of the US House and US Senate?,January 2015,[],1,"musique_3hop2__92991_27069_76291_13,musique_3hop2__92991_27069_76291_14,musique_3hop2__92991_27069_76291_19","[""Standing Rules of the United States Senate"", ""Oklahoma"", ""2014 United States Senate elections""]","[13, 14, 19]",3
3hop1__702699_792411_51423,What is the name of the castle in the birth city of the performer on the album Maria?,Casa Loma,[],1,"musique_3hop1__702699_792411_51423_0,musique_3hop1__702699_792411_51423_9,musique_3hop1__702699_792411_51423_10","[""Gavin Bradley"", ""Maria (album)"", ""Casa Loma""]","[0, 9, 10]",3
3hop1__38738_73181_68042,"When did the party that is the current majority in the political assembly that passed a bill giving regulators discretion to prohibit proprietary trades, gain control of the House?",the 2010 election,[],1,"musique_3hop1__38738_73181_68042_1,musique_3hop1__38738_73181_68042_3,musique_3hop1__38738_73181_68042_10","[""Tanzania"", ""2010 United States House of Representatives elections"", ""Party leaders of the United States Senate""]","[1, 3, 10]",3
3hop1__540585_568433_47686,Where do greyhound buses leave from in the location of the headquarters of the production company of Miss Spider's Sunny Patch Kids?,Toronto Coach Terminal,[],1,"musique_3hop1__540585_568433_47686_0,musique_3hop1__540585_568433_47686_3,musique_3hop1__540585_568433_47686_8","[""Natalie Turner"", ""Miss Spider's Sunny Patch Kids"", ""Toronto Coach Terminal""]","[0, 3, 8]",3
3hop1__671542_665330_51423,What is the name of the castle in city where the performer of Darlings was formed?,Casa Loma,[],1,"musique_3hop1__671542_665330_51423_9,musique_3hop1__671542_665330_51423_14,musique_3hop1__671542_665330_51423_15","[""Casa Loma"", ""Darlings (Kevin Drew album)"", ""Kevin Drew""]","[9, 14, 15]",3
3hop2__92991_87184_76291,When did the majority party in the House of Representatives take control of the determiner of rules of the US House and US Senate?,January 2015,[],1,"musique_3hop2__92991_87184_76291_7,musique_3hop2__92991_87184_76291_9,musique_3hop2__92991_87184_76291_15","[""Standing Rules of the United States Senate"", ""2014 United States Senate elections"", ""114th United States Congress""]","[7, 9, 15]",3
3hop1__540585_568433_51423,What is the name of the castle in the city where the headquarters of the production company of Miss Spider's Sunny Patch Kids is located?,Casa Loma,[],1,"musique_3hop1__540585_568433_51423_9,musique_3hop1__540585_568433_51423_10,musique_3hop1__540585_568433_51423_15","[""Casa Loma"", ""Natalie Turner"", ""Miss Spider's Sunny Patch Kids""]","[9, 10, 15]",3
3hop2__89854_38738_76291,When did the party that holds the majority in the House of Representatives take control of the branch that gives regulators discretion to prohibit proprietary trades?,January 2015,[],1,"musique_3hop2__89854_38738_76291_5,musique_3hop2__89854_38738_76291_12,musique_3hop2__89854_38738_76291_15","[""114th United States Congress"", ""Tanzania"", ""2014 United States Senate elections""]","[5, 12, 15]",3
3hop1__458916_665330_51423,What is the name of the castle in the city where the performers of Spirit If.. became a band?,Casa Loma,[],1,"musique_3hop1__458916_665330_51423_14,musique_3hop1__458916_665330_51423_15,musique_3hop1__458916_665330_51423_16","[""Spirit If..."", ""Casa Loma"", ""Kevin Drew""]","[14, 15, 16]",3
3hop1__274148_792411_51423,What is the name of the castle in the birthplace of the performer of Bound by the Beauty?,Casa Loma,[],1,"musique_3hop1__274148_792411_51423_5,musique_3hop1__274148_792411_51423_11,musique_3hop1__274148_792411_51423_14","[""Bound by the Beauty"", ""Casa Loma"", ""Gavin Bradley""]","[5, 11, 14]",3
3hop2__87184_38738_76291,When did the party that controls the House of Representatives take control of the branch that gives regulators discretion to prohibit proprietary trades?,January 2015,[],1,"musique_3hop2__87184_38738_76291_2,musique_3hop2__87184_38738_76291_4,musique_3hop2__87184_38738_76291_12","[""114th United States Congress"", ""Tanzania"", ""2014 United States Senate elections""]","[2, 4, 12]",3
3hop1__458916_665330_47686,Where do greyhound buses leave from in the city where the performer of Spirit If... was formed?,Toronto Coach Terminal,[],1,"musique_3hop1__458916_665330_47686_1,musique_3hop1__458916_665330_47686_5,musique_3hop1__458916_665330_47686_13","[""Kevin Drew"", ""Toronto Coach Terminal"", ""Spirit If...""]","[1, 5, 13]",3
3hop2__27069_92991_76291,When did the party of Oklahoma's US Senators take control of the body determining the rules of the US House and US Senate?,January 2015,[],1,"musique_3hop2__27069_92991_76291_0,musique_3hop2__27069_92991_76291_13,musique_3hop2__27069_92991_76291_18","[""Standing Rules of the United States Senate"", ""2014 United States Senate elections"", ""Oklahoma""]","[0, 13, 18]",3
3hop1__241001_568433_47686,Where do Greyhound buses leave from in the city where Arna Selznick's employer is headquartered?,Toronto Coach Terminal,[],1,"musique_3hop1__241001_568433_47686_0,musique_3hop1__241001_568433_47686_10,musique_3hop1__241001_568433_47686_18","[""Arna Selznick"", ""Toronto Coach Terminal"", ""Natalie Turner""]","[0, 10, 18]",3
3hop1__602329_792411_51423,What is the name of the castle in the birth city of the performer who recorded A Day in the Life?,Casa Loma,[],1,"musique_3hop1__602329_792411_51423_8,musique_3hop1__602329_792411_51423_9,musique_3hop1__602329_792411_51423_17","[""A Day in the Life (Jane Siberry album)"", ""Gavin Bradley"", ""Casa Loma""]","[8, 9, 17]",3
3hop2__38242_92991_76291,When did the party with majorities in Congress prior to the 1954 elections gain control of the body which determines rules of the US House and US Senate?,January 2015,[],1,"musique_3hop2__38242_92991_76291_1,musique_3hop2__38242_92991_76291_2,musique_3hop2__38242_92991_76291_17","[""Standing Rules of the United States Senate"", ""2014 United States Senate elections"", ""Dwight D. Eisenhower""]","[1, 2, 17]",3
3hop1__715607_792411_51423,What is the name of the castle in the city where the performer of A Collection 1984–1989 was born?,Casa Loma,[],1,"musique_3hop1__715607_792411_51423_7,musique_3hop1__715607_792411_51423_15,musique_3hop1__715607_792411_51423_18","[""Gavin Bradley"", ""A Collection 1984\u20131989"", ""Casa Loma""]","[7, 15, 18]",3
3hop2__92991_89854_76291,When did the party holding the majority in the House of Representatives take control of the determiner of rules of the House and Senate?,January 2015,[],1,"musique_3hop2__92991_89854_76291_0,musique_3hop2__92991_89854_76291_1,musique_3hop2__92991_89854_76291_7","[""Standing Rules of the United States Senate"", ""2014 United States Senate elections"", ""114th United States Congress""]","[0, 1, 7]",3
3hop1__671542_651917_47686,Where do greyhound buses leave from in the city where the performer of Darlings was born?,Toronto Coach Terminal,[],1,"musique_3hop1__671542_651917_47686_1,musique_3hop1__671542_651917_47686_4,musique_3hop1__671542_651917_47686_7","[""Darlings (Kevin Drew album)"", ""Kevin Drew"", ""Toronto Coach Terminal""]","[1, 4, 7]",3
3hop1__699507_792411_51423,What is the name of the castle in the place where the performer of Dragon Dreams was born?,Casa Loma,[],1,"musique_3hop1__699507_792411_51423_16,musique_3hop1__699507_792411_51423_17,musique_3hop1__699507_792411_51423_19","[""Casa Loma"", ""Gavin Bradley"", ""Dragon Dreams""]","[16, 17, 19]",3
3hop1__90327_73181_68042,When did the majority party in the body which approves members of the Cabinet gain control of the House?,the 2010 election,[],1,"musique_3hop1__90327_73181_68042_2,musique_3hop1__90327_73181_68042_6,musique_3hop1__90327_73181_68042_8","[""Cabinet of the United States"", ""Party leaders of the United States Senate"", ""2010 United States House of Representatives elections""]","[2, 6, 8]",3
3hop1__572324_568433_47686,Where do greyhound buses leave from in the city where the headquarters of Care Bears: Journey to Joke-a-lot's production company is located?,Toronto Coach Terminal,[],1,"musique_3hop1__572324_568433_47686_0,musique_3hop1__572324_568433_47686_2,musique_3hop1__572324_568433_47686_9","[""Natalie Turner"", ""Care Bears: Journey to Joke-a-lot"", ""Toronto Coach Terminal""]","[0, 2, 9]",3
3hop1__36497_78276_68042,When did the majority party of the branch of government that the President calls to support appointments to the USAF gain control in the House?,the 2010 election,[],1,"musique_3hop1__36497_78276_68042_5,musique_3hop1__36497_78276_68042_10,musique_3hop1__36497_78276_68042_16","[""2010 United States House of Representatives elections"", ""United States Air Force"", ""Party leaders of the United States Senate""]","[5, 10, 16]",3
3hop1__241001_568433_51423,What is the name of the castle in the headquarters of the company that employs Arna Selznick?,Casa Loma,[],1,"musique_3hop1__241001_568433_51423_12,musique_3hop1__241001_568433_51423_14,musique_3hop1__241001_568433_51423_15","[""Arna Selznick"", ""Casa Loma"", ""Natalie Turner""]","[12, 14, 15]",3
3hop1__307152_400692_51423,What is the name of the castle in the city where the performer of Fall was born?,Casa Loma,[],1,"musique_3hop1__307152_400692_51423_5,musique_3hop1__307152_400692_51423_15,musique_3hop1__307152_400692_51423_18","[""Sekou Lumumba"", ""Casa Loma"", ""Fall (Serena Ryder song)""]","[5, 15, 18]",3
3hop1__86965_488922_4093,What is the term for the prime minister in the country where legislators are elected for six year terms?,Wazir-e-Azam,[],1,"musique_3hop1__86965_488922_4093_0,musique_3hop1__86965_488922_4093_10,musique_3hop1__86965_488922_4093_18","[""Term limits in the United States"", ""Prime minister"", ""Senate of Pakistan""]","[0, 10, 18]",3
3hop2__92991_72083_76291,When did the party who gained control of congress in the midterm elections in 1946 take control of the determiner of rules of the US House and US Senate?,January 2015,[],1,"musique_3hop2__92991_72083_76291_11,musique_3hop2__92991_72083_76291_13,musique_3hop2__92991_72083_76291_19","[""2014 United States Senate elections"", ""1946 United States House of Representatives elections"", ""Standing Rules of the United States Senate""]","[11, 13, 19]",3
3hop1__254856_400692_51423,What is the name of the castle found in the birthplace of the performer of Falling Out?,Casa Loma,[],1,"musique_3hop1__254856_400692_51423_3,musique_3hop1__254856_400692_51423_5,musique_3hop1__254856_400692_51423_13","[""Casa Loma"", ""Falling Out (Serena Ryder album)"", ""Sekou Lumumba""]","[3, 5, 13]",3
3hop2__90327_87184_76291,When did the party that controls the House of Representatives take control of the branch that approves the appointees to the american cabinet?,January 2015,[],1,"musique_3hop2__90327_87184_76291_9,musique_3hop2__90327_87184_76291_11,musique_3hop2__90327_87184_76291_16","[""2014 United States Senate elections"", ""114th United States Congress"", ""Cabinet of the United States""]","[9, 11, 16]",3
3hop1__408237_400692_51423,What is the name of the castle in the birthplace of Harmony's performer?,Casa Loma,[],1,"musique_3hop1__408237_400692_51423_1,musique_3hop1__408237_400692_51423_12,musique_3hop1__408237_400692_51423_18","[""Casa Loma"", ""Harmony (Serena Ryder album)"", ""Sekou Lumumba""]","[1, 12, 18]",3
3hop2__87184_36497_76291,"When did the party that controls the House of Representatives right now, take control of the political body that the President calls on to support his USAF appointments?",January 2015,[],1,"musique_3hop2__87184_36497_76291_0,musique_3hop2__87184_36497_76291_3,musique_3hop2__87184_36497_76291_8","[""2014 United States Senate elections"", ""United States Air Force"", ""114th United States Congress""]","[0, 3, 8]",3
3hop1__587540_514761_594810,What record label does the spouse of Mama's Broken Heart's performer belong to?,Warner Bros. Records,[],1,"musique_3hop1__587540_514761_594810_6,musique_3hop1__587540_514761_594810_11,musique_3hop1__587540_514761_594810_15","[""Pure BS"", ""Mama's Broken Heart"", ""Candy Coburn""]","[6, 11, 15]",3
3hop2__89854_36497_76291,When did the majority party in the House of Representatives take control of the body which the President calls on for support in his USAF appointments?,January 2015,[],1,"musique_3hop2__89854_36497_76291_7,musique_3hop2__89854_36497_76291_8,musique_3hop2__89854_36497_76291_17","[""114th United States Congress"", ""2014 United States Senate elections"", ""United States Air Force""]","[7, 8, 17]",3
3hop1__38738_78276_68042,"When did the political party that holds the majority in the political body that passed a bill giving regulators discretion to prohibit proprietary trades, gain control of the House?",the 2010 election,[],1,"musique_3hop1__38738_78276_68042_5,musique_3hop1__38738_78276_68042_9,musique_3hop1__38738_78276_68042_17","[""2010 United States House of Representatives elections"", ""Party leaders of the United States Senate"", ""Tanzania""]","[5, 9, 17]",3
3hop1__747772_514761_594810,What record label does the spouse of Heart Like Mine's performer belong to?,Warner Bros. Records,[],1,"musique_3hop1__747772_514761_594810_2,musique_3hop1__747772_514761_594810_3,musique_3hop1__747772_514761_594810_18","[""Pure BS"", ""Candy Coburn"", ""Heart Like Mine""]","[2, 3, 18]",3
3hop2__72083_92991_76291,When did the party that gained control of Congress in the midterm elections in 1946 take control of the government branch that determines the rules of the US House?,January 2015,[],1,"musique_3hop2__72083_92991_76291_1,musique_3hop2__72083_92991_76291_14,musique_3hop2__72083_92991_76291_18","[""Standing Rules of the United States Senate"", ""1946 United States House of Representatives elections"", ""2014 United States Senate elections""]","[1, 14, 18]",3
3hop2__87184_92991_76291,When did the party that controls the House of Representatives take control of the branch who determines the rules of the US house and Senate?,January 2015,[],1,"musique_3hop2__87184_92991_76291_12,musique_3hop2__87184_92991_76291_18,musique_3hop2__87184_92991_76291_19","[""Standing Rules of the United States Senate"", ""114th United States Congress"", ""2014 United States Senate elections""]","[12, 18, 19]",3
3hop1__92991_78276_68042,When did the majority party in the body which determines the rules of the US House and US Senate gain control of the House?,the 2010 election,[],1,"musique_3hop1__92991_78276_68042_1,musique_3hop1__92991_78276_68042_5,musique_3hop1__92991_78276_68042_9","[""2010 United States House of Representatives elections"", ""Party leaders of the United States Senate"", ""Standing Rules of the United States Senate""]","[1, 5, 9]",3
3hop2__92991_38242_76291,"When did the party that had majorities in Congress prior to the 1954 elections, take control of the organization that determines the rules of the US house and US senate?",January 2015,[],1,"musique_3hop2__92991_38242_76291_6,musique_3hop2__92991_38242_76291_8,musique_3hop2__92991_38242_76291_15","[""Standing Rules of the United States Senate"", ""Dwight D. Eisenhower"", ""2014 United States Senate elections""]","[6, 8, 15]",3
3hop2__89854_92991_76291,When did the majority party in the House of Representatives gain control of the body which determines rules of the US House and US Senate?,January 2015,[],1,"musique_3hop2__89854_92991_76291_4,musique_3hop2__89854_92991_76291_17,musique_3hop2__89854_92991_76291_19","[""2014 United States Senate elections"", ""114th United States Congress"", ""Standing Rules of the United States Senate""]","[4, 17, 19]",3
3hop2__90327_89854_76291,When did the party that holds the majority in the House of Representatives take control of the organization that approves the members of the U.S. cabinet before their appointment?,January 2015,[],1,"musique_3hop2__90327_89854_76291_11,musique_3hop2__90327_89854_76291_12,musique_3hop2__90327_89854_76291_13","[""114th United States Congress"", ""Cabinet of the United States"", ""2014 United States Senate elections""]","[11, 12, 13]",3
3hop2__36497_89854_76291,"When did the party who holds the majority in the House of Representatives, take control of the political body that the President calls on for support in his USAF appointments?",January 2015,[],1,"musique_3hop2__36497_89854_76291_5,musique_3hop2__36497_89854_76291_10,musique_3hop2__36497_89854_76291_14","[""114th United States Congress"", ""United States Air Force"", ""2014 United States Senate elections""]","[5, 10, 14]",3
3hop1__36497_73181_68042,When did the party with a majority in the body the President calls on for support of his appointments to the USAF gain control of the House?,the 2010 election,[],1,"musique_3hop1__36497_73181_68042_3,musique_3hop1__36497_73181_68042_9,musique_3hop1__36497_73181_68042_16","[""United States Air Force"", ""Party leaders of the United States Senate"", ""2010 United States House of Representatives elections""]","[3, 9, 16]",3
3hop2__89854_90327_76291,When did the party that hold the majority in the House of Reps take control of the branch that approves members of the American cabinet?,January 2015,[],1,"musique_3hop2__89854_90327_76291_8,musique_3hop2__89854_90327_76291_9,musique_3hop2__89854_90327_76291_17","[""Cabinet of the United States"", ""2014 United States Senate elections"", ""114th United States Congress""]","[8, 9, 17]",3
3hop2__28727_92991_76291,When did the party Alaska generally supports take control of the determiner of rules of the US House and US Senate?,January 2015,[],1,"musique_3hop2__28727_92991_76291_9,musique_3hop2__28727_92991_76291_12,musique_3hop2__28727_92991_76291_19","[""Alaska"", ""2014 United States Senate elections"", ""Standing Rules of the United States Senate""]","[9, 12, 19]",3
3hop2__92991_28727_76291,When did the political party Alaska generally supports take control of the determiner of rules of the US House and US Senate?,January 2015,[],1,"musique_3hop2__92991_28727_76291_7,musique_3hop2__92991_28727_76291_17,musique_3hop2__92991_28727_76291_19","[""Alaska"", ""2014 United States Senate elections"", ""Standing Rules of the United States Senate""]","[7, 17, 19]",3
3hop1__90327_83076_319330,Who is the child of the president who suffered a major defeat when the body which approves members of the American cabinet refused to ratify the Versailles treaty?,Jessie Woodrow Wilson,"[""Jessie Woodrow Wilson Sayre""]",1,"musique_3hop1__90327_83076_319330_5,musique_3hop1__90327_83076_319330_11,musique_3hop1__90327_83076_319330_12","[""Jessie Woodrow Wilson Sayre"", ""Treaty of Versailles"", ""Cabinet of the United States""]","[5, 11, 12]",3
3hop2__92991_38326_76291,When did the party Harlan and Stewart were affiliated with gain control of the body which determines rules of the US House and US Senate?,January 2015,[],1,"musique_3hop2__92991_38326_76291_2,musique_3hop2__92991_38326_76291_7,musique_3hop2__92991_38326_76291_10","[""2014 United States Senate elections"", ""Dwight D. Eisenhower"", ""Standing Rules of the United States Senate""]","[2, 7, 10]",3
3hop2__38326_92991_76291,When did the political party of Stewart and Harlan take control of the body that has Standing Rules derived from Article One that do not apply to the House?,January 2015,[],1,"musique_3hop2__38326_92991_76291_0,musique_3hop2__38326_92991_76291_10,musique_3hop2__38326_92991_76291_16","[""Dwight D. Eisenhower"", ""Standing Rules of the United States Senate"", ""2014 United States Senate elections""]","[0, 10, 16]",3
3hop1__132795_40769_64047,When did the luxury division of the company that produces TMG EV P001 change the body style of rx 350?,Sales began worldwide in April 2012,[],1,"musique_3hop1__132795_40769_64047_0,musique_3hop1__132795_40769_64047_1,musique_3hop1__132795_40769_64047_9","[""Lexus RX"", ""TMG EV P001"", ""1973 oil crisis""]","[0, 1, 9]",3
3hop1__593597_40769_64047,When did the luxury division of the manufacturer of Scion Fuse change the body style of the RX 350?,Sales began worldwide in April 2012,[],1,"musique_3hop1__593597_40769_64047_3,musique_3hop1__593597_40769_64047_7,musique_3hop1__593597_40769_64047_15","[""Scion Fuse"", ""1973 oil crisis"", ""Lexus RX""]","[3, 7, 15]",3
3hop1__132968_40769_64047,When did the luxury division of the company that made Daihatsu Charmant change the body style of the rx 350?,Sales began worldwide in April 2012,[],1,"musique_3hop1__132968_40769_64047_0,musique_3hop1__132968_40769_64047_8,musique_3hop1__132968_40769_64047_16","[""Lexus RX"", ""1973 oil crisis"", ""Daihatsu Charmant""]","[0, 8, 16]",3
3hop1__132967_40769_64047,When did the rx 350 model of the luxury division of the company that built Daihatsu boon change body style?,Sales began worldwide in April 2012,[],1,"musique_3hop1__132967_40769_64047_4,musique_3hop1__132967_40769_64047_13,musique_3hop1__132967_40769_64047_19","[""1973 oil crisis"", ""Daihatsu Boon"", ""Lexus RX""]","[4, 13, 19]",3
3hop1__483843_40769_64047,When did the luxury division of the manufacturer of the Scion bbX change the body style of the rx 350?,Sales began worldwide in April 2012,[],1,"musique_3hop1__483843_40769_64047_4,musique_3hop1__483843_40769_64047_14,musique_3hop1__483843_40769_64047_19","[""Scion bbX"", ""1973 oil crisis"", ""Lexus RX""]","[4, 14, 19]",3
3hop1__595371_40769_64047,When did the RX 350 from the Scion xB manufacturer's luxury division change body style?,Sales began worldwide in April 2012,[],1,"musique_3hop1__595371_40769_64047_7,musique_3hop1__595371_40769_64047_9,musique_3hop1__595371_40769_64047_12","[""1973 oil crisis"", ""Lexus RX"", ""Scion xB""]","[7, 9, 12]",3
3hop1__132798_40769_64047,When did the luxury division of the maker of the Toyopet Master change the body style of the rx 350?,Sales began worldwide in April 2012,[],1,"musique_3hop1__132798_40769_64047_11,musique_3hop1__132798_40769_64047_15,musique_3hop1__132798_40769_64047_18","[""Lexus RX"", ""Toyopet Master"", ""1973 oil crisis""]","[11, 15, 18]",3
3hop1__76377_40769_64047,When did the luxury division of the top selling car brand change the body style of the rx 350?,Sales began worldwide in April 2012,[],1,"musique_3hop1__76377_40769_64047_7,musique_3hop1__76377_40769_64047_17,musique_3hop1__76377_40769_64047_19","[""List of best-selling automobiles"", ""Lexus RX"", ""1973 oil crisis""]","[7, 17, 19]",3
3hop2__831456_467331_162182,What is the region of the country of Sa Thầy and the territory of the Zone 5 Military Museam located?,South Central Coast,[],1,"musique_3hop2__831456_467331_162182_3,musique_3hop2__831456_467331_162182_11,musique_3hop2__831456_467331_162182_14","[""Sa Th\u1ea7y District"", ""Zone 5 Military Museum, Danang"", ""South Central Coast""]","[3, 11, 14]",3
3hop1__295815_40769_64047,When did the luxury division of the company that manufactures Toyopet Master change the body style of the RX 350?,Sales began worldwide in April 2012,[],1,"musique_3hop1__295815_40769_64047_2,musique_3hop1__295815_40769_64047_7,musique_3hop1__295815_40769_64047_19","[""Toyopet Master"", ""Lexus RX"", ""1973 oil crisis""]","[2, 7, 19]",3
3hop1__222979_40769_64047,When did the RX 350 from the Scion owner's luxury division change body style?,Sales began worldwide in April 2012,[],1,"musique_3hop1__222979_40769_64047_1,musique_3hop1__222979_40769_64047_10,musique_3hop1__222979_40769_64047_14","[""Lexus RX"", ""Scion (automobile)"", ""1973 oil crisis""]","[1, 10, 14]",3
3hop2__782397_223623_162182,In what region of Phu Luong's country is John Phan's birthplace located?,South Central Coast,[],1,"musique_3hop2__782397_223623_162182_7,musique_3hop2__782397_223623_162182_12,musique_3hop2__782397_223623_162182_18","[""Ph\u00fa L\u01b0\u01a1ng (mountain)"", ""John Phan"", ""South Central Coast""]","[7, 12, 18]",3
3hop1__133292_40769_64047,When did the RX 350 from The Hino Dutro creator's luxury division change body style?,Sales began worldwide in April 2012,[],1,"musique_3hop1__133292_40769_64047_2,musique_3hop1__133292_40769_64047_8,musique_3hop1__133292_40769_64047_12","[""Lexus RX"", ""Hino Dutro"", ""1973 oil crisis""]","[2, 8, 12]",3
3hop2__607269_467331_162182,In what region of the country where Ha Hoa is located is the city where Zone 5 Military Museum is found?,South Central Coast,[],1,"musique_3hop2__607269_467331_162182_1,musique_3hop2__607269_467331_162182_7,musique_3hop2__607269_467331_162182_16","[""H\u1ea1 H\u00f2a District"", ""Zone 5 Military Museum, Danang"", ""South Central Coast""]","[1, 7, 16]",3
3hop1__800948_40769_64047,When did the luxury division of the employer of Katsuaki Watanabe change the body style of the rx 350?,Sales began worldwide in April 2012,[],1,"musique_3hop1__800948_40769_64047_0,musique_3hop1__800948_40769_64047_15,musique_3hop1__800948_40769_64047_17","[""1973 oil crisis"", ""Lexus RX"", ""Katsuaki Watanabe""]","[0, 15, 17]",3
3hop1__379231_40769_64047,When did the luxury division of the manufacturer change the body style of RX 350?,Sales began worldwide in April 2012,[],1,"musique_3hop1__379231_40769_64047_9,musique_3hop1__379231_40769_64047_10,musique_3hop1__379231_40769_64047_17","[""Scion xD"", ""Lexus RX"", ""1973 oil crisis""]","[9, 10, 17]",3
3hop2__831456_223623_162182,In what region of the country where Sa Thay is located is John Phan's birthplace?,South Central Coast,[],1,"musique_3hop2__831456_223623_162182_2,musique_3hop2__831456_223623_162182_4,musique_3hop2__831456_223623_162182_6","[""South Central Coast"", ""John Phan"", ""Sa Th\u1ea7y District""]","[2, 4, 6]",3
3hop1__51933_40769_64047,When did the luxury division of the largest auto company in the world change the body style of the rx 350?,Sales began worldwide in April 2012,[],1,"musique_3hop1__51933_40769_64047_2,musique_3hop1__51933_40769_64047_3,musique_3hop1__51933_40769_64047_13","[""Automotive industry"", ""1973 oil crisis"", ""Lexus RX""]","[2, 3, 13]",3
3hop2__802066_223623_162182,"In what region of the country where Châu Đức is found, is the birthplace of John Phan?",South Central Coast,[],1,"musique_3hop2__802066_223623_162182_4,musique_3hop2__802066_223623_162182_13,musique_3hop2__802066_223623_162182_17","[""South Central Coast"", ""Ch\u00e2u \u0110\u1ee9c District"", ""John Phan""]","[4, 13, 17]",3
3hop1__133264_40769_64047,When did the rx 350 model of the luxury division of the company that manufactures Scion Fuse change body style?,Sales began worldwide in April 2012,[],1,"musique_3hop1__133264_40769_64047_1,musique_3hop1__133264_40769_64047_11,musique_3hop1__133264_40769_64047_12","[""Scion Fuse"", ""1973 oil crisis"", ""Lexus RX""]","[1, 11, 12]",3
3hop1__52222_40769_64047,When did the luxury division of the biggest automobile company in the world change the body style of rx 350?,Sales began worldwide in April 2012,[],1,"musique_3hop1__52222_40769_64047_15,musique_3hop1__52222_40769_64047_16,musique_3hop1__52222_40769_64047_19","[""1973 oil crisis"", ""Automotive industry"", ""Lexus RX""]","[15, 16, 19]",3
3hop2__569322_223623_162182,In what region of the country of S-Fone is The place of birth of John Phan located?,South Central Coast,[],1,"musique_3hop2__569322_223623_162182_0,musique_3hop2__569322_223623_162182_9,musique_3hop2__569322_223623_162182_14","[""South Central Coast"", ""S-Fone"", ""John Phan""]","[0, 9, 14]",3
3hop2__222979_133099_40768,When did Nissan along with the company that makes the Comstar wheel and the company that makes the Scion open US assembly plants?,1981,[],1,"musique_3hop2__222979_133099_40768_8,musique_3hop2__222979_133099_40768_13,musique_3hop2__222979_133099_40768_16","[""Comstar wheel"", ""1973 oil crisis"", ""Scion (automobile)""]","[8, 13, 16]",3
3hop2__132957_222979_40768,"When did Nissan, the Acura Legend maker and the Scion owner open US assembly plants?",1981,[],1,"musique_3hop2__132957_222979_40768_1,musique_3hop2__132957_222979_40768_6,musique_3hop2__132957_222979_40768_14","[""Acura Legend"", ""1973 oil crisis"", ""Scion (automobile)""]","[1, 6, 14]",3
3hop2__855821_467331_162182,In what region of the country where Lam Dong is located is the city where Zone 5 Military Museum is found?,South Central Coast,[],1,"musique_3hop2__855821_467331_162182_10,musique_3hop2__855821_467331_162182_13,musique_3hop2__855821_467331_162182_16","[""Zone 5 Military Museum, Danang"", ""L\u00e2m \u0110\u1ed3ng Province"", ""South Central Coast""]","[10, 13, 16]",3
3hop2__132957_483843_40768,"When did the maker of the Acura Legend, the manufacturer of Scion bbX and Nissan open US assembly plants?",1981,[],1,"musique_3hop2__132957_483843_40768_8,musique_3hop2__132957_483843_40768_10,musique_3hop2__132957_483843_40768_14","[""Scion bbX"", ""1973 oil crisis"", ""Acura Legend""]","[8, 10, 14]",3
3hop2__132957_800948_40768,"When did the maker of the Acura Legend, the employer of Katsuaki Watanabe, and Nissan open US assembly plants?",1981,[],1,"musique_3hop2__132957_800948_40768_9,musique_3hop2__132957_800948_40768_11,musique_3hop2__132957_800948_40768_17","[""Acura Legend"", ""1973 oil crisis"", ""Katsuaki Watanabe""]","[9, 11, 17]",3
3hop2__222979_132628_40768,"When did the company that built VTEC, the owner of Scion, and Nissan open US Assembly plants?",1981,[],1,"musique_3hop2__222979_132628_40768_1,musique_3hop2__222979_132628_40768_7,musique_3hop2__222979_132628_40768_19","[""Scion (automobile)"", ""VTEC"", ""1973 oil crisis""]","[1, 7, 19]",3
3hop2__132957_132967_40768,"When did the maker of the Acura Legend, the company that built Daihatsu Boon, and Nissan open US assembly plants?",1981,[],1,"musique_3hop2__132957_132967_40768_3,musique_3hop2__132957_132967_40768_8,musique_3hop2__132957_132967_40768_13","[""1973 oil crisis"", ""Daihatsu Boon"", ""Acura Legend""]","[3, 8, 13]",3
3hop2__132957_133264_40768,"When did Nissan, the Acura Legend maker and the Scion Fuse manufacturer open US assembly plants?",1981,[],1,"musique_3hop2__132957_133264_40768_1,musique_3hop2__132957_133264_40768_9,musique_3hop2__132957_133264_40768_12","[""1973 oil crisis"", ""Scion Fuse"", ""Acura Legend""]","[1, 9, 12]",3
3hop2__222979_132957_40768,"When did the maker of Acura Legend, the owner of Scion, and Nissan open US assembly plants?",1981,[],1,"musique_3hop2__222979_132957_40768_5,musique_3hop2__222979_132957_40768_11,musique_3hop2__222979_132957_40768_14","[""Scion (automobile)"", ""Acura Legend"", ""1973 oil crisis""]","[5, 11, 14]",3
3hop2__132957_595371_40768,"When did the maker of the Acura Legend, the manufacturer of the Scion xB, and Nissan, open US assembly plants?",1981,[],1,"musique_3hop2__132957_595371_40768_7,musique_3hop2__132957_595371_40768_13,musique_3hop2__132957_595371_40768_17","[""1973 oil crisis"", ""Scion xB"", ""Acura Legend""]","[7, 13, 17]",3
3hop2__132957_295815_40768,"When did the maker of the Acura Legend, the manufacturer of Toyopet Master, and Nissan open US assembly plants?",1981,[],1,"musique_3hop2__132957_295815_40768_4,musique_3hop2__132957_295815_40768_11,musique_3hop2__132957_295815_40768_14","[""1973 oil crisis"", ""Acura Legend"", ""Toyopet Master""]","[4, 11, 14]",3
3hop2__132957_133292_40768,When did Nissan along with the creator of the Hino Dutro and the maker of the Acura Legend open US assembly plants?,1981,[],1,"musique_3hop2__132957_133292_40768_0,musique_3hop2__132957_133292_40768_9,musique_3hop2__132957_133292_40768_17","[""1973 oil crisis"", ""Acura Legend"", ""Hino Dutro""]","[0, 9, 17]",3
3hop2__132957_379231_40768,"When did Nissan, the Acura Legend maker and the Scion xD manufacturer open US assembly plants?",1981,[],1,"musique_3hop2__132957_379231_40768_13,musique_3hop2__132957_379231_40768_16,musique_3hop2__132957_379231_40768_18","[""Acura Legend"", ""1973 oil crisis"", ""Scion xD""]","[13, 16, 18]",3
3hop2__222979_840908_40768,"When did the manufacturer of VTEC, the owner of Scion, and Nissan open US assembly plants?",1981,[],1,"musique_3hop2__222979_840908_40768_1,musique_3hop2__222979_840908_40768_4,musique_3hop2__222979_840908_40768_17","[""1973 oil crisis"", ""Scion (automobile)"", ""Variable Cylinder Management""]","[1, 4, 17]",3
3hop2__132957_593597_40768,"When did the maker of Acura Legend, the manufacturer of Scion Fuse and Nissan open US assembly plants?",1981,[],1,"musique_3hop2__132957_593597_40768_5,musique_3hop2__132957_593597_40768_14,musique_3hop2__132957_593597_40768_19","[""Scion Fuse"", ""1973 oil crisis"", ""Acura Legend""]","[5, 14, 19]",3
3hop2__132957_132968_40768,"When did the maker of Acura Legend, the company that makes Daihatsu Charmant, and Nissan open US assembly plants?",1981,[],1,"musique_3hop2__132957_132968_40768_2,musique_3hop2__132957_132968_40768_10,musique_3hop2__132957_132968_40768_14","[""Daihatsu Charmant"", ""Acura Legend"", ""1973 oil crisis""]","[2, 10, 14]",3
3hop2__132957_433432_40768,"When did the maker of Acura Legend, the manufacturer of Lexus RX and Nissan open US assembly plants?",1981,[],1,"musique_3hop2__132957_433432_40768_0,musique_3hop2__132957_433432_40768_16,musique_3hop2__132957_433432_40768_17","[""Shigeyuki Hori"", ""Acura Legend"", ""1973 oil crisis""]","[0, 16, 17]",3
3hop2__222979_380281_40768,"When did the team that John Surtees is a member of, the owner of Scion, and Nissan open US assembly plants?",1981,[],1,"musique_3hop2__222979_380281_40768_2,musique_3hop2__222979_380281_40768_10,musique_3hop2__222979_380281_40768_15","[""1973 oil crisis"", ""Scion (automobile)"", ""1967 Italian Grand Prix""]","[2, 10, 15]",3
3hop2__222979_132536_40768,"When did Nissan, the HPD ARX-03 maker and the Scion owner open US assembly plants?",1981,[],1,"musique_3hop2__222979_132536_40768_3,musique_3hop2__222979_132536_40768_11,musique_3hop2__222979_132536_40768_16","[""HPD ARX-03"", ""1973 oil crisis"", ""Scion (automobile)""]","[3, 11, 16]",3
3hop2__222979_132477_40768,"When did the maker of the Acura RLX, the owner of Scion, and Nissan open US assembly plants?",1981,[],1,"musique_3hop2__222979_132477_40768_13,musique_3hop2__222979_132477_40768_14,musique_3hop2__222979_132477_40768_17","[""Scion (automobile)"", ""Acura RLX"", ""1973 oil crisis""]","[13, 14, 17]",3
3hop2__132957_52222_40768,"When did the maker of Acura Legend, the biggest automobile company in the world, and Nissan open US assembly plants?",1981,[],1,"musique_3hop2__132957_52222_40768_2,musique_3hop2__132957_52222_40768_17,musique_3hop2__132957_52222_40768_18","[""Acura Legend"", ""Automotive industry"", ""1973 oil crisis""]","[2, 17, 18]",3
3hop2__222979_133154_40768,"When did the maker of the Acura EL, the company that owns Scion, and Nissan, open US assembly plants?",1981,[],1,"musique_3hop2__222979_133154_40768_8,musique_3hop2__222979_133154_40768_9,musique_3hop2__222979_133154_40768_17","[""Acura EL"", ""1973 oil crisis"", ""Scion (automobile)""]","[8, 9, 17]",3
3hop2__132957_132798_40768,"When did the make of Acura Legend, the company that made toyopet Master and Nissan open US assembly plants?",1981,[],1,"musique_3hop2__132957_132798_40768_2,musique_3hop2__132957_132798_40768_3,musique_3hop2__132957_132798_40768_9","[""Toyopet Master"", ""Acura Legend"", ""1973 oil crisis""]","[2, 3, 9]",3
3hop2__132957_76377_40768,"When did Nissan, the Acura Legend maker and the top selling car brand open US assembly plants?",1981,[],1,"musique_3hop2__132957_76377_40768_0,musique_3hop2__132957_76377_40768_3,musique_3hop2__132957_76377_40768_18","[""Acura Legend"", ""1973 oil crisis"", ""List of best-selling automobiles""]","[0, 3, 18]",3
3hop2__132957_51933_40768,"When did the maker of the Acura Legend, the largest auto company in the world, and Nissan open US assembly plants?",1981,[],1,"musique_3hop2__132957_51933_40768_2,musique_3hop2__132957_51933_40768_14,musique_3hop2__132957_51933_40768_17","[""Acura Legend"", ""1973 oil crisis"", ""Automotive industry""]","[2, 14, 17]",3
3hop2__781093_223623_162182,In what region of the country where Lam Thao is located is John Phan's birthplace?,South Central Coast,[],1,"musique_3hop2__781093_223623_162182_5,musique_3hop2__781093_223623_162182_10,musique_3hop2__781093_223623_162182_17","[""L\u00e2m Thao District"", ""South Central Coast"", ""John Phan""]","[5, 10, 17]",3
3hop1__140855_2053_52946,"When is Celebrity Big Brother coming to the network that, along with the original network of Then Came Bronson and ABC, is based in New York?","February 7, 2018",[],1,"musique_3hop1__140855_2053_52946_5,musique_3hop1__140855_2053_52946_14,musique_3hop1__140855_2053_52946_18","[""New York City"", ""Celebrity Big Brother (American TV series)"", ""Then Came Bronson""]","[5, 14, 18]",3
3hop1__140786_2053_5289,"What UK label was bought by the major broadcaster that, along with ABC and the network of the show Just Men!?, is based in New York?",Oriole Records.,"[""Oriole Records""]",1,"musique_3hop1__140786_2053_5289_5,musique_3hop1__140786_2053_5289_7,musique_3hop1__140786_2053_5289_17","[""Just Men!"", ""Sony Music"", ""New York City""]","[5, 7, 17]",3
3hop2__855821_223623_162182,In what region of the country where Lam Dong is located is John Phan's birthplace?,South Central Coast,[],1,"musique_3hop2__855821_223623_162182_7,musique_3hop2__855821_223623_162182_8,musique_3hop2__855821_223623_162182_14","[""South Central Coast"", ""John Phan"", ""L\u00e2m \u0110\u1ed3ng Province""]","[7, 8, 14]",3
3hop1__120881_2053_52946,"When is Celebrity Big Brother coming to the network which, along with ABC and the network which released Stand Against Fear, is the other major broadcaster based in NY?","February 7, 2018",[],1,"musique_3hop1__120881_2053_52946_5,musique_3hop1__120881_2053_52946_9,musique_3hop1__120881_2053_52946_10","[""Celebrity Big Brother (American TV series)"", ""Stand Against Fear"", ""New York City""]","[5, 9, 10]",3
3hop2__668732_223623_162182,In what region of the country where An Phu is located is John Phan's birthplace?,South Central Coast,[],1,"musique_3hop2__668732_223623_162182_1,musique_3hop2__668732_223623_162182_5,musique_3hop2__668732_223623_162182_10","[""John Phan"", ""South Central Coast"", ""An Ph\u00fa District""]","[1, 5, 10]",3
3hop2__655849_467331_162182,In what region of the country containing the district of A Lưới is the city that has the Zone 5 Military Museum located?,South Central Coast,[],1,"musique_3hop2__655849_467331_162182_0,musique_3hop2__655849_467331_162182_5,musique_3hop2__655849_467331_162182_9","[""Zone 5 Military Museum, Danang"", ""South Central Coast"", ""A L\u01b0\u1edbi District""]","[0, 5, 9]",3
3hop1__751782_2053_52946,"When is Celebrity Big Brother coming to the network which, along with ABC and the original broadcaster of Undercovers, is the other major broadcaster based in NY?","February 7, 2018",[],1,"musique_3hop1__751782_2053_52946_0,musique_3hop1__751782_2053_52946_4,musique_3hop1__751782_2053_52946_18","[""Celebrity Big Brother (American TV series)"", ""Undercovers (TV series)"", ""New York City""]","[0, 4, 18]",3
3hop1__652852_2053_52946,"When is Celebrity Big Brother coming to the network that, along with ABC and the distributor of The Cube, is one of the the major broadcasters based in New York?","February 7, 2018",[],1,"musique_3hop1__652852_2053_52946_10,musique_3hop1__652852_2053_52946_12,musique_3hop1__652852_2053_52946_16","[""New York City"", ""The Cube (film)"", ""Celebrity Big Brother (American TV series)""]","[10, 12, 16]",3
3hop1__140994_2053_52946,"When is Celebrity Big Brother coming to the network which, along with ABC and the network which broadcasted Hello, Larry?, is the other major broadcaster based in NY?","February 7, 2018",[],1,"musique_3hop1__140994_2053_52946_16,musique_3hop1__140994_2053_52946_18,musique_3hop1__140994_2053_52946_19","[""New York City"", ""Hello, Larry"", ""Celebrity Big Brother (American TV series)""]","[16, 18, 19]",3
3hop2__565959_223623_162182,In what region of the country containing Mount Can is the birthplace of John Phan located?,South Central Coast,[],1,"musique_3hop2__565959_223623_162182_0,musique_3hop2__565959_223623_162182_8,musique_3hop2__565959_223623_162182_11","[""Mount C\u1ea9n"", ""South Central Coast"", ""John Phan""]","[0, 8, 11]",3
3hop2__607269_223623_162182,In what region of the country containing Hạ Hòa is John Phan's birthplace found?,South Central Coast,[],1,"musique_3hop2__607269_223623_162182_4,musique_3hop2__607269_223623_162182_5,musique_3hop2__607269_223623_162182_13","[""John Phan"", ""South Central Coast"", ""H\u1ea1 H\u00f2a District""]","[4, 5, 13]",3
3hop1__140345_2053_5289,"What label was bought by the company which, along with ABC and the network which aired Law of the Plainsman, is the other major broadcaster based in NY?",Oriole Records.,"[""Oriole Records""]",1,"musique_3hop1__140345_2053_5289_2,musique_3hop1__140345_2053_5289_4,musique_3hop1__140345_2053_5289_16","[""Sony Music"", ""Law of the Plainsman"", ""New York City""]","[2, 4, 16]",3
3hop2__792915_467331_162182,In what region of the country containing the Cái River is the city that has the Zone 5 Military Museum located?,South Central Coast,[],1,"musique_3hop2__792915_467331_162182_10,musique_3hop2__792915_467331_162182_11,musique_3hop2__792915_467331_162182_16","[""Zone 5 Military Museum, Danang"", ""C\u00e1i River"", ""South Central Coast""]","[10, 11, 16]",3
3hop1__141138_2053_5289,"What UK label was bought by the company which, along with ABC and the network which broadcasted The Chisholms, is the other major broadcaster based in NY?",Oriole Records.,"[""Oriole Records""]",1,"musique_3hop1__141138_2053_5289_2,musique_3hop1__141138_2053_5289_6,musique_3hop1__141138_2053_5289_12","[""The Chisholms"", ""Sony Music"", ""New York City""]","[2, 6, 12]",3
3hop2__565959_467331_162182,In what region of the country where Mount Can is located is the city where Zone 5 Military Museum is found?,South Central Coast,[],1,"musique_3hop2__565959_467331_162182_6,musique_3hop2__565959_467331_162182_16,musique_3hop2__565959_467331_162182_18","[""Mount C\u1ea9n"", ""South Central Coast"", ""Zone 5 Military Museum, Danang""]","[6, 16, 18]",3
3hop2__655849_223623_162182,In what region of the country containing A Lưới is the birthplace of John Phan located?,South Central Coast,[],1,"musique_3hop2__655849_223623_162182_4,musique_3hop2__655849_223623_162182_8,musique_3hop2__655849_223623_162182_19","[""A L\u01b0\u1edbi District"", ""John Phan"", ""South Central Coast""]","[4, 8, 19]",3
3hop1__140786_2053_52946,"When is Celebrity Big Brother coming to the broadcast company that, along with the network of Just Men!?, and ABC, is one of the major broadcasters based in New York?","February 7, 2018",[],1,"musique_3hop1__140786_2053_52946_1,musique_3hop1__140786_2053_52946_8,musique_3hop1__140786_2053_52946_19","[""Just Men!"", ""New York City"", ""Celebrity Big Brother (American TV series)""]","[1, 8, 19]",3
3hop2__569322_467331_162182,In what region of the country of S-Fone is the location of the administrative territorial entity of Zone 5 Military Museum located?,South Central Coast,[],1,"musique_3hop2__569322_467331_162182_0,musique_3hop2__569322_467331_162182_4,musique_3hop2__569322_467331_162182_8","[""South Central Coast"", ""S-Fone"", ""Zone 5 Military Museum, Danang""]","[0, 4, 8]",3
3hop1__545624_2053_52946,"When is Celebrity Big Brother coming to the network which, along with ABC and the original broadcaster of Here and Now, is the other major broadcaster based in NY?","February 7, 2018",[],1,"musique_3hop1__545624_2053_52946_8,musique_3hop1__545624_2053_52946_13,musique_3hop1__545624_2053_52946_14","[""New York City"", ""Here and Now (1992 TV series)"", ""Celebrity Big Brother (American TV series)""]","[8, 13, 14]",3
3hop1__140554_2053_52946,"When is Celebrity Big Brother coming to the network which, along with ABC and the network which hosts Westinghouse Playhouse, is the other major broadcaster based in NY?","February 7, 2018",[],1,"musique_3hop1__140554_2053_52946_3,musique_3hop1__140554_2053_52946_15,musique_3hop1__140554_2053_52946_16","[""New York City"", ""Westinghouse Playhouse"", ""Celebrity Big Brother (American TV series)""]","[3, 15, 16]",3
3hop2__781093_467331_162182,In what region of the country where Lam Thao is located is the city where the Zone 5 Military Museum can be found?,South Central Coast,[],1,"musique_3hop2__781093_467331_162182_12,musique_3hop2__781093_467331_162182_14,musique_3hop2__781093_467331_162182_19","[""South Central Coast"", ""Zone 5 Military Museum, Danang"", ""L\u00e2m Thao District""]","[12, 14, 19]",3
3hop2__668732_467331_162182,"In what region of the country containing An Phú, is the city with the Zone 5 Military Museum located?",South Central Coast,[],1,"musique_3hop2__668732_467331_162182_7,musique_3hop2__668732_467331_162182_8,musique_3hop2__668732_467331_162182_9","[""South Central Coast"", ""An Ph\u00fa District"", ""Zone 5 Military Museum, Danang""]","[7, 8, 9]",3
3hop1__140554_2053_5289,"What label was bought by the company which, along with ABC and the network which hosts Westinghouse Playhouse, is the other major broadcaster based in NY?",Oriole Records.,"[""Oriole Records""]",1,"musique_3hop1__140554_2053_5289_3,musique_3hop1__140554_2053_5289_13,musique_3hop1__140554_2053_5289_17","[""New York City"", ""Westinghouse Playhouse"", ""Sony Music""]","[3, 13, 17]",3
3hop2__792915_223623_162182,In what region of the country containing the Cái River is the place where John Phan was born?,South Central Coast,[],1,"musique_3hop2__792915_223623_162182_6,musique_3hop2__792915_223623_162182_14,musique_3hop2__792915_223623_162182_19","[""John Phan"", ""South Central Coast"", ""C\u00e1i River""]","[6, 14, 19]",3
3hop1__140855_2053_5289,"What UK label was bought by the company which, along with ABC and the original broadcaster of Then Came Bronson, is the other major broadcaster based in NY?",Oriole Records.,"[""Oriole Records""]",1,"musique_3hop1__140855_2053_5289_0,musique_3hop1__140855_2053_5289_6,musique_3hop1__140855_2053_5289_14","[""Sony Music"", ""Then Came Bronson"", ""New York City""]","[0, 6, 14]",3
3hop2__782397_467331_162182,"In what region of the country that contains Phu Luong, is the city that has the Zone 5 Military Museum located?",South Central Coast,[],1,"musique_3hop2__782397_467331_162182_0,musique_3hop2__782397_467331_162182_6,musique_3hop2__782397_467331_162182_11","[""Zone 5 Military Museum, Danang"", ""Ph\u00fa L\u01b0\u01a1ng (mountain)"", ""South Central Coast""]","[0, 6, 11]",3
3hop1__120881_2053_5289,"What label was bought in the UK by the other major New York broadcast that is in addition to ABC, and the one who released Stand Against Fear?",Oriole Records.,"[""Oriole Records""]",1,"musique_3hop1__120881_2053_5289_4,musique_3hop1__120881_2053_5289_6,musique_3hop1__120881_2053_5289_15","[""Stand Against Fear"", ""Sony Music"", ""New York City""]","[4, 6, 15]",3
3hop1__652852_2053_5289,"What UK label was purchased by the company that, along with the distributor of The Cube, and ABC, is the other major New York-based broadcaster?",Oriole Records.,"[""Oriole Records""]",1,"musique_3hop1__652852_2053_5289_6,musique_3hop1__652852_2053_5289_8,musique_3hop1__652852_2053_5289_9","[""Sony Music"", ""New York City"", ""The Cube (film)""]","[6, 8, 9]",3
3hop1__140345_2053_52946,"When is Celebrity Big Brother coming to the network which, along with ABC and the network which aired Law of the Plainsman, is the other major broadcaster based in NY?","February 7, 2018",[],1,"musique_3hop1__140345_2053_52946_5,musique_3hop1__140345_2053_52946_10,musique_3hop1__140345_2053_52946_15","[""Law of the Plainsman"", ""New York City"", ""Celebrity Big Brother (American TV series)""]","[5, 10, 15]",3
3hop1__140994_2053_5289,"What UK label was bought by the company which, along with ABC and the network which broadcasted Hello, Larry, is the other major broadcaster based in NY?",Oriole Records.,"[""Oriole Records""]",1,"musique_3hop1__140994_2053_5289_5,musique_3hop1__140994_2053_5289_12,musique_3hop1__140994_2053_5289_18","[""Sony Music"", ""New York City"", ""Hello, Larry""]","[5, 12, 18]",3
3hop1__545624_2053_5289,"What UK label was bought by the company which, along with ABC and the network which broadcasted Here and Now, is the other major broadcaster based in NY?",Oriole Records.,"[""Oriole Records""]",1,"musique_3hop1__545624_2053_5289_5,musique_3hop1__545624_2053_5289_6,musique_3hop1__545624_2053_5289_14","[""Sony Music"", ""Here and Now (1992 TV series)"", ""New York City""]","[5, 6, 14]",3
3hop1__141138_2053_52946,"When is Celebrity Big Brother coming to the network which, along with ABC and the network which broadcasted The Chisholms, is the other major broadcaster based in NY?","February 7, 2018",[],1,"musique_3hop1__141138_2053_52946_5,musique_3hop1__141138_2053_52946_11,musique_3hop1__141138_2053_52946_18","[""New York City"", ""Celebrity Big Brother (American TV series)"", ""The Chisholms""]","[5, 11, 18]",3
3hop1__664835_650651_7262,"Who was a prominent figure in the radio division of the network of the version of The Biggest Loser: The Final Chance, set in the country where Bokok is located?",Walter Sabo,[],1,"musique_3hop1__664835_650651_7262_11,musique_3hop1__664835_650651_7262_14,musique_3hop1__664835_650651_7262_16","[""Adult contemporary music"", ""Bokok, Temburong"", ""The Biggest Loser Brunei: Lose It All""]","[11, 14, 16]",3
3hop1__140514_2053_5289,"What UK label was bought by the company which, along with ABC and the network which hosts Hero High, is the other major broadcaster based in NY?",Oriole Records.,"[""Oriole Records""]",1,"musique_3hop1__140514_2053_5289_10,musique_3hop1__140514_2053_5289_17,musique_3hop1__140514_2053_5289_19","[""Sony Music"", ""Hero High"", ""New York City""]","[10, 17, 19]",3
3hop1__751782_2053_5289,"What UK label was bought by the broadcast company that, along with ABC and the original network of Undercovers, is one of the major broadcasters based in New York?",Oriole Records.,"[""Oriole Records""]",1,"musique_3hop1__751782_2053_5289_1,musique_3hop1__751782_2053_5289_10,musique_3hop1__751782_2053_5289_17","[""New York City"", ""Sony Music"", ""Undercovers (TV series)""]","[1, 10, 17]",3
3hop1__106239_650651_7262,Who was a prominent figure at the radio division of the broadcast company that created the version of The Biggest Loser set in the country where Kelupis originated?,Walter Sabo,[],1,"musique_3hop1__106239_650651_7262_11,musique_3hop1__106239_650651_7262_12,musique_3hop1__106239_650651_7262_18","[""Adult contemporary music"", ""Kelupis"", ""The Biggest Loser Brunei: Lose It All""]","[11, 12, 18]",3
3hop1__139862_2053_52946,"When is Celebrity Big Brother coming to the network which, along with ABC and the network which broadcasted Highway to Heaven, is the other major broadcaster based in NY?","February 7, 2018",[],1,"musique_3hop1__139862_2053_52946_9,musique_3hop1__139862_2053_52946_12,musique_3hop1__139862_2053_52946_14","[""Highway to Heaven"", ""New York City"", ""Celebrity Big Brother (American TV series)""]","[9, 12, 14]",3
3hop1__321720_650651_7262,Who was a prominent figure at the radio division of the network that created the version of The Biggest Loser set in the country where Seria is?,Walter Sabo,[],1,"musique_3hop1__321720_650651_7262_10,musique_3hop1__321720_650651_7262_12,musique_3hop1__321720_650651_7262_17","[""Seria, Belait"", ""The Biggest Loser Brunei: Lose It All"", ""Adult contemporary music""]","[10, 12, 17]",3
3hop1__139862_2053_5289,What UK label was bought by the major broadcaster based in New York that is not ABC and did not broadcast Highway to Heaven?,Oriole Records.,"[""Oriole Records""]",1,"musique_3hop1__139862_2053_5289_0,musique_3hop1__139862_2053_5289_15,musique_3hop1__139862_2053_5289_16","[""Sony Music"", ""Highway to Heaven"", ""New York City""]","[0, 15, 16]",3
3hop1__377943_650651_7262,"Who was a prominent figure at the radio division of the broadcasting company that created the version of The Biggest Loser: The Final Chance, set in the country containing Labu?",Walter Sabo,[],1,"musique_3hop1__377943_650651_7262_8,musique_3hop1__377943_650651_7262_15,musique_3hop1__377943_650651_7262_17","[""The Biggest Loser Brunei: Lose It All"", ""Labu, Temburong"", ""Adult contemporary music""]","[8, 15, 17]",3
3hop1__174833_650651_7262,"Who was a prominent figure at the radio division of the network that created the version of The Biggest Loser: The Final Chance, set in the country containing Luamapas?",Walter Sabo,[],1,"musique_3hop1__174833_650651_7262_0,musique_3hop1__174833_650651_7262_3,musique_3hop1__174833_650651_7262_19","[""The Biggest Loser Brunei: Lose It All"", ""Lumapas, Brunei-Muara"", ""Adult contemporary music""]","[0, 3, 19]",3
3hop1__102087_214799_259594,"What is the three letter abbreviation for the country, which maintains border troops, that claims Bernd Baumgart as a citizen?",GDR,"[""German Democratic Republic"", ""East Germany""]",1,"musique_3hop1__102087_214799_259594_0,musique_3hop1__102087_214799_259594_2,musique_3hop1__102087_214799_259594_3","[""Bernd Baumgart"", ""Heinz-Josef Gro\u00dfe"", ""Literature of East Germany""]","[0, 2, 3]",3
3hop1__103180_214799_259594,What is the country of the border troops of the country of the literature of the country Wilfried Grobner was in?,GDR,"[""German Democratic Republic"", ""East Germany""]",1,"musique_3hop1__103180_214799_259594_10,musique_3hop1__103180_214799_259594_18,musique_3hop1__103180_214799_259594_19","[""Heinz-Josef Gro\u00dfe"", ""Wilfried Gr\u00f6bner"", ""Literature of East Germany""]","[10, 18, 19]",3
3hop1__131783_131926_13165,What treaty ceded territory to the US extending west to the body of water by the location of the Minikahda Club?,Treaty of Paris,[],1,"musique_3hop1__131783_131926_13165_5,musique_3hop1__131783_131926_13165_9,musique_3hop1__131783_131926_13165_17","[""Military history of the United States"", ""The Minikahda Club"", ""Minneapolis""]","[5, 9, 17]",3
3hop1__131783_131926_90707,Where does the body of water by the city where The Minikahda Club is located and the Ohio River meet?,"at the city of Cairo, Illinois",[],1,"musique_3hop1__131783_131926_90707_5,musique_3hop1__131783_131926_90707_10,musique_3hop1__131783_131926_90707_16","[""The Minikahda Club"", ""Minneapolis"", ""Ohio River""]","[5, 10, 16]",3
3hop1__79039_131926_13165,What treaty ceded territory to the US extending west to the river next to the city that's the home of the Juicy Lucy?,Treaty of Paris,[],1,"musique_3hop1__79039_131926_13165_5,musique_3hop1__79039_131926_13165_17,musique_3hop1__79039_131926_13165_19","[""Minneapolis"", ""Military history of the United States"", ""Jucy Lucy""]","[5, 17, 19]",3
3hop1__103254_214799_259594,What country had the Border Troops of the republic known for the literature of the country of citizenship of Ilona Richter?,GDR,"[""German Democratic Republic"", ""East Germany""]",1,"musique_3hop1__103254_214799_259594_1,musique_3hop1__103254_214799_259594_7,musique_3hop1__103254_214799_259594_13","[""Heinz-Josef Gro\u00dfe"", ""Ilona Richter"", ""Literature of East Germany""]","[1, 7, 13]",3
3hop1__131783_131926_89261,Where does the body of water by the city where The Minikahda Club empty into the Gulf of Mexico?,the Mississippi River Delta,"[""Mississippi River Delta""]",1,"musique_3hop1__131783_131926_89261_1,musique_3hop1__131783_131926_89261_5,musique_3hop1__131783_131926_89261_16","[""The Minikahda Club"", ""Minneapolis"", ""Mississippi River""]","[1, 5, 16]",3
3hop1__103197_214799_259594,What country gas the border troops of the country of the literature of the country of Andreas Zülow's citizenship?,GDR,"[""German Democratic Republic"", ""East Germany""]",1,"musique_3hop1__103197_214799_259594_3,musique_3hop1__103197_214799_259594_6,musique_3hop1__103197_214799_259594_16","[""Literature of East Germany"", ""Andreas Z\u00fclow"", ""Heinz-Josef Gro\u00dfe""]","[3, 6, 16]",3
3hop1__79039_131926_89261,Where does the body of water by the home of the Juicy Lucy empty into the gulf of Mexico?,the Mississippi River Delta,"[""Mississippi River Delta""]",1,"musique_3hop1__79039_131926_89261_9,musique_3hop1__79039_131926_89261_13,musique_3hop1__79039_131926_89261_15","[""Jucy Lucy"", ""Mississippi River"", ""Minneapolis""]","[9, 13, 15]",3
3hop1__584774_131926_87157,What is the direction of flow of the body of water by the city where Uni-Systems is headquartered?,rises in northern Minnesota and meanders slowly southwards,"[""Minnesota""]",1,"musique_3hop1__584774_131926_87157_1,musique_3hop1__584774_131926_87157_7,musique_3hop1__584774_131926_87157_15","[""Minneapolis"", ""Uni-Systems"", ""Mississippi River""]","[1, 7, 15]",3
3hop1__635099_131926_87157,What is the direction of flow of the body of water by the city where Write This Down was formed?,rises in northern Minnesota and meanders slowly southwards,"[""Minnesota""]",1,"musique_3hop1__635099_131926_87157_1,musique_3hop1__635099_131926_87157_9,musique_3hop1__635099_131926_87157_17","[""Minneapolis"", ""Write This Down (band)"", ""Mississippi River""]","[1, 9, 17]",3
3hop1__79039_131926_90707,Where does the body of water by the city home to the Juicy Lucy and the Ohio River meet?,"at the city of Cairo, Illinois",[],1,"musique_3hop1__79039_131926_90707_8,musique_3hop1__79039_131926_90707_12,musique_3hop1__79039_131926_90707_19","[""Minneapolis"", ""Ohio River"", ""Jucy Lucy""]","[8, 12, 19]",3
3hop1__104237_214799_259594,What is the abbreviated form of the name of the country where Alfred Kurella hails from?,GDR,"[""German Democratic Republic"", ""East Germany""]",1,"musique_3hop1__104237_214799_259594_8,musique_3hop1__104237_214799_259594_11,musique_3hop1__104237_214799_259594_17","[""Alfred Kurella"", ""Heinz-Josef Gro\u00dfe"", ""Literature of East Germany""]","[8, 11, 17]",3
3hop1__152880_131926_89261,Where does the body of water by the city that Astronautalis is from empty into the gulf of Mexico?,the Mississippi River Delta,"[""Mississippi River Delta""]",1,"musique_3hop1__152880_131926_89261_6,musique_3hop1__152880_131926_89261_8,musique_3hop1__152880_131926_89261_14","[""Mississippi River"", ""Minneapolis"", ""Astronautalis""]","[6, 8, 14]",3
3hop1__635099_131926_90707,Where does the body of water by the city where Write This Down was formed and Ohio River meet?,"at the city of Cairo, Illinois",[],1,"musique_3hop1__635099_131926_90707_3,musique_3hop1__635099_131926_90707_9,musique_3hop1__635099_131926_90707_18","[""Write This Down (band)"", ""Ohio River"", ""Minneapolis""]","[3, 9, 18]",3
3hop1__131783_131926_87157,What is the direction of flow of the body of water by the city where The Minikahda Club is located?,rises in northern Minnesota and meanders slowly southwards,"[""Minnesota""]",1,"musique_3hop1__131783_131926_87157_10,musique_3hop1__131783_131926_87157_11,musique_3hop1__131783_131926_87157_17","[""Mississippi River"", ""The Minikahda Club"", ""Minneapolis""]","[10, 11, 17]",3
3hop1__635099_131926_89261,Where does the body of water by the city where Write This Down was formed empty into the Gulf of Mexico?,the Mississippi River Delta,"[""Mississippi River Delta""]",1,"musique_3hop1__635099_131926_89261_2,musique_3hop1__635099_131926_89261_3,musique_3hop1__635099_131926_89261_5","[""Write This Down (band)"", ""Mississippi River"", ""Minneapolis""]","[2, 3, 5]",3
3hop1__152880_131926_13165,What treaty ceded territory to the US extending west to the body of water by the city Astronautalis is from?,Treaty of Paris,[],1,"musique_3hop1__152880_131926_13165_9,musique_3hop1__152880_131926_13165_11,musique_3hop1__152880_131926_13165_12","[""Minneapolis"", ""Astronautalis"", ""Military history of the United States""]","[9, 11, 12]",3
3hop1__79039_131926_87157,What is the direction of flow of the body of water by the home of the juicy lucy?,rises in northern Minnesota and meanders slowly southwards,"[""Minnesota""]",1,"musique_3hop1__79039_131926_87157_0,musique_3hop1__79039_131926_87157_3,musique_3hop1__79039_131926_87157_5","[""Jucy Lucy"", ""Mississippi River"", ""Minneapolis""]","[0, 3, 5]",3
3hop1__152880_131926_87157,What is the direction of flow of the body of water by the city that Astronautalis is from?,rises in northern Minnesota and meanders slowly southwards,"[""Minnesota""]",1,"musique_3hop1__152880_131926_87157_8,musique_3hop1__152880_131926_87157_10,musique_3hop1__152880_131926_87157_17","[""Minneapolis"", ""Astronautalis"", ""Mississippi River""]","[8, 10, 17]",3
3hop1__152880_131926_90707,Where does the body of water by the city Astronautalis is from and the Ohio River meet?,"at the city of Cairo, Illinois",[],1,"musique_3hop1__152880_131926_90707_1,musique_3hop1__152880_131926_90707_9,musique_3hop1__152880_131926_90707_10","[""Astronautalis"", ""Minneapolis"", ""Ohio River""]","[1, 9, 10]",3
3hop1__635099_131926_13165,What treaty ceded territory to the US extending west to the body of water by the city where Write This Down was formed?,Treaty of Paris,[],1,"musique_3hop1__635099_131926_13165_0,musique_3hop1__635099_131926_13165_3,musique_3hop1__635099_131926_13165_14","[""Minneapolis"", ""Military history of the United States"", ""Write This Down (band)""]","[0, 3, 14]",3
3hop2__93066_88342_47738,When did the team that won the AL East in 2017 last play in the series of games that the MLB MVP award is given after?,the 2009 season,[],1,"musique_3hop2__93066_88342_47738_8,musique_3hop2__93066_88342_47738_11,musique_3hop2__93066_88342_47738_18","[""2017 American League Championship Series"", ""Major League Baseball Most Valuable Player Award"", ""New York Yankees""]","[8, 11, 18]",3
3hop2__93066_88342_90766,When was the last time the winner of the American League East in 2017 met the Dodgers in the event after which the MLB MVP award is given out?,1981,[],1,"musique_3hop2__93066_88342_90766_5,musique_3hop2__93066_88342_90766_6,musique_3hop2__93066_88342_90766_18","[""Major League Baseball Most Valuable Player Award"", ""Dodgers\u2013Yankees rivalry"", ""2017 American League Championship Series""]","[5, 6, 18]",3
3hop1__532517_214799_259594,What country has the border troops of the country of the literature of the country of Karl Maron citizenship?,GDR,"[""German Democratic Republic"", ""East Germany""]",1,"musique_3hop1__532517_214799_259594_2,musique_3hop1__532517_214799_259594_3,musique_3hop1__532517_214799_259594_13","[""Karl Maron"", ""Literature of East Germany"", ""Heinz-Josef Gro\u00dfe""]","[2, 3, 13]",3
3hop2__88342_93066_47738,When did the team that won the AL East in 2017 last play in the event after which the MLB MVP is awarded?,the 2009 season,[],1,"musique_3hop2__88342_93066_47738_6,musique_3hop2__88342_93066_47738_8,musique_3hop2__88342_93066_47738_18","[""Major League Baseball Most Valuable Player Award"", ""New York Yankees"", ""2017 American League Championship Series""]","[6, 8, 18]",3
3hop2__88342_93066_90766,When was the last time the team that won the American League East in 2017 and the Dodgers met in the championship event that precedes the MLB MVP award?,1981,[],1,"musique_3hop2__88342_93066_90766_1,musique_3hop2__88342_93066_90766_5,musique_3hop2__88342_93066_90766_17","[""2017 American League Championship Series"", ""Major League Baseball Most Valuable Player Award"", ""Dodgers\u2013Yankees rivalry""]","[1, 5, 17]",3
3hop2__90098_76623_10557,What was the language from which the last name Sylvester originated during the era of the person crowned emperor of the west in 800 CE later known as?,Medieval Latin,[],1,"musique_3hop2__90098_76623_10557_9,musique_3hop2__90098_76623_10557_15,musique_3hop2__90098_76623_10557_17","[""Middle Ages"", ""Charlemagne"", ""Sylvester""]","[9, 15, 17]",3
3hop2__125104_90098_10557,What was where the last name sylvester comes from of who was Rotrude's father's era later known as?,Medieval Latin,[],1,"musique_3hop2__125104_90098_10557_0,musique_3hop2__125104_90098_10557_12,musique_3hop2__125104_90098_10557_14","[""Middle Ages"", ""Rotrude"", ""Sylvester""]","[0, 12, 14]",3
3hop2__156850_90098_10557,"What was the version of the language where the last name Sylvester originates, used in the era of Fastrada's spouse, later known as?",Medieval Latin,[],1,"musique_3hop2__156850_90098_10557_5,musique_3hop2__156850_90098_10557_12,musique_3hop2__156850_90098_10557_14","[""Middle Ages"", ""Fastrada"", ""Sylvester""]","[5, 12, 14]",3
3hop2__90098_79978_10557,"What was the language that the last name Sylvester comes from, used in the era of the individual crowned Roman Emperor in A.D. 800, later known as?",Medieval Latin,[],1,"musique_3hop2__90098_79978_10557_8,musique_3hop2__90098_79978_10557_10,musique_3hop2__90098_79978_10557_15","[""Middle Ages"", ""Charlemagne"", ""Sylvester""]","[8, 10, 15]",3
3hop2__90098_156850_10557,"What was the form of the language that the last name Sylvester comes from, used in the era of Fastrada's spouse, later known as?",Medieval Latin,[],1,"musique_3hop2__90098_156850_10557_3,musique_3hop2__90098_156850_10557_15,musique_3hop2__90098_156850_10557_17","[""Sylvester"", ""Fastrada"", ""Middle Ages""]","[3, 15, 17]",3
3hop1__157177_625046_613900,The city where the river that Merchants Bridge crosses over is the capital of which county?,Ottawa County,"[""Ottawa County, Kansas""]",1,"musique_3hop1__157177_625046_613900_0,musique_3hop1__157177_625046_613900_6,musique_3hop1__157177_625046_613900_18","[""I-35W Mississippi River bridge"", ""Minneapolis, Kansas"", ""Merchants Bridge""]","[0, 6, 18]",3
3hop2__90098_91678_10557,What was the language from which the last name Sylvester originated during the era of the person crowned first Holy Roman Emperor later known as?,Medieval Latin,[],1,"musique_3hop2__90098_91678_10557_5,musique_3hop2__90098_91678_10557_11,musique_3hop2__90098_91678_10557_17","[""Middle Ages"", ""Sylvester"", ""Holy Roman Emperor""]","[5, 11, 17]",3
3hop2__90098_125104_10557,"What was the form of the language that the last name Sylvester comes from, used in the era of Rotrude's father, later known as?",Medieval Latin,[],1,"musique_3hop2__90098_125104_10557_0,musique_3hop2__90098_125104_10557_6,musique_3hop2__90098_125104_10557_14","[""Rotrude"", ""Sylvester"", ""Middle Ages""]","[0, 6, 14]",3
3hop2__76623_90098_10557,"What was the version of the language the last name Sylvester comes from, used in the era of the individual crowned Emperor of the West in 800 CE, later called?",Medieval Latin,[],1,"musique_3hop2__76623_90098_10557_4,musique_3hop2__76623_90098_10557_11,musique_3hop2__76623_90098_10557_13","[""Middle Ages"", ""Sylvester"", ""Charlemagne""]","[4, 11, 13]",3
3hop2__84553_90098_10557,"What was the form of the language where the last name Sylvester originates, used in the era of the man crowned Emperor of the Romans in 800, later known as?",Medieval Latin,[],1,"musique_3hop2__84553_90098_10557_0,musique_3hop2__84553_90098_10557_2,musique_3hop2__84553_90098_10557_5","[""Sylvester"", ""Charlemagne"", ""Middle Ages""]","[0, 2, 5]",3
3hop2__90098_84553_10557,"What was the form of the language where the last name Sylvester originates, used in the era of the individual crowned Emperor of the Romans in 800, later known as?",Medieval Latin,[],1,"musique_3hop2__90098_84553_10557_6,musique_3hop2__90098_84553_10557_14,musique_3hop2__90098_84553_10557_18","[""Sylvester"", ""Charlemagne"", ""Middle Ages""]","[6, 14, 18]",3
3hop2__90098_60649_10557,What was the language from which the last name Sylvester originates during the era of the Frankish king who formed the Holy Roman Empire later known as?,Medieval Latin,[],1,"musique_3hop2__90098_60649_10557_3,musique_3hop2__90098_60649_10557_14,musique_3hop2__90098_60649_10557_15","[""Sylvester"", ""Middle Ages"", ""Holy Roman Empire""]","[3, 14, 15]",3
3hop2__60649_90098_10557,What was the language from which the last name Sylvester originated during the era of the Frankish king who formed the Holy Roman Empire later known as?,Medieval Latin,[],1,"musique_3hop2__60649_90098_10557_9,musique_3hop2__60649_90098_10557_10,musique_3hop2__60649_90098_10557_14","[""Sylvester"", ""Holy Roman Empire"", ""Middle Ages""]","[9, 10, 14]",3
3hop2__91678_90098_10557,"What was the form of the language that the last name Sylvester comes from, used in the era of the first Holy Roman Emperor, later known as?",Medieval Latin,[],1,"musique_3hop2__91678_90098_10557_6,musique_3hop2__91678_90098_10557_8,musique_3hop2__91678_90098_10557_16","[""Sylvester"", ""Holy Roman Emperor"", ""Middle Ages""]","[6, 8, 16]",3
3hop1__21282_692112_236857,In what country is women's football played in the country where the German chancellor criticized by The Sun held citizenship?,GDR,"[""East Germany""]",1,"musique_3hop1__21282_692112_236857_8,musique_3hop1__21282_692112_236857_15,musique_3hop1__21282_692112_236857_19","[""The Sun (United Kingdom)"", ""Angela Merkel"", ""Women's football in East Germany""]","[8, 15, 19]",3
3hop2__79978_90098_10557,What was the language from which the last name Sylvester originates during the era of the person crowned new Roman emperor in 800 A.D. later known as?,Medieval Latin,[],1,"musique_3hop2__79978_90098_10557_3,musique_3hop2__79978_90098_10557_7,musique_3hop2__79978_90098_10557_8","[""Middle Ages"", ""Sylvester"", ""Charlemagne""]","[3, 7, 8]",3
3hop2__90098_19639_10557,"What was the form of the language that the last name Sylvester comes from, used in the era of the king who united the 9th century tribes, later known as?",Medieval Latin,[],1,"musique_3hop2__90098_19639_10557_10,musique_3hop2__90098_19639_10557_11,musique_3hop2__90098_19639_10557_16","[""Middle Ages"", ""Sylvester"", ""Germans""]","[10, 11, 16]",3
3hop1__765565_326948_78782,Who was the British general in the birthplace of the performer of Here Come the Girls?,General Edward Pakenham,"[""Edward Pakenham""]",1,"musique_3hop1__765565_326948_78782_6,musique_3hop1__765565_326948_78782_10,musique_3hop1__765565_326948_78782_17","[""Battle of New Orleans"", ""Mother-in-Law Lounge"", ""Here Come the Girls (song)""]","[6, 10, 17]",3
3hop2__19639_90098_10557,"What was the version of the language where the last name Sylvester originates, used in the era of the king that united the tribes in the 9th century, later called?",Medieval Latin,[],1,"musique_3hop2__19639_90098_10557_7,musique_3hop2__19639_90098_10557_11,musique_3hop2__19639_90098_10557_17","[""Sylvester"", ""Middle Ages"", ""Germans""]","[7, 11, 17]",3
3hop1__640171_228453_86925,What is the symbol of the Saints from the city that is the location of Blanton's manufacturer's headquarters called?,fleur - de-lis,"[""Fleur-de-lis"", ""fleur-de-lis""]",1,"musique_3hop1__640171_228453_86925_2,musique_3hop1__640171_228453_86925_13,musique_3hop1__640171_228453_86925_19","[""Fleur-de-lis"", ""Blanton's"", ""Sazerac""]","[2, 13, 19]",3
3hop1__305282_282081_73772,When was the start of the battle of the birthplace of the performer of III?,"December 14, 1814",[],1,"musique_3hop1__305282_282081_73772_2,musique_3hop1__305282_282081_73772_9,musique_3hop1__305282_282081_73772_19","[""III (Stanton Moore album)"", ""Flyin' the Koop"", ""Battle of New Orleans""]","[2, 9, 19]",3
3hop1__768500_730460_78782,Who was the British general in the Battle of the city where Toussaint's performer was born?,General Edward Pakenham,"[""Edward Pakenham""]",1,"musique_3hop1__768500_730460_78782_0,musique_3hop1__768500_730460_78782_11,musique_3hop1__768500_730460_78782_17","[""Toussaint (album)"", ""Battle of New Orleans"", ""Marshall Sehorn""]","[0, 11, 17]",3
3hop1__398232_326948_78782,Who was the British general in the battle named after the birth city of the person who recorded Mother-in-Law?,General Edward Pakenham,"[""Edward Pakenham""]",1,"musique_3hop1__398232_326948_78782_8,musique_3hop1__398232_326948_78782_9,musique_3hop1__398232_326948_78782_11","[""Battle of New Orleans"", ""Mother-in-Law (song)"", ""Mother-in-Law Lounge""]","[8, 9, 11]",3
3hop1__823336_228453_86925,What is the symbol of the Saints from the headquarters location of Ten High's manufacturer called?,fleur - de-lis,"[""Fleur-de-lis"", ""fleur-de-lis""]",1,"musique_3hop1__823336_228453_86925_2,musique_3hop1__823336_228453_86925_7,musique_3hop1__823336_228453_86925_19","[""Ten High"", ""Sazerac"", ""Fleur-de-lis""]","[2, 7, 19]",3
3hop1__390673_228453_86925,What is the manufacturer of the Kentucky Tavern headquarters location saints symbol called?,fleur - de-lis,"[""Fleur-de-lis"", ""fleur-de-lis""]",1,"musique_3hop1__390673_228453_86925_4,musique_3hop1__390673_228453_86925_7,musique_3hop1__390673_228453_86925_10","[""Fleur-de-lis"", ""Sazerac"", ""Kentucky Tavern""]","[4, 7, 10]",3
3hop1__398232_326948_59893,When were the monuments built in the Mother-in-Law performer's birthplace?,"1884,",[],1,"musique_3hop1__398232_326948_59893_2,musique_3hop1__398232_326948_59893_6,musique_3hop1__398232_326948_59893_12","[""Mother-in-Law (song)"", ""Mother-in-Law Lounge"", ""Robert E. Lee Monument (New Orleans, Louisiana)""]","[2, 6, 12]",3
3hop1__765565_326948_86925,What is the symbols of the Saints from the place where Here Come the Girl's performer was born called?,fleur - de-lis,"[""Fleur-de-lis"", ""fleur-de-lis""]",1,"musique_3hop1__765565_326948_86925_1,musique_3hop1__765565_326948_86925_3,musique_3hop1__765565_326948_86925_7","[""Here Come the Girls (song)"", ""Fleur-de-lis"", ""Mother-in-Law Lounge""]","[1, 3, 7]",3
3hop1__108833_720914_41132,How many times did the plague occur in the city where the painter of The Bacchanal of the Andrians died?,22,[],1,"musique_3hop1__108833_720914_41132_0,musique_3hop1__108833_720914_41132_6,musique_3hop1__108833_720914_41132_11","[""The Bacchanal of the Andrians"", ""Black Death"", ""The Martyrdom of Saint Lawrence (Titian)""]","[0, 6, 11]",3
3hop1__109185_720914_41132,How many times did the plague occur in the place of death of the creator of La Schiavona?,22,[],1,"musique_3hop1__109185_720914_41132_0,musique_3hop1__109185_720914_41132_3,musique_3hop1__109185_720914_41132_17","[""The Martyrdom of Saint Lawrence (Titian)"", ""Black Death"", ""La Schiavona""]","[0, 3, 17]",3
3hop1__768500_730460_70315,Where did Katrina hit the hardest in the Toussaint performer's birthplace?,the city of New Orleans,"[""New Orleans""]",1,"musique_3hop1__768500_730460_70315_0,musique_3hop1__768500_730460_70315_6,musique_3hop1__768500_730460_70315_18","[""Hurricane Katrina effects by region"", ""Marshall Sehorn"", ""Toussaint (album)""]","[0, 6, 18]",3
3hop1__109196_720914_41132,How many times did plague occur in the place of death of the creator of the Malchiostro Annunciation?,22,[],1,"musique_3hop1__109196_720914_41132_10,musique_3hop1__109196_720914_41132_14,musique_3hop1__109196_720914_41132_16","[""Black Death"", ""Malchiostro Annunciation"", ""The Martyrdom of Saint Lawrence (Titian)""]","[10, 14, 16]",3
3hop1__109422_720914_41132,How many times did the plague occur in the place of death of the creator of The Punishment of Tythus?,22,[],1,"musique_3hop1__109422_720914_41132_0,musique_3hop1__109422_720914_41132_9,musique_3hop1__109422_720914_41132_15","[""The Martyrdom of Saint Lawrence (Titian)"", ""Black Death"", ""The Punishment of Tythus""]","[0, 9, 15]",3
3hop1__108062_720914_41132,How many times did plague occur in the place where La Bella's artist died?,22,[],1,"musique_3hop1__108062_720914_41132_8,musique_3hop1__108062_720914_41132_9,musique_3hop1__108062_720914_41132_19","[""La Bella"", ""Black Death"", ""The Martyrdom of Saint Lawrence (Titian)""]","[8, 9, 19]",3
3hop1__108881_720914_41132,How many times did plague occur in the place where the creator of The Worship of Venus died?,22,[],1,"musique_3hop1__108881_720914_41132_6,musique_3hop1__108881_720914_41132_10,musique_3hop1__108881_720914_41132_16","[""The Martyrdom of Saint Lawrence (Titian)"", ""The Worship of Venus"", ""Black Death""]","[6, 10, 16]",3
3hop1__786067_228453_86925,What is the symbol of the Saints from the city where the headquarters of the manufacturer of McAfee's Benchmark called?,fleur - de-lis,"[""Fleur-de-lis"", ""fleur-de-lis""]",1,"musique_3hop1__786067_228453_86925_0,musique_3hop1__786067_228453_86925_2,musique_3hop1__786067_228453_86925_15","[""Sazerac"", ""Fleur-de-lis"", ""McAfee's Benchmark""]","[0, 2, 15]",3
3hop1__109113_720914_41132,How many times did plague occur in the place where Venus with a Mirror's creator died?,22,[],1,"musique_3hop1__109113_720914_41132_1,musique_3hop1__109113_720914_41132_17,musique_3hop1__109113_720914_41132_18","[""The Martyrdom of Saint Lawrence (Titian)"", ""Black Death"", ""Venus with a Mirror""]","[1, 17, 18]",3
3hop1__30240_740597_41132,How many times did plague occur in the birthplace of the person who used the spice route that the Ottoman Empire controlled?,22,[],1,"musique_3hop1__30240_740597_41132_4,musique_3hop1__30240_740597_41132_13,musique_3hop1__30240_740597_41132_17","[""Ottoman Empire"", ""In the Footsteps of Marco Polo"", ""Black Death""]","[4, 13, 17]",3
3hop1__28841_547811_41132,How many times did the plague occur in the birth place of Concerto in C Major Op 3 6's composer?,22,[],1,"musique_3hop1__28841_547811_41132_1,musique_3hop1__28841_547811_41132_11,musique_3hop1__28841_547811_41132_15","[""Mandolin"", ""Orlando furioso (Vivaldi, 1714)"", ""Black Death""]","[1, 11, 15]",3
3hop1__28841_547811_80702,What is the name of the famous bridge in the place of birth of who composed the Concerto in C Major Op 3 6?,Rialto Bridge,"[""Ponte di Rialto""]",1,"musique_3hop1__28841_547811_80702_4,musique_3hop1__28841_547811_80702_7,musique_3hop1__28841_547811_80702_19","[""Mandolin"", ""Rialto Bridge"", ""Orlando furioso (Vivaldi, 1714)""]","[4, 7, 19]",3
3hop1__398232_326948_10972,When did the place of birth of the performer of Mother-in-Law elect its first black Mayor?,1970s,[],1,"musique_3hop1__398232_326948_10972_10,musique_3hop1__398232_326948_10972_11,musique_3hop1__398232_326948_10972_13","[""Black people"", ""Mother-in-Law Lounge"", ""Mother-in-Law (song)""]","[10, 11, 13]",3
3hop1__109113_720914_27537,Why did Roncalli leave the city where the painter of Venus with a Mirror died?,for the conclave in Rome,"[""Rome"", ""Roma""]",1,"musique_3hop1__109113_720914_27537_3,musique_3hop1__109113_720914_27537_16,musique_3hop1__109113_720914_27537_19","[""Pope John XXIII"", ""The Martyrdom of Saint Lawrence (Titian)"", ""Venus with a Mirror""]","[3, 16, 19]",3
3hop1__108062_720914_27537,Why did Roncalli leave the city where La Bella's creator died?,for the conclave in Rome,"[""Rome"", ""Roma""]",1,"musique_3hop1__108062_720914_27537_8,musique_3hop1__108062_720914_27537_15,musique_3hop1__108062_720914_27537_17","[""Pope John XXIII"", ""La Bella"", ""The Martyrdom of Saint Lawrence (Titian)""]","[8, 15, 17]",3
3hop1__108833_720914_27537,Why did Roncalli leave the place where artist who made The Bacchanal of the Andrians died?,for the conclave in Rome,"[""Rome"", ""Roma""]",1,"musique_3hop1__108833_720914_27537_3,musique_3hop1__108833_720914_27537_8,musique_3hop1__108833_720914_27537_14","[""The Bacchanal of the Andrians"", ""The Martyrdom of Saint Lawrence (Titian)"", ""Pope John XXIII""]","[3, 8, 14]",3
3hop1__109196_720914_27537,Why did Roncali leave the place of death of the creator of Malchiostro Annunciation?,for the conclave in Rome,"[""Rome"", ""Roma""]",1,"musique_3hop1__109196_720914_27537_2,musique_3hop1__109196_720914_27537_4,musique_3hop1__109196_720914_27537_5","[""Pope John XXIII"", ""The Martyrdom of Saint Lawrence (Titian)"", ""Malchiostro Annunciation""]","[2, 4, 5]",3
3hop1__640171_228453_10972,When did the headquarters city of the Blanton's manufacturer elect its first black mayor?,1970s,[],1,"musique_3hop1__640171_228453_10972_0,musique_3hop1__640171_228453_10972_6,musique_3hop1__640171_228453_10972_9","[""Black people"", ""Sazerac"", ""Blanton's""]","[0, 6, 9]",3
3hop1__109185_720914_27537,Why did Roncalli leave the city where the creator of La Schiavona died?,for the conclave in Rome,"[""Rome"", ""Roma""]",1,"musique_3hop1__109185_720914_27537_8,musique_3hop1__109185_720914_27537_14,musique_3hop1__109185_720914_27537_17","[""La Schiavona"", ""The Martyrdom of Saint Lawrence (Titian)"", ""Pope John XXIII""]","[8, 14, 17]",3
3hop1__108881_720914_27537,Why did Roncalli leave the city where the creator of The Worship of Venus died?,for the conclave in Rome,"[""Rome"", ""Roma""]",1,"musique_3hop1__108881_720914_27537_3,musique_3hop1__108881_720914_27537_10,musique_3hop1__108881_720914_27537_17","[""The Worship of Venus"", ""Pope John XXIII"", ""The Martyrdom of Saint Lawrence (Titian)""]","[3, 10, 17]",3
3hop1__107540_720914_27537,Why did Roncalli leave the place of death of the maker of The Gozzi Altarpiece?,for the conclave in Rome,"[""Rome"", ""Roma""]",1,"musique_3hop1__107540_720914_27537_8,musique_3hop1__107540_720914_27537_15,musique_3hop1__107540_720914_27537_18","[""Pope John XXIII"", ""The Martyrdom of Saint Lawrence (Titian)"", ""Gozzi Altarpiece""]","[8, 15, 18]",3
3hop1__109422_720914_27537,Why did Roncalli leave the place of death of The Punishment of Tythus' creator?,for the conclave in Rome,"[""Rome"", ""Roma""]",1,"musique_3hop1__109422_720914_27537_1,musique_3hop1__109422_720914_27537_3,musique_3hop1__109422_720914_27537_11","[""The Punishment of Tythus"", ""The Martyrdom of Saint Lawrence (Titian)"", ""Pope John XXIII""]","[1, 3, 11]",3
3hop1__831499_228453_10972,When did the city where the headquarters of Barton Premium Blend's manufacturer is located elect its first black mayor?,1970s,[],1,"musique_3hop1__831499_228453_10972_6,musique_3hop1__831499_228453_10972_10,musique_3hop1__831499_228453_10972_18","[""Sazerac"", ""Barton Premium Blend"", ""Black people""]","[6, 10, 18]",3
3hop1__707569_228453_10972,When did the headquarters city of the Fireball Cinnamon Whiskey manufacturer elect its first black mayor?,1970s,[],1,"musique_3hop1__707569_228453_10972_0,musique_3hop1__707569_228453_10972_16,musique_3hop1__707569_228453_10972_17","[""Black people"", ""Sazerac"", ""Fireball Cinnamon Whisky""]","[0, 16, 17]",3
3hop1__765565_326948_10972,When did the birthplace of the Here Come the Girls performer elect its first black mayor?,1970s,[],1,"musique_3hop1__765565_326948_10972_1,musique_3hop1__765565_326948_10972_6,musique_3hop1__765565_326948_10972_16","[""Black people"", ""Mother-in-Law Lounge"", ""Here Come the Girls (song)""]","[1, 6, 16]",3
3hop1__823336_228453_10972,When did the city where the manufacturer of Ten High is headquartered elect its first black mayor?,1970s,[],1,"musique_3hop1__823336_228453_10972_5,musique_3hop1__823336_228453_10972_9,musique_3hop1__823336_228453_10972_15","[""Ten High"", ""Black people"", ""Sazerac""]","[5, 9, 15]",3
3hop1__305282_282081_10972,When did the city where Ill's performer was born elect its first black mayor?,1970s,[],1,"musique_3hop1__305282_282081_10972_4,musique_3hop1__305282_282081_10972_6,musique_3hop1__305282_282081_10972_17","[""Flyin' the Koop"", ""III (Stanton Moore album)"", ""Black people""]","[4, 6, 17]",3
3hop1__390673_228453_10972,When did the headquarters city of Kentucky Tavern's manufacturer elect its first black mayor?,1970s,[],1,"musique_3hop1__390673_228453_10972_0,musique_3hop1__390673_228453_10972_2,musique_3hop1__390673_228453_10972_19","[""Kentucky Tavern"", ""Black people"", ""Sazerac""]","[0, 2, 19]",3
3hop1__786067_228453_10972,When did the city that headquarters the manufacturer of McAfee's benchmark elect its first black Mayor?,1970s,[],1,"musique_3hop1__786067_228453_10972_12,musique_3hop1__786067_228453_10972_17,musique_3hop1__786067_228453_10972_18","[""Sazerac"", ""McAfee's Benchmark"", ""Black people""]","[12, 17, 18]",3
3hop1__222497_309482_80702,What is the name of the famous bridge in the place where Al gran sole carico d'amore's composer worked?,Rialto Bridge,"[""Ponte di Rialto""]",1,"musique_3hop1__222497_309482_80702_0,musique_3hop1__222497_309482_80702_5,musique_3hop1__222497_309482_80702_13","[""Rialto Bridge"", ""Al gran sole carico d'amore"", ""Alessandro Zezzos""]","[0, 5, 13]",3
3hop1__801799_547811_80702,What is the name of the famous bridge in the place of birth of the composer of La fida ninfa?,Rialto Bridge,"[""Ponte di Rialto""]",1,"musique_3hop1__801799_547811_80702_0,musique_3hop1__801799_547811_80702_1,musique_3hop1__801799_547811_80702_6","[""Rialto Bridge"", ""La fida ninfa"", ""Orlando furioso (Vivaldi, 1714)""]","[0, 1, 6]",3
3hop1__222497_309482_41132,How many times did plague occur in Al gran sole carico d'amore's composer's work location?,22,[],1,"musique_3hop1__222497_309482_41132_12,musique_3hop1__222497_309482_41132_13,musique_3hop1__222497_309482_41132_16","[""Black Death"", ""Al gran sole carico d'amore"", ""Alessandro Zezzos""]","[12, 13, 16]",3
3hop1__844109_720914_41132,How many times did the plague occur where the creator of The Entombment died?,22,[],1,"musique_3hop1__844109_720914_41132_3,musique_3hop1__844109_720914_41132_6,musique_3hop1__844109_720914_41132_10","[""The Entombment (Titian, 1559)"", ""Black Death"", ""The Martyrdom of Saint Lawrence (Titian)""]","[3, 6, 10]",3
3hop1__593288_720914_41132,How many times did plague occur in the place of death of the creator of Violante?,22,[],1,"musique_3hop1__593288_720914_41132_1,musique_3hop1__593288_720914_41132_12,musique_3hop1__593288_720914_41132_18","[""Violante (Titian)"", ""Black Death"", ""The Martyrdom of Saint Lawrence (Titian)""]","[1, 12, 18]",3
3hop1__178435_547811_80702,What is the name of the famous bridge in the birthplace of Gloria in D Major's composer?,Rialto Bridge,"[""Ponte di Rialto""]",1,"musique_3hop1__178435_547811_80702_1,musique_3hop1__178435_547811_80702_2,musique_3hop1__178435_547811_80702_9","[""Orlando furioso (Vivaldi, 1714)"", ""Gloria (Vivaldi)"", ""Rialto Bridge""]","[1, 2, 9]",3
3hop1__820301_720914_41132,How many times did plague occur in the place where Crucifixion's creator died?,22,[],1,"musique_3hop1__820301_720914_41132_2,musique_3hop1__820301_720914_41132_10,musique_3hop1__820301_720914_41132_16","[""Crucifixion (Titian)"", ""Black Death"", ""The Martyrdom of Saint Lawrence (Titian)""]","[2, 10, 16]",3
3hop1__801799_547811_41132,How many times did plague occur in the birth city of the composer of La fida ninfa?,22,[],1,"musique_3hop1__801799_547811_41132_7,musique_3hop1__801799_547811_41132_9,musique_3hop1__801799_547811_41132_14","[""Black Death"", ""Orlando furioso (Vivaldi, 1714)"", ""La fida ninfa""]","[7, 9, 14]",3
3hop1__222497_737465_93723,"Who played Spyder, from the ""Once Upon a Time"" film set in the place of death of the composer of Al gran sole carico d'amore?",Jason Momoa,[],1,"musique_3hop1__222497_737465_93723_3,musique_3hop1__222497_737465_93723_5,musique_3hop1__222497_737465_93723_16","[""Al gran sole carico d'amore"", ""Alessandro Zezzos"", ""Once Upon a Time in Venice""]","[3, 5, 16]",3
3hop1__857_846_7798,What was the overwhelming ethnic majority in the city where the Yongle emperor greeted the person to whom the edict was addressed?,Han nationality,[],1,"musique_3hop1__857_846_7798_3,musique_3hop1__857_846_7798_4,musique_3hop1__857_846_7798_11","[""Sino-Tibetan relations during the Ming dynasty"", ""Nanjing"", ""Sino-Tibetan relations during the Ming dynasty""]","[3, 4, 11]",3
3hop1__208108_547811_41132,How many times did plague occur in the birthplace of La Silvia's composer?,22,[],1,"musique_3hop1__208108_547811_41132_3,musique_3hop1__208108_547811_41132_13,musique_3hop1__208108_547811_41132_14","[""Orlando furioso (Vivaldi, 1714)"", ""Black Death"", ""La Silvia""]","[3, 13, 14]",3
3hop2__326964_7861_7713,How long had the city containing some of the finest and oldest museums in China been the capitol city of Yaxing Coach's headquarters location?,about 400 years,[],1,"musique_3hop2__326964_7861_7713_0,musique_3hop2__326964_7861_7713_18,musique_3hop2__326964_7861_7713_19","[""Nanjing"", ""Nanjing"", ""Yaxing Coach""]","[0, 18, 19]",3
3hop1__857_846_7849,What other types of theater performance are seen in the city where the Yongle emperor greeted the person to whom the edict was addressed?,"Suzhou pingtan, spoken theatre and puppet theatre","[""Suzhou""]",1,"musique_3hop1__857_846_7849_0,musique_3hop1__857_846_7849_9,musique_3hop1__857_846_7849_13","[""Sino-Tibetan relations during the Ming dynasty"", ""Nanjing"", ""Sino-Tibetan relations during the Ming dynasty""]","[0, 9, 13]",3
3hop1__865037_214799_259594,Border troops of the country of literature of the country of citizenship of Rainer Ernst are from what country?,GDR,"[""German Democratic Republic"", ""East Germany""]",1,"musique_3hop1__865037_214799_259594_3,musique_3hop1__865037_214799_259594_4,musique_3hop1__865037_214799_259594_7","[""Rainer Ernst"", ""Heinz-Josef Gro\u00dfe"", ""Literature of East Germany""]","[3, 4, 7]",3
3hop1__857_846_7713,"How long was the city where the Yongle Emperor greeted the leader that the edict was addressed to, the capital city of Yangzhou?",about 400 years,[],1,"musique_3hop1__857_846_7713_3,musique_3hop1__857_846_7713_6,musique_3hop1__857_846_7713_10","[""Sino-Tibetan relations during the Ming dynasty"", ""Nanjing"", ""Sino-Tibetan relations during the Ming dynasty""]","[3, 6, 10]",3
3hop1__320697_547811_41132,How many times did plague occur in the birth city of the composer of Nulla in mundo pax sincera?,22,[],1,"musique_3hop1__320697_547811_41132_1,musique_3hop1__320697_547811_41132_3,musique_3hop1__320697_547811_41132_11","[""Nulla in mundo pax sincera"", ""Orlando furioso (Vivaldi, 1714)"", ""Black Death""]","[1, 3, 11]",3
3hop2__326964_7719_7713,How long had the place where the Jin court reestablished itself after fleeing been the capitol city of the headquarters location of Yaxing Coach?,about 400 years,[],1,"musique_3hop2__326964_7719_7713_2,musique_3hop2__326964_7719_7713_4,musique_3hop2__326964_7719_7713_8","[""Nanjing"", ""Yaxing Coach"", ""Nanjing""]","[2, 4, 8]",3
3hop1__857_846_7846,Which opera company is based in the city where the Yongle Emperor greeted the leader that the edict was addressed to?,Jiangsu Peking Opera Institute,[],1,"musique_3hop1__857_846_7846_3,musique_3hop1__857_846_7846_13,musique_3hop1__857_846_7846_17","[""Sino-Tibetan relations during the Ming dynasty"", ""Sino-Tibetan relations during the Ming dynasty"", ""Nanjing""]","[3, 13, 17]",3
3hop1__857_846_7795,"In 2011, what was the estimated population of the city where the Yongle emperor greeted the person to whom the edict was addressed?",8.11 million,[],1,"musique_3hop1__857_846_7795_4,musique_3hop1__857_846_7795_15,musique_3hop1__857_846_7795_16","[""Sino-Tibetan relations during the Ming dynasty"", ""Sino-Tibetan relations during the Ming dynasty"", ""Nanjing""]","[4, 15, 16]",3
3hop1__796649_720914_41132,How many times did the plague occur in the city where Flora's painter died?,22,[],1,"musique_3hop1__796649_720914_41132_1,musique_3hop1__796649_720914_41132_13,musique_3hop1__796649_720914_41132_19","[""Black Death"", ""The Martyrdom of Saint Lawrence (Titian)"", ""Flora (Titian)""]","[1, 13, 19]",3
3hop1__857_846_7702,What is the meaning of the name of the city where the Yongle emperor greeted the person to whom the edict was addressed?,"""Southern Capital""","[""Nanjing"", ""Nankin"", ""Nanking""]",1,"musique_3hop1__857_846_7702_4,musique_3hop1__857_846_7702_9,musique_3hop1__857_846_7702_17","[""Nanjing"", ""Sino-Tibetan relations during the Ming dynasty"", ""Sino-Tibetan relations during the Ming dynasty""]","[4, 9, 17]",3
3hop1__409517_547811_80702,What is the name of the famous bridge in the birth city of the composer of Scanderbeg?,Rialto Bridge,"[""Ponte di Rialto""]",1,"musique_3hop1__409517_547811_80702_8,musique_3hop1__409517_547811_80702_14,musique_3hop1__409517_547811_80702_15","[""Scanderbeg (opera)"", ""Rialto Bridge"", ""Orlando furioso (Vivaldi, 1714)""]","[8, 14, 15]",3
3hop1__208108_547811_80702,What is the name of the famous bridge in the city where the composer of La Silvia was born?,Rialto Bridge,"[""Ponte di Rialto""]",1,"musique_3hop1__208108_547811_80702_5,musique_3hop1__208108_547811_80702_9,musique_3hop1__208108_547811_80702_12","[""Orlando furioso (Vivaldi, 1714)"", ""La Silvia"", ""Rialto Bridge""]","[5, 9, 12]",3
3hop2__326964_846_7713,How long had the city where the Yongle Emperor greeted the Karmapa been the capitol city of Yaxing Coach's headquarters location?,about 400 years,[],1,"musique_3hop2__326964_846_7713_2,musique_3hop2__326964_846_7713_8,musique_3hop2__326964_846_7713_16","[""Nanjing"", ""Yaxing Coach"", ""Sino-Tibetan relations during the Ming dynasty""]","[2, 8, 16]",3
3hop1__857_846_7810,What was where the Yongle emperor greeted who the edict addressed GDP per person in 2013?,"RMB 98,174(US$16041)",[],1,"musique_3hop1__857_846_7810_2,musique_3hop1__857_846_7810_7,musique_3hop1__857_846_7810_18","[""Nanjing"", ""Sino-Tibetan relations during the Ming dynasty"", ""Sino-Tibetan relations during the Ming dynasty""]","[2, 7, 18]",3
3hop1__409517_547811_41132,How many times did the plague occur in the birth city of the composer of Scanderbeg?,22,[],1,"musique_3hop1__409517_547811_41132_4,musique_3hop1__409517_547811_41132_6,musique_3hop1__409517_547811_41132_17","[""Black Death"", ""Scanderbeg (opera)"", ""Orlando furioso (Vivaldi, 1714)""]","[4, 6, 17]",3
3hop2__326964_7707_7713,How long had the city considered the nominal capitol of the Republic of China been the capitol city of Yaxing Coach's headquarters location?,about 400 years,[],1,"musique_3hop2__326964_7707_7713_0,musique_3hop2__326964_7707_7713_14,musique_3hop2__326964_7707_7713_16","[""Yaxing Coach"", ""Nanjing"", ""Nanjing""]","[0, 14, 16]",3
3hop1__843207_755530_88011,Where is the Bridge of Sighs located in the place of death of Sonata pian'e forte's composer?,passes over the Rio di Palazzo,[],1,"musique_3hop1__843207_755530_88011_5,musique_3hop1__843207_755530_88011_9,musique_3hop1__843207_755530_88011_16","[""Johann Grabbe"", ""Sonata pian' e forte"", ""Bridge of Sighs""]","[5, 9, 16]",3
3hop1__857_846_7701,When did the city where the Yongle emperor greeted the person to whom the edict was addressed become the Chinese national capital?,Jin dynasty,[],1,"musique_3hop1__857_846_7701_5,musique_3hop1__857_846_7701_7,musique_3hop1__857_846_7701_17","[""Nanjing"", ""Sino-Tibetan relations during the Ming dynasty"", ""Sino-Tibetan relations during the Ming dynasty""]","[5, 7, 17]",3
3hop1__178435_547811_41132,How many times did plague occur in the birthplace of the composer of Gloria in D Major?,22,[],1,"musique_3hop1__178435_547811_41132_3,musique_3hop1__178435_547811_41132_10,musique_3hop1__178435_547811_41132_11","[""Black Death"", ""Orlando furioso (Vivaldi, 1714)"", ""Gloria (Vivaldi)""]","[3, 10, 11]",3
3hop1__857_846_7794,"In 2010, what was the population of the city where the Yongle emperor greeted the person to whom the edict was addressed?",8.005 million,[],1,"musique_3hop1__857_846_7794_0,musique_3hop1__857_846_7794_1,musique_3hop1__857_846_7794_5","[""Sino-Tibetan relations during the Ming dynasty"", ""Sino-Tibetan relations during the Ming dynasty"", ""Nanjing""]","[0, 1, 5]",3
3hop1__312146_720914_41132,How many times did plague occur in the place where Vanity's creator died?,22,[],1,"musique_3hop1__312146_720914_41132_1,musique_3hop1__312146_720914_41132_3,musique_3hop1__312146_720914_41132_13","[""The Martyrdom of Saint Lawrence (Titian)"", ""Vanity (Titian)"", ""Black Death""]","[1, 3, 13]",3
3hop1__320697_547811_80702,What is the name of the famous bridge located in the birthplace of the composer of Nulla in mundo pax sincera?,Rialto Bridge,"[""Ponte di Rialto""]",1,"musique_3hop1__320697_547811_80702_1,musique_3hop1__320697_547811_80702_2,musique_3hop1__320697_547811_80702_7","[""Nulla in mundo pax sincera"", ""Rialto Bridge"", ""Orlando furioso (Vivaldi, 1714)""]","[1, 2, 7]",3
3hop1__857_846_7887,How many tourists does visit annually the city where the Yongle Emperor greeted the one seen addressed on an preserved edict.,thousands,[],1,"musique_3hop1__857_846_7887_5,musique_3hop1__857_846_7887_6,musique_3hop1__857_846_7887_13","[""Sino-Tibetan relations during the Ming dynasty"", ""Sino-Tibetan relations during the Ming dynasty"", ""Nanjing""]","[5, 6, 13]",3
3hop1__689538_547811_80702,What is the name of the famous bridge in the city where the composer of La costanza trionfante degl'amori e de gl'odii was born?,Rialto Bridge,"[""Ponte di Rialto""]",1,"musique_3hop1__689538_547811_80702_3,musique_3hop1__689538_547811_80702_4,musique_3hop1__689538_547811_80702_18","[""La costanza trionfante degl'amori e de gl'odii"", ""Orlando furioso (Vivaldi, 1714)"", ""Rialto Bridge""]","[3, 4, 18]",3
3hop1__857_846_7769,How many square miles is the city where the Yongle emperor greeted the person to whom the edict was addressed?,"2,548 sq mi",[],1,"musique_3hop1__857_846_7769_12,musique_3hop1__857_846_7769_13,musique_3hop1__857_846_7769_19","[""Sino-Tibetan relations during the Ming dynasty"", ""Sino-Tibetan relations during the Ming dynasty"", ""Nanjing""]","[12, 13, 19]",3
3hop1__280834_547811_80702,What is the name of the famous bridge in the birthplace of Bajazet's composer?,Rialto Bridge,"[""Ponte di Rialto""]",1,"musique_3hop1__280834_547811_80702_6,musique_3hop1__280834_547811_80702_7,musique_3hop1__280834_547811_80702_11","[""Rialto Bridge"", ""Orlando furioso (Vivaldi, 1714)"", ""Bajazet (opera)""]","[6, 7, 11]",3
3hop1__280834_547811_41132,How many times did plague occur in the place where Bajazet's composer was born?,22,[],1,"musique_3hop1__280834_547811_41132_4,musique_3hop1__280834_547811_41132_9,musique_3hop1__280834_547811_41132_12","[""Orlando furioso (Vivaldi, 1714)"", ""Black Death"", ""Bajazet (opera)""]","[4, 9, 12]",3
3hop1__857_846_7872,What is the name of the football club from the city where the Yongle emperor greeted the person to whom the edict was addressed?,Jiangsu Sainty,[],1,"musique_3hop1__857_846_7872_1,musique_3hop1__857_846_7872_6,musique_3hop1__857_846_7872_18","[""Sino-Tibetan relations during the Ming dynasty"", ""Sino-Tibetan relations during the Ming dynasty"", ""Nanjing""]","[1, 6, 18]",3
3hop1__222497_309482_89834,When did the merchant of the city where the composer of Al gran sole carico d'amore takes place?,16th - century,[],1,"musique_3hop1__222497_309482_89834_2,musique_3hop1__222497_309482_89834_8,musique_3hop1__222497_309482_89834_18","[""Alessandro Zezzos"", ""The Merchant of Venice"", ""Al gran sole carico d'amore""]","[2, 8, 18]",3
3hop1__857_846_7874,What is the name of the major basketball team from the city where the Yongle emperor greeted the person to whom the edict was addressed?,Jiangsu Nangang Basketball Club,[],1,"musique_3hop1__857_846_7874_6,musique_3hop1__857_846_7874_8,musique_3hop1__857_846_7874_14","[""Sino-Tibetan relations during the Ming dynasty"", ""Nanjing"", ""Sino-Tibetan relations during the Ming dynasty""]","[6, 8, 14]",3
3hop1__820301_720914_27537,Why did Roncalli leave the place where Crucifixion's creator died?,for the conclave in Rome,"[""Rome"", ""Roma""]",1,"musique_3hop1__820301_720914_27537_3,musique_3hop1__820301_720914_27537_5,musique_3hop1__820301_720914_27537_11","[""The Martyrdom of Saint Lawrence (Titian)"", ""Pope John XXIII"", ""Crucifixion (Titian)""]","[3, 5, 11]",3
3hop1__222497_309482_27537,Why did Roncalli leave the place where the composer of Al gran sole carico d'amore worked?,for the conclave in Rome,"[""Rome""]",1,"musique_3hop1__222497_309482_27537_0,musique_3hop1__222497_309482_27537_12,musique_3hop1__222497_309482_27537_17","[""Al gran sole carico d'amore"", ""Pope John XXIII"", ""Alessandro Zezzos""]","[0, 12, 17]",3
3hop2__326964_7721_7713,How long had the city at the center of East Asia during the North-South division been the capitol city of Yaxing Coach's headquarters location?,about 400 years,[],1,"musique_3hop2__326964_7721_7713_6,musique_3hop2__326964_7721_7713_9,musique_3hop2__326964_7721_7713_16","[""Nanjing"", ""Nanjing"", ""Yaxing Coach""]","[6, 9, 16]",3
3hop1__857_846_7821,How many miles of highways are in the city where the Yongle emperor greeted the person to whom the edict was addressed?,140 mi,[],1,"musique_3hop1__857_846_7821_9,musique_3hop1__857_846_7821_15,musique_3hop1__857_846_7821_17","[""Sino-Tibetan relations during the Ming dynasty"", ""Sino-Tibetan relations during the Ming dynasty"", ""Nanjing""]","[9, 15, 17]",3
3hop1__844109_720914_27537,Why did Roncalli leave the city where the creator of The Entombment died?,for the conclave in Rome,"[""Rome"", ""Roma""]",1,"musique_3hop1__844109_720914_27537_7,musique_3hop1__844109_720914_27537_11,musique_3hop1__844109_720914_27537_15","[""The Entombment (Titian, 1559)"", ""The Martyrdom of Saint Lawrence (Titian)"", ""Pope John XXIII""]","[7, 11, 15]",3
3hop1__857_846_7770,Where does the Yangtze River flow in the city where the Yongle emperor greeted the person to whom the edict was addressed?,past the west side and then north side,"[""West"", ""west"", ""W""]",1,"musique_3hop1__857_846_7770_8,musique_3hop1__857_846_7770_9,musique_3hop1__857_846_7770_18","[""Sino-Tibetan relations during the Ming dynasty"", ""Nanjing"", ""Sino-Tibetan relations during the Ming dynasty""]","[8, 9, 18]",3
3hop2__326964_7845_7713,How long had the home of some of the country's most prominent art groups been the capitol city of Yaxing Coach's headquarters location?,about 400 years,[],1,"musique_3hop2__326964_7845_7713_5,musique_3hop2__326964_7845_7713_16,musique_3hop2__326964_7845_7713_17","[""Nanjing"", ""Yaxing Coach"", ""Nanjing""]","[5, 16, 17]",3
3hop2__326964_36852_7713,How long was the city the Qing lost in 1853 the capital of the province where Yaxing Coach is headquartered?,about 400 years,[],1,"musique_3hop2__326964_36852_7713_4,musique_3hop2__326964_36852_7713_5,musique_3hop2__326964_36852_7713_15","[""Yaxing Coach"", ""Nanjing"", ""Qing dynasty""]","[4, 5, 15]",3
3hop2__36852_326964_7713,How long had the city the Qing lost in 1853 been the capitol city of Yaxing Coach's headquarters location?,about 400 years,[],1,"musique_3hop2__36852_326964_7713_1,musique_3hop2__36852_326964_7713_8,musique_3hop2__36852_326964_7713_9","[""Nanjing"", ""Qing dynasty"", ""Yaxing Coach""]","[1, 8, 9]",3
3hop2__326964_7855_7713,How long had the city considered to be a place that is popular with tourists been the capital city of the location of the Yaxing Coach headquarters?,about 400 years,[],1,"musique_3hop2__326964_7855_7713_8,musique_3hop2__326964_7855_7713_9,musique_3hop2__326964_7855_7713_16","[""Nanjing"", ""Yaxing Coach"", ""Nanjing""]","[8, 9, 16]",3
3hop1__312146_720914_27537,Why did Roncali leave the city where the creator of Vanity died?,for the conclave in Rome,"[""Rome"", ""Roma""]",1,"musique_3hop1__312146_720914_27537_14,musique_3hop1__312146_720914_27537_15,musique_3hop1__312146_720914_27537_19","[""Pope John XXIII"", ""Vanity (Titian)"", ""The Martyrdom of Saint Lawrence (Titian)""]","[14, 15, 19]",3
3hop1__857_846_7888,What are three natural attractions in the city where the Yongle emperor greeted the person to whom the edict was addressed?,"lush green parks, natural scenic lakes, small mountains",[],1,"musique_3hop1__857_846_7888_5,musique_3hop1__857_846_7888_8,musique_3hop1__857_846_7888_13","[""Nanjing"", ""Sino-Tibetan relations during the Ming dynasty"", ""Sino-Tibetan relations during the Ming dynasty""]","[5, 8, 13]",3
3hop1__796649_720914_27537,Why did Roncalli leave the city where the creator of Flora died?,for the conclave in Rome,"[""Rome""]",1,"musique_3hop1__796649_720914_27537_4,musique_3hop1__796649_720914_27537_5,musique_3hop1__796649_720914_27537_13","[""Pope John XXIII"", ""The Martyrdom of Saint Lawrence (Titian)"", ""Flora (Titian)""]","[4, 5, 13]",3
3hop1__857_846_7870,"Other than at the 1912 block found in the city where the Yongle Emperor met the leader that the edict was addressed to, where else are there lots of bars?",along Shanghai road and its neighbourhood,"[""Hu"", ""Shanghai""]",1,"musique_3hop1__857_846_7870_1,musique_3hop1__857_846_7870_5,musique_3hop1__857_846_7870_13","[""Nanjing"", ""Sino-Tibetan relations during the Ming dynasty"", ""Sino-Tibetan relations during the Ming dynasty""]","[1, 5, 13]",3
3hop1__593288_720914_27537,Why did Roncalli leave the place where Violante's painter died?,for the conclave in Rome,"[""Rome"", ""Roma""]",1,"musique_3hop1__593288_720914_27537_2,musique_3hop1__593288_720914_27537_14,musique_3hop1__593288_720914_27537_16","[""Violante (Titian)"", ""The Martyrdom of Saint Lawrence (Titian)"", ""Pope John XXIII""]","[2, 14, 16]",3
3hop2__326964_265410_7713,How long had Anhua Gao's birthplace been the capitol city of Yaxing Coach's headquarters location?,about 400 years,[],1,"musique_3hop2__326964_265410_7713_2,musique_3hop2__326964_265410_7713_16,musique_3hop2__326964_265410_7713_18","[""Anhua Gao"", ""Yaxing Coach"", ""Nanjing""]","[2, 16, 18]",3
3hop1__857_846_7791,How many parties rule the city where the Yongle emperor greeted the person to whom the edict was addressed?,one-party,[],1,"musique_3hop1__857_846_7791_3,musique_3hop1__857_846_7791_4,musique_3hop1__857_846_7791_8","[""Sino-Tibetan relations during the Ming dynasty"", ""Sino-Tibetan relations during the Ming dynasty"", ""Nanjing""]","[3, 4, 8]",3
3hop2__326964_263934_7713,How long had the place of birth of Tang Jinhua been the capital city of the Yaxing Coach headquarters location?,about 400 years,[],1,"musique_3hop2__326964_263934_7713_7,musique_3hop2__326964_263934_7713_11,musique_3hop2__326964_263934_7713_19","[""Nanjing"", ""Yaxing Coach"", ""Tang Jinhua""]","[7, 11, 19]",3
3hop2__36852_613770_7713,How long had the city where Qing lost in 1853 been the capital of the administrative territorial entity Guangling District is located?,about 400 years,[],1,"musique_3hop2__36852_613770_7713_8,musique_3hop2__36852_613770_7713_15,musique_3hop2__36852_613770_7713_18","[""Guangling District"", ""Qing dynasty"", ""Nanjing""]","[8, 15, 18]",3
3hop1__857_846_7752,Who moved the capitol from the city where the Yongle emperor greeted the person to whom the edict was addressed to Beijing?,Yuan Shikai,[],1,"musique_3hop1__857_846_7752_9,musique_3hop1__857_846_7752_11,musique_3hop1__857_846_7752_12","[""Sino-Tibetan relations during the Ming dynasty"", ""Nanjing"", ""Sino-Tibetan relations during the Ming dynasty""]","[9, 11, 12]",3
3hop1__857_846_7890,How many places of higher learning are in the city where the Yongle emperor greeted the person to whom the edict was addressed?,75,[],1,"musique_3hop1__857_846_7890_14,musique_3hop1__857_846_7890_18,musique_3hop1__857_846_7890_19","[""Sino-Tibetan relations during the Ming dynasty"", ""Nanjing"", ""Sino-Tibetan relations during the Ming dynasty""]","[14, 18, 19]",3
3hop2__326964_734214_7713,How long had Lynn Hung's birthplace been the capitol city of Yaxing Coach's headquarters location?,about 400 years,[],1,"musique_3hop2__326964_734214_7713_3,musique_3hop2__326964_734214_7713_12,musique_3hop2__326964_734214_7713_13","[""Nanjing"", ""Lynn Hung"", ""Yaxing Coach""]","[3, 12, 13]",3
3hop2__326964_789654_7713,How long had Mao Yushi's birthplace been the capitol city of Yaxing Coach's headquarters location?,about 400 years,[],1,"musique_3hop2__326964_789654_7713_4,musique_3hop2__326964_789654_7713_9,musique_3hop2__326964_789654_7713_19","[""Nanjing"", ""Yaxing Coach"", ""Mao Yushi""]","[4, 9, 19]",3
3hop2__326964_811351_7713,How long had Lijia Zhang's birthplace been the capitol city of Yaxing Coach's headquarters location?,about 400 years,[],1,"musique_3hop2__326964_811351_7713_12,musique_3hop2__326964_811351_7713_15,musique_3hop2__326964_811351_7713_16","[""Lijia Zhang"", ""Yaxing Coach"", ""Nanjing""]","[12, 15, 16]",3
3hop2__851134_613770_7713,How long had Pfrang Association's headquarters location been the capitol city of the area where Guangling District is located?,about 400 years,[],1,"musique_3hop2__851134_613770_7713_6,musique_3hop2__851134_613770_7713_8,musique_3hop2__851134_613770_7713_15","[""Guangling District"", ""Pfrang Association"", ""Nanjing""]","[6, 8, 15]",3
3hop1__127821_157828_239539,Where is the headquarters of Radio Television of this country that has a co-official language that is the same as the language of Olivera Markovic?,Pristina,[],1,"musique_3hop1__127821_157828_239539_2,musique_3hop1__127821_157828_239539_13,musique_3hop1__127821_157828_239539_14","[""Serbian language"", ""Media in Pristina"", ""Olivera Markovi\u0107""]","[2, 13, 14]",3
3hop1__127837_157828_239539,Where is the headquarters of the Radio Television of the country that has a co-official language in the language that Kuhinjica is in?,Pristina,[],1,"musique_3hop1__127837_157828_239539_5,musique_3hop1__127837_157828_239539_6,musique_3hop1__127837_157828_239539_12","[""Kuhinjica"", ""Media in Pristina"", ""Serbian language""]","[5, 6, 12]",3
3hop1__127716_157828_239539,Where is the headquarter of the Radio Television of the country whose co-official language is the same as the one Politika is written in?,Pristina,[],1,"musique_3hop1__127716_157828_239539_6,musique_3hop1__127716_157828_239539_7,musique_3hop1__127716_157828_239539_14","[""Serbian language"", ""Media in Pristina"", ""Politika""]","[6, 7, 14]",3
3hop2__326964_464925_7713,How long had Michael Shen Fu-Tsung's birthplace been the capitol city of Yaxing Coach's headquarters location?,about 400 years,[],1,"musique_3hop2__326964_464925_7713_14,musique_3hop2__326964_464925_7713_17,musique_3hop2__326964_464925_7713_18","[""Michael Shen Fu-Tsung"", ""Nanjing"", ""Yaxing Coach""]","[14, 17, 18]",3
3hop1__465684_160545_60577,Where did they film The Beach in the country where Bodindecha died?,Ko Phi Phi Leh,"[""Ko Phi Phi Le""]",1,"musique_3hop1__465684_160545_60577_14,musique_3hop1__465684_160545_60577_16,musique_3hop1__465684_160545_60577_19","[""Bodindecha"", ""Bang Bon District"", ""The Beach (film)""]","[14, 16, 19]",3
3hop1__818422_160545_60577,Where did they film The Beach in the country where Beatrice Heuser was born?,Ko Phi Phi Leh,"[""Ko Phi Phi Le""]",1,"musique_3hop1__818422_160545_60577_0,musique_3hop1__818422_160545_60577_4,musique_3hop1__818422_160545_60577_6","[""Beatrice Heuser"", ""Bang Bon District"", ""The Beach (film)""]","[0, 4, 6]",3
3hop1__145194_160545_60577,Where did they film The Beach in the country where Siddhi Savetsila was born?,Ko Phi Phi Leh,"[""Ko Phi Phi Le""]",1,"musique_3hop1__145194_160545_60577_7,musique_3hop1__145194_160545_60577_11,musique_3hop1__145194_160545_60577_19","[""Bang Bon District"", ""Siddhi Savetsila"", ""The Beach (film)""]","[7, 11, 19]",3
3hop2__851134_326964_7713,How long had Pfrang Association's headquarters location been the capitol city of Yaxing Coach's headquarters location?,about 400 years,[],1,"musique_3hop2__851134_326964_7713_3,musique_3hop2__851134_326964_7713_7,musique_3hop2__851134_326964_7713_17","[""Pfrang Association"", ""Nanjing"", ""Yaxing Coach""]","[3, 7, 17]",3
3hop2__573858_326964_7713,How long had the headquarters location of China Sunergy been the capitol city of the headquarters location of Yaxing Coach?,about 400 years,[],1,"musique_3hop2__573858_326964_7713_3,musique_3hop2__573858_326964_7713_5,musique_3hop2__573858_326964_7713_17","[""Nanjing"", ""Yaxing Coach"", ""China Sunergy""]","[3, 5, 17]",3
3hop1__446612_160545_62931,Where was the film The Beach filmed in the country where Ercole Manfredi died?,island Koh Phi Phi,[],1,"musique_3hop1__446612_160545_62931_3,musique_3hop1__446612_160545_62931_9,musique_3hop1__446612_160545_62931_16","[""Ercole Manfredi"", ""Bang Bon District"", ""The Beach (film)""]","[3, 9, 16]",3
3hop1__818422_160545_62931,What part of the country that includes the birth city of Beatrice Heuser was the film The Beach filmed?,island Koh Phi Phi,[],1,"musique_3hop1__818422_160545_62931_0,musique_3hop1__818422_160545_62931_6,musique_3hop1__818422_160545_62931_8","[""Bang Bon District"", ""Beatrice Heuser"", ""The Beach (film)""]","[0, 6, 8]",3
3hop1__145194_160545_62931,The Beach was filmed in what location of the country that contains the birth city of Siddhi Savetsila?,island Koh Phi Phi,[],1,"musique_3hop1__145194_160545_62931_5,musique_3hop1__145194_160545_62931_9,musique_3hop1__145194_160545_62931_19","[""Bang Bon District"", ""Siddhi Savetsila"", ""The Beach (film)""]","[5, 9, 19]",3
3hop2__326964_851134_7713,How long had Pfrang Association's headquarters location been the capitol city of Yaxing Coach's headquarters location?,about 400 years,[],1,"musique_3hop2__326964_851134_7713_11,musique_3hop2__326964_851134_7713_14,musique_3hop2__326964_851134_7713_18","[""Nanjing"", ""Pfrang Association"", ""Yaxing Coach""]","[11, 14, 18]",3
3hop2__573858_613770_7713,How long had China Sunergy's headquarters location been the capitol city of the area where Guangling District was located?,about 400 years,[],1,"musique_3hop2__573858_613770_7713_2,musique_3hop2__573858_613770_7713_3,musique_3hop2__573858_613770_7713_15","[""China Sunergy"", ""Nanjing"", ""Guangling District""]","[2, 3, 15]",3
3hop1__465684_160545_62931,Where in the country where Bodindecha was born was The Beach filmed?,island Koh Phi Phi,[],1,"musique_3hop1__465684_160545_62931_6,musique_3hop1__465684_160545_62931_13,musique_3hop1__465684_160545_62931_14","[""Bodindecha"", ""Bang Bon District"", ""The Beach (film)""]","[6, 13, 14]",3
3hop1__462960_160545_60577,Where did they film The Beach in the country where Pao Sarasin was born?,Ko Phi Phi Leh,"[""Ko Phi Phi Le""]",1,"musique_3hop1__462960_160545_60577_1,musique_3hop1__462960_160545_60577_13,musique_3hop1__462960_160545_60577_14","[""The Beach (film)"", ""Bang Bon District"", ""Pao Sarasin""]","[1, 13, 14]",3
3hop1__462960_160545_62931,Where was the film The Beach filmed in the country where Pao Sarasin was born?,island Koh Phi Phi,[],1,"musique_3hop1__462960_160545_62931_5,musique_3hop1__462960_160545_62931_14,musique_3hop1__462960_160545_62931_16","[""The Beach (film)"", ""Pao Sarasin"", ""Bang Bon District""]","[5, 14, 16]",3
3hop2__326964_573858_7713,How long had China Sunergy's headquarters location been the capitol city of Yaxing Coach's headquarters location?,about 400 years,[],1,"musique_3hop2__326964_573858_7713_12,musique_3hop2__326964_573858_7713_16,musique_3hop2__326964_573858_7713_17","[""Yaxing Coach"", ""China Sunergy"", ""Nanjing""]","[12, 16, 17]",3
3hop1__446612_160545_60577,Where did they film The Beach in the country where Ercole Manfredi died?,Ko Phi Phi Leh,"[""Ko Phi Phi Le""]",1,"musique_3hop1__446612_160545_60577_0,musique_3hop1__446612_160545_60577_14,musique_3hop1__446612_160545_60577_16","[""Bang Bon District"", ""Ercole Manfredi"", ""The Beach (film)""]","[0, 14, 16]",3
3hop1__462960_160545_34751,What year did the country where Pao Sarasin was born form an alliance with Japan?,1941,[],1,"musique_3hop1__462960_160545_34751_0,musique_3hop1__462960_160545_34751_4,musique_3hop1__462960_160545_34751_16","[""Pacific War"", ""Pao Sarasin"", ""Bang Bon District""]","[0, 4, 16]",3
3hop1__145194_160545_34751,What year did the country where Siddhi Savetsila was born form an alliance with Japan?,1941,[],1,"musique_3hop1__145194_160545_34751_3,musique_3hop1__145194_160545_34751_10,musique_3hop1__145194_160545_34751_14","[""Bang Bon District"", ""Siddhi Savetsila"", ""Pacific War""]","[3, 10, 14]",3
3hop2__326964_320101_7713,How long had the place of birth of Noel Lee been the capital city of where Yaxing Coah headquarters is located?,about 400 years,[],1,"musique_3hop2__326964_320101_7713_9,musique_3hop2__326964_320101_7713_17,musique_3hop2__326964_320101_7713_18","[""No\u00ebl Lee"", ""Nanjing"", ""Yaxing Coach""]","[9, 17, 18]",3
3hop1__841091_339990_54675,What mountain can you see from Portland in the state where Knob Mountain is located?,Tualatin Mountains,[],1,"musique_3hop1__841091_339990_54675_16,musique_3hop1__841091_339990_54675_17,musique_3hop1__841091_339990_54675_18","[""Portland, Oregon"", ""Knob Mountain (Pennsylvania)"", ""Socialist Party of Oregon (Columbia County, Oregon)""]","[16, 17, 18]",3
3hop1__818422_160545_34751,What year did the country where the place of birth of Beatrice Heuser is located form an alliance with Japan?,1941,[],1,"musique_3hop1__818422_160545_34751_5,musique_3hop1__818422_160545_34751_8,musique_3hop1__818422_160545_34751_11","[""Bang Bon District"", ""Beatrice Heuser"", ""Pacific War""]","[5, 8, 11]",3
3hop1__446612_160545_34751,What year did the country where Ercole Manfredi was born form an alliance with Japan?,1941,[],1,"musique_3hop1__446612_160545_34751_4,musique_3hop1__446612_160545_34751_6,musique_3hop1__446612_160545_34751_19","[""Pacific War"", ""Bang Bon District"", ""Ercole Manfredi""]","[4, 6, 19]",3
3hop1__465684_160545_34751,What year did the country that includes the birth city of Bodindecha form an alliance with Japan?,1941,[],1,"musique_3hop1__465684_160545_34751_1,musique_3hop1__465684_160545_34751_3,musique_3hop1__465684_160545_34751_4","[""Bodindecha"", ""Bang Bon District"", ""Pacific War""]","[1, 3, 4]",3
3hop1__818422_160545_34754,What does the U.S. believe caused the country Beatrice Heuser was born to help Japan?,blackmail,"[""Blackmail""]",1,"musique_3hop1__818422_160545_34754_0,musique_3hop1__818422_160545_34754_10,musique_3hop1__818422_160545_34754_13","[""Pacific War"", ""Bang Bon District"", ""Beatrice Heuser""]","[0, 10, 13]",3
3hop1__847684_339990_54675,"What mountains can you see from Portland, in the state containing the county where Lorenz Park is located?",Tualatin Mountains,[],1,"musique_3hop1__847684_339990_54675_0,musique_3hop1__847684_339990_54675_1,musique_3hop1__847684_339990_54675_7","[""Portland, Oregon"", ""Lorenz Park, New York"", ""Socialist Party of Oregon (Columbia County, Oregon)""]","[0, 1, 7]",3
3hop1__145194_160545_34754,What does the US believe caused this country where Siddhi Savetsila was born in to help Japan?,blackmail,"[""Blackmail""]",1,"musique_3hop1__145194_160545_34754_1,musique_3hop1__145194_160545_34754_2,musique_3hop1__145194_160545_34754_5","[""Pacific War"", ""Bang Bon District"", ""Siddhi Savetsila""]","[1, 2, 5]",3
3hop1__446612_160545_34754,What does the US believe caused the country where Ercole Manfredi died to help Japan?,blackmail,"[""Blackmail""]",1,"musique_3hop1__446612_160545_34754_3,musique_3hop1__446612_160545_34754_13,musique_3hop1__446612_160545_34754_17","[""Ercole Manfredi"", ""Bang Bon District"", ""Pacific War""]","[3, 13, 17]",3
3hop1__465684_160545_34754,What does the US believe caused the country where Bodindecha was born to help Japan?,blackmail,"[""Blackmail""]",1,"musique_3hop1__465684_160545_34754_0,musique_3hop1__465684_160545_34754_1,musique_3hop1__465684_160545_34754_3","[""Pacific War"", ""Bodindecha"", ""Bang Bon District""]","[0, 1, 3]",3
3hop1__491648_339990_54675,"What mountains can you see from Portland, in the state containing the county where Cole's creek is located?",Tualatin Mountains,[],1,"musique_3hop1__491648_339990_54675_5,musique_3hop1__491648_339990_54675_9,musique_3hop1__491648_339990_54675_10","[""Portland, Oregon"", ""Coles Creek (Pennsylvania)"", ""Socialist Party of Oregon (Columbia County, Oregon)""]","[5, 9, 10]",3
3hop1__462960_160545_34754,What does the US believe caused the country of the birthplace of Pao Sarasin to help Japan?,blackmail,"[""Blackmail""]",1,"musique_3hop1__462960_160545_34754_2,musique_3hop1__462960_160545_34754_3,musique_3hop1__462960_160545_34754_14","[""Pacific War"", ""Bang Bon District"", ""Pao Sarasin""]","[2, 3, 14]",3
3hop2__65854_88342_58657,Who did the team the Detroit Tigers beat in 1935 to win their first world series beat in the event before the MLB MVP award was given out last year?,Cleveland Indians,"[""Indians""]",1,"musique_3hop2__65854_88342_58657_0,musique_3hop2__65854_88342_58657_9,musique_3hop2__65854_88342_58657_11","[""1935 Detroit Tigers season"", ""Major League Baseball Most Valuable Player Award"", ""2016 World Series""]","[0, 9, 11]",3
3hop1__586087_339990_54675,"What mountains can you see from Portland, in the state with the county where McCauley Mountain is located?",Tualatin Mountains,[],1,"musique_3hop1__586087_339990_54675_9,musique_3hop1__586087_339990_54675_10,musique_3hop1__586087_339990_54675_15","[""McCauley Mountain (Pennsylvania)"", ""Socialist Party of Oregon (Columbia County, Oregon)"", ""Portland, Oregon""]","[9, 10, 15]",3
3hop1__358853_339990_54675,"What mountain can you see from Portland, in the state that Raven Creek is located in?",Tualatin Mountains,[],1,"musique_3hop1__358853_339990_54675_0,musique_3hop1__358853_339990_54675_3,musique_3hop1__358853_339990_54675_7","[""Socialist Party of Oregon (Columbia County, Oregon)"", ""Portland, Oregon"", ""Raven Creek""]","[0, 3, 7]",3
3hop2__127483_76623_10557,What was the language Auctor comes from during the era of the king who was crowned emperor of the west in 800 CE?,Medieval Latin,[],1,"musique_3hop2__127483_76623_10557_8,musique_3hop2__127483_76623_10557_10,musique_3hop2__127483_76623_10557_18","[""Charlemagne"", ""Auctor"", ""Middle Ages""]","[8, 10, 18]",3
3hop1__662618_339990_54675,What mountain can you see from Portland in the state where Fishing Creek Confederacy is located?,Tualatin Mountains,[],1,"musique_3hop1__662618_339990_54675_0,musique_3hop1__662618_339990_54675_12,musique_3hop1__662618_339990_54675_16","[""Portland, Oregon"", ""Socialist Party of Oregon (Columbia County, Oregon)"", ""Fishing Creek Confederacy""]","[0, 12, 16]",3
3hop2__127483_84553_10557,What was the language of Auctor of who built a european empire and was crowned emperor of the romans in 800 era later known as?,Medieval Latin,[],1,"musique_3hop2__127483_84553_10557_1,musique_3hop2__127483_84553_10557_6,musique_3hop2__127483_84553_10557_14","[""Middle Ages"", ""Charlemagne"", ""Auctor""]","[1, 6, 14]",3
3hop1__604991_339990_54675,What mountain can you see from Portland in the state where Frozen Run's county is located?,Tualatin Mountains,[],1,"musique_3hop1__604991_339990_54675_7,musique_3hop1__604991_339990_54675_17,musique_3hop1__604991_339990_54675_19","[""Socialist Party of Oregon (Columbia County, Oregon)"", ""Portland, Oregon"", ""Frozen Run""]","[7, 17, 19]",3
3hop1__527372_339990_54675,"What mountains can you see from Portland, in the state with the county that contains Fester Hollow?",Tualatin Mountains,[],1,"musique_3hop1__527372_339990_54675_10,musique_3hop1__527372_339990_54675_12,musique_3hop1__527372_339990_54675_18","[""Portland, Oregon"", ""Fester Hollow"", ""Socialist Party of Oregon (Columbia County, Oregon)""]","[10, 12, 18]",3
3hop2__127483_91678_10557,What was the language Auctor comes from during the era of the man crowned first Holy Roman Emperor later known as?,Medieval Latin,[],1,"musique_3hop2__127483_91678_10557_8,musique_3hop2__127483_91678_10557_11,musique_3hop2__127483_91678_10557_12","[""Holy Roman Emperor"", ""Auctor"", ""Middle Ages""]","[8, 11, 12]",3
3hop1__358853_339990_15538,"When did the state, that contains the county where Raven Creek is located, reinstate the death penalty?",1984,[],1,"musique_3hop1__358853_339990_15538_10,musique_3hop1__358853_339990_15538_14,musique_3hop1__358853_339990_15538_16","[""Raven Creek"", ""Capital punishment in the United States"", ""Socialist Party of Oregon (Columbia County, Oregon)""]","[10, 14, 16]",3
3hop2__127483_125104_10557,What was the language Auctor comes from during the era of Rotrude's father later known as?,Medieval Latin,[],1,"musique_3hop2__127483_125104_10557_3,musique_3hop2__127483_125104_10557_10,musique_3hop2__127483_125104_10557_16","[""Auctor"", ""Rotrude"", ""Middle Ages""]","[3, 10, 16]",3
3hop1__637555_339990_15538,When did the state where Copake Lake is located reinstate the death penalty?,1984,[],1,"musique_3hop1__637555_339990_15538_3,musique_3hop1__637555_339990_15538_14,musique_3hop1__637555_339990_15538_15","[""Capital punishment in the United States"", ""Copake Lake, New York"", ""Socialist Party of Oregon (Columbia County, Oregon)""]","[3, 14, 15]",3
3hop2__127483_79978_10557,"What was the form of the language that the last name Sylvester comes from, used in the era of the man crowned Roman Emperor in AD 800, later known as?",Medieval Latin,[],1,"musique_3hop2__127483_79978_10557_8,musique_3hop2__127483_79978_10557_9,musique_3hop2__127483_79978_10557_17","[""Middle Ages"", ""Auctor"", ""Charlemagne""]","[8, 9, 17]",3
3hop1__573244_339990_15538,When did the state where Kashinka Hollow is located in reinstate the death penalty?,1984,[],1,"musique_3hop1__573244_339990_15538_6,musique_3hop1__573244_339990_15538_7,musique_3hop1__573244_339990_15538_10","[""Capital punishment in the United States"", ""Socialist Party of Oregon (Columbia County, Oregon)"", ""Kashinka Hollow""]","[6, 7, 10]",3
3hop2__125104_127483_10557,What was the language Auctor comes from during the era of Rotrude's father later known as?,Medieval Latin,[],1,"musique_3hop2__125104_127483_10557_8,musique_3hop2__125104_127483_10557_11,musique_3hop2__125104_127483_10557_16","[""Rotrude"", ""Middle Ages"", ""Auctor""]","[8, 11, 16]",3
3hop2__127483_60649_10557,"What was the form of the language Auctor is in, used in the era of the Frankish king who created the Holy Roman Empire, later known as?",Medieval Latin,[],1,"musique_3hop2__127483_60649_10557_1,musique_3hop2__127483_60649_10557_7,musique_3hop2__127483_60649_10557_14","[""Holy Roman Empire"", ""Auctor"", ""Middle Ages""]","[1, 7, 14]",3
3hop2__127483_156850_10557,What was the language Auctor comes from during the era of Fastrada's spouse later known as?,Medieval Latin,[],1,"musique_3hop2__127483_156850_10557_2,musique_3hop2__127483_156850_10557_13,musique_3hop2__127483_156850_10557_18","[""Auctor"", ""Middle Ages"", ""Fastrada""]","[2, 13, 18]",3
3hop1__491648_339990_15538,When did the state where Coles Creek is located reinstate the death penalty?,1984,[],1,"musique_3hop1__491648_339990_15538_0,musique_3hop1__491648_339990_15538_6,musique_3hop1__491648_339990_15538_12","[""Socialist Party of Oregon (Columbia County, Oregon)"", ""Coles Creek (Pennsylvania)"", ""Capital punishment in the United States""]","[0, 6, 12]",3
3hop1__604991_339990_15538,When did the state that Frozen Run is located in reinstate the death penalty?,1984,[],1,"musique_3hop1__604991_339990_15538_2,musique_3hop1__604991_339990_15538_4,musique_3hop1__604991_339990_15538_13","[""Socialist Party of Oregon (Columbia County, Oregon)"", ""Frozen Run"", ""Capital punishment in the United States""]","[2, 4, 13]",3
3hop2__127483_19639_10557,What was the language Auctor comes from during the era of the king who united the tribes in the 9th century later known as?,Medieval Latin,[],1,"musique_3hop2__127483_19639_10557_0,musique_3hop2__127483_19639_10557_11,musique_3hop2__127483_19639_10557_13","[""Auctor"", ""Middle Ages"", ""Germans""]","[0, 11, 13]",3
3hop2__57186_89048_66294,who played who sang is she really going out with him in the who sang she's out of my life movie?,Lawrence Hilton - Jacobs,[],1,"musique_3hop2__57186_89048_66294_5,musique_3hop2__57186_89048_66294_7,musique_3hop2__57186_89048_66294_11","[""The Jacksons: An American Dream"", ""She's Out of My Life"", ""Is She Really Going Out with Him?""]","[5, 7, 11]",3
3hop1__847420_720378_15538,"When did the state, that contains the county where Elmo is found, reinstate the death penalty?",1984,[],1,"musique_3hop1__847420_720378_15538_1,musique_3hop1__847420_720378_15538_6,musique_3hop1__847420_720378_15538_9","[""Lake County, Oregon"", ""Elmo, Montana"", ""Capital punishment in the United States""]","[1, 6, 9]",3
3hop1__483634_720378_15538,When was the death penalty reinstated in the state that contains the county where Howard Mill is located?,1984,[],1,"musique_3hop1__483634_720378_15538_0,musique_3hop1__483634_720378_15538_2,musique_3hop1__483634_720378_15538_5","[""Capital punishment in the United States"", ""Howard Mill, California"", ""Lake County, Oregon""]","[0, 2, 5]",3
3hop2__368986_89048_66294,Who played who sang is she really going out with him in the performer of Anthology movie?,Lawrence Hilton - Jacobs,[],1,"musique_3hop2__368986_89048_66294_5,musique_3hop2__368986_89048_66294_9,musique_3hop2__368986_89048_66294_13","[""The Jacksons: An American Dream"", ""Anthology (Michael Jackson album)"", ""Is She Really Going Out with Him?""]","[5, 9, 13]",3
3hop2__209741_89048_66294,"Who played the man named identically to the the artist who sang Is She Really Going Out With Him, in the movie about the composer of Will You Be There?",Lawrence Hilton - Jacobs,[],1,"musique_3hop2__209741_89048_66294_6,musique_3hop2__209741_89048_66294_12,musique_3hop2__209741_89048_66294_18","[""Will You Be There"", ""The Jacksons: An American Dream"", ""Is She Really Going Out with Him?""]","[6, 12, 18]",3
3hop2__809962_89048_66294,Who played the man named identically to the singer of Is She Really Going Out With Him in the movie about the composer of Speechless?,Lawrence Hilton - Jacobs,[],1,"musique_3hop2__809962_89048_66294_0,musique_3hop2__809962_89048_66294_4,musique_3hop2__809962_89048_66294_6","[""The Jacksons: An American Dream"", ""Speechless (Michael Jackson song)"", ""Is She Really Going Out with Him?""]","[0, 4, 6]",3
3hop2__89048_809962_66294,Who played who sang is she really going out with him in the composer of speechless movie?,Lawrence Hilton - Jacobs,[],1,"musique_3hop2__89048_809962_66294_2,musique_3hop2__89048_809962_66294_8,musique_3hop2__89048_809962_66294_9","[""The Jacksons: An American Dream"", ""Is She Really Going Out with Him?"", ""Speechless (Michael Jackson song)""]","[2, 8, 9]",3
3hop2__89048_860687_66294,Who played who sang is she really going out with him in the performer of The One movie?,Lawrence Hilton - Jacobs,[],1,"musique_3hop2__89048_860687_66294_1,musique_3hop2__89048_860687_66294_3,musique_3hop2__89048_860687_66294_10","[""The One (video)"", ""The Jacksons: An American Dream"", ""Is She Really Going Out with Him?""]","[1, 3, 10]",3
3hop2__230_89048_66294,Who played the singer of is She Really Going Out With Him in the movie based on the artist whose concert was the first Beyonce attended?,Lawrence Hilton - Jacobs,[],1,"musique_3hop2__230_89048_66294_1,musique_3hop2__230_89048_66294_13,musique_3hop2__230_89048_66294_19","[""The Jacksons: An American Dream"", ""Is She Really Going Out with Him?"", ""Beyonc\u00e9""]","[1, 13, 19]",3
3hop1__67704_237521_291682,Who is the wife of the man who produced the documentary of the pop star who sings I Want to Rock With You?,Liza Minnelli,[],1,"musique_3hop1__67704_237521_291682_9,musique_3hop1__67704_237521_291682_10,musique_3hop1__67704_237521_291682_16","[""Liza and David"", ""Rock with You"", ""Michael Jackson: The Life of an Icon""]","[9, 10, 16]",3
3hop1__57186_237521_291682,Who's married to the man who produced a documentary about the singer of She's Out of My Life?,Liza Minnelli,[],1,"musique_3hop1__57186_237521_291682_3,musique_3hop1__57186_237521_291682_7,musique_3hop1__57186_237521_291682_15","[""Liza and David"", ""She's Out of My Life"", ""Michael Jackson: The Life of an Icon""]","[3, 7, 15]",3
3hop2__89048_228_66294,Who played who sang is she really going out with him in the who influenced Beyonce movie?,Lawrence Hilton - Jacobs,[],1,"musique_3hop2__89048_228_66294_0,musique_3hop2__89048_228_66294_3,musique_3hop2__89048_228_66294_10","[""Beyonc\u00e9"", ""Is She Really Going Out with Him?"", ""The Jacksons: An American Dream""]","[0, 3, 10]",3
3hop1__228_237521_291682,Who is the wife of the man who produced the documentary of the pop star who influenced Beyonce?,Liza Minnelli,[],1,"musique_3hop1__228_237521_291682_4,musique_3hop1__228_237521_291682_11,musique_3hop1__228_237521_291682_12","[""Michael Jackson: The Life of an Icon"", ""Beyonc\u00e9"", ""Liza and David""]","[4, 11, 12]",3
3hop1__426806_42197_18397,Where did who argued that the country of citizenship of Victor Denisov had itself beome an imperialist power declare that he would intervene in the Korean conflict?,the Politburo,"[""Politburo""]",1,"musique_3hop1__426806_42197_18397_4,musique_3hop1__426806_42197_18397_10,musique_3hop1__426806_42197_18397_15","[""Victor Denisov"", ""Korean War"", ""Imperialism""]","[4, 10, 15]",3
3hop1__559908_42197_18397,Yagutil Mishiev is a citizen of a country that someone had argued had become an imperialist power. Where did this someone declare that he would intervene in the Korean conflict?,the Politburo,"[""Politburo""]",1,"musique_3hop1__559908_42197_18397_4,musique_3hop1__559908_42197_18397_12,musique_3hop1__559908_42197_18397_19","[""Yagutil Mishiev"", ""Imperialism"", ""Korean War""]","[4, 12, 19]",3
3hop1__169494_42197_18397,Where did the arguer that Dmitry Okhotsimsky's country of citizenship had become an imperialist power declare he would intervene in the Korean conflict?,the Politburo,"[""Politburo""]",1,"musique_3hop1__169494_42197_18397_0,musique_3hop1__169494_42197_18397_2,musique_3hop1__169494_42197_18397_7","[""Dmitry Okhotsimsky"", ""Korean War"", ""Imperialism""]","[0, 2, 7]",3
3hop1__512574_42197_18397,Where did the arguer that Oleg Lomakin's country of citizenship had become an imperialist power declare he would intervene in the Korean conflict?,the Politburo,"[""Politburo""]",1,"musique_3hop1__512574_42197_18397_1,musique_3hop1__512574_42197_18397_14,musique_3hop1__512574_42197_18397_19","[""Oleg Lomakin"", ""Korean War"", ""Imperialism""]","[1, 14, 19]",3
3hop1__194006_42197_18397,Where did who argued that the country of citizenship of Yuri Kleschev had itself become an imperialist power declare that he would intervene in the Korean conflict?,the Politburo,"[""Politburo""]",1,"musique_3hop1__194006_42197_18397_4,musique_3hop1__194006_42197_18397_14,musique_3hop1__194006_42197_18397_19","[""Imperialism"", ""Yuri Kleschev"", ""Korean War""]","[4, 14, 19]",3
3hop1__6379_42197_18397,Where did the arguer that the country to send the first woman to space had become an imperialist power declare he would intervene in the Korean conflict?,the Politburo,"[""Politburo""]",1,"musique_3hop1__6379_42197_18397_2,musique_3hop1__6379_42197_18397_10,musique_3hop1__6379_42197_18397_18","[""Imperialism"", ""Korean War"", ""Space Race""]","[2, 10, 18]",3
3hop1__33845_42197_18397,Where did the arguer that the country Directive 10/2 called for actions against had become an imperialist power declare he would intervene in the Korean conflict?,the Politburo,"[""Politburo""]",1,"musique_3hop1__33845_42197_18397_4,musique_3hop1__33845_42197_18397_17,musique_3hop1__33845_42197_18397_18","[""Korean War"", ""Imperialism"", ""Central Intelligence Agency""]","[4, 17, 18]",3
3hop1__622145_42197_18397,Where did the arguer that Boris Lagutin's country of citizenship had become an imperialist power declare he would intervene in the Korean conflict?,the Politburo,"[""Politburo""]",1,"musique_3hop1__622145_42197_18397_0,musique_3hop1__622145_42197_18397_13,musique_3hop1__622145_42197_18397_18","[""Imperialism"", ""Boris Lagutin"", ""Korean War""]","[0, 13, 18]",3
3hop1__765388_42197_18397,Where did the arguer that Vadim Spiridonov's country of citizenship had become an imperialist power declare he would intervene in the Korean conflict?,the Politburo,"[""Politburo""]",1,"musique_3hop1__765388_42197_18397_5,musique_3hop1__765388_42197_18397_16,musique_3hop1__765388_42197_18397_18","[""Imperialism"", ""Vadim Spiridonov"", ""Korean War""]","[5, 16, 18]",3
3hop1__28527_42197_18397,Where did the arguer that the country in control of Estonia before the Germans had become an imperialist power declare he would intervene in the Korean conflict?,the Politburo,"[""Politburo""]",1,"musique_3hop1__28527_42197_18397_5,musique_3hop1__28527_42197_18397_6,musique_3hop1__28527_42197_18397_12","[""Estonia"", ""Korean War"", ""Imperialism""]","[5, 6, 12]",3
3hop1__624901_42197_18397,Where did who argued the country of citizenship of Maya Kopitseva had itself become an imperialist power declare that he would intervene in the Korean conflict?,the Politburo,"[""Politburo""]",1,"musique_3hop1__624901_42197_18397_7,musique_3hop1__624901_42197_18397_9,musique_3hop1__624901_42197_18397_16","[""Maya Kopitseva"", ""Imperialism"", ""Korean War""]","[7, 9, 16]",3
3hop1__278222_42197_18397,"Where did the leader who argued that the country of citizenship of Vladimir Lefebvre had become imperialist, declare that he would intervene in the Korean conflict?",the Politburo,"[""Politburo""]",1,"musique_3hop1__278222_42197_18397_1,musique_3hop1__278222_42197_18397_12,musique_3hop1__278222_42197_18397_14","[""Korean War"", ""Vladimir Lefebvre"", ""Imperialism""]","[1, 12, 14]",3
3hop1__759384_42197_18397,Where did the person who argued that the country that Mark Fradkin is a citizen of had become an imperialist power declare he would intervene in the Korean conflict?,the Politburo,"[""Politburo""]",1,"musique_3hop1__759384_42197_18397_1,musique_3hop1__759384_42197_18397_6,musique_3hop1__759384_42197_18397_12","[""Mark Fradkin"", ""Korean War"", ""Imperialism""]","[1, 6, 12]",3
3hop1__773338_42197_18397,Where did the arguer that Yuri Bogatyryov's country of citizenship had become an imperialist power declare he would intervene in the Korean conflict?,the Politburo,"[""Politburo""]",1,"musique_3hop1__773338_42197_18397_0,musique_3hop1__773338_42197_18397_8,musique_3hop1__773338_42197_18397_19","[""Korean War"", ""Imperialism"", ""Yuri Bogatyryov""]","[0, 8, 19]",3
3hop1__415141_42197_18397,"Where did the leader who argued that the country of citizenship of Vladimir Ageev had become an imperialist power, declare that he would intervene in the Korean conflict?",the Politburo,"[""Politburo""]",1,"musique_3hop1__415141_42197_18397_0,musique_3hop1__415141_42197_18397_4,musique_3hop1__415141_42197_18397_16","[""Imperialism"", ""Vladimir Ageyev"", ""Korean War""]","[0, 4, 16]",3
3hop1__241085_42197_18397,Where did the arguer that Yekaterina Fesenko's country of citizenship had become an imperialist power declare he would intervene in the Korean conflict?,the Politburo,"[""Politburo""]",1,"musique_3hop1__241085_42197_18397_2,musique_3hop1__241085_42197_18397_6,musique_3hop1__241085_42197_18397_12","[""Imperialism"", ""Yekaterina Fesenko"", ""Korean War""]","[2, 6, 12]",3
3hop1__641921_42197_18397,Where did the arguer that Nadezhda Tkachenko's country of citizenship had become an imperialist power declare he would intervene in the Korean conflict?,the Politburo,"[""Politburo""]",1,"musique_3hop1__641921_42197_18397_1,musique_3hop1__641921_42197_18397_5,musique_3hop1__641921_42197_18397_19","[""Olga Kuragina"", ""Korean War"", ""Imperialism""]","[1, 5, 19]",3
3hop1__24980_42197_18397,"Where did the leader, who claimed that the republic that was coming to an end had become an imperialist power, declare that he would intervene in the Korean conflict?",the Politburo,"[""Politburo""]",1,"musique_3hop1__24980_42197_18397_2,musique_3hop1__24980_42197_18397_7,musique_3hop1__24980_42197_18397_17","[""Imperialism"", ""Korean War"", ""Dissolution of the Soviet Union""]","[2, 7, 17]",3
3hop1__564628_42197_18397,Where did the person who argued that the country where Autograph formed had become an imperialist power declare he would intervene in the Korean conflict?,the Politburo,"[""Politburo""]",1,"musique_3hop1__564628_42197_18397_0,musique_3hop1__564628_42197_18397_14,musique_3hop1__564628_42197_18397_18","[""Autograph (Russian band)"", ""Korean War"", ""Imperialism""]","[0, 14, 18]",3
3hop1__243276_42197_18397,Where did the arguer that Norair Sisakian's country of citizenship had itself become an imperialist power declare he would intervene in the Korean conflict?,the Politburo,"[""Politburo""]",1,"musique_3hop1__243276_42197_18397_5,musique_3hop1__243276_42197_18397_8,musique_3hop1__243276_42197_18397_13","[""Korean War"", ""Norair Sisakian"", ""Imperialism""]","[5, 8, 13]",3
3hop1__313670_42197_18397,Another world leader said that Vladimir Rapoport's country was imperialist. Where did that leader announce that he would intervene in the Korean conflict?,the Politburo,"[""Politburo""]",1,"musique_3hop1__313670_42197_18397_1,musique_3hop1__313670_42197_18397_7,musique_3hop1__313670_42197_18397_18","[""Korean War"", ""Imperialism"", ""Vladimir Rapoport""]","[1, 7, 18]",3
3hop1__662413_42197_18397,Where did the arguer that Kirill Eskov's country of citizenship had become an imperialist power declare he would intervene in the Korean conflict?,the Politburo,"[""Politburo""]",1,"musique_3hop1__662413_42197_18397_3,musique_3hop1__662413_42197_18397_14,musique_3hop1__662413_42197_18397_15","[""Kirill Eskov"", ""Korean War"", ""Imperialism""]","[3, 14, 15]",3
3hop1__351696_42197_18397,Where did the person who argued that the country where Ural Oblast is located had become an imperialist power declare he would intervene in the Korean conflict?,the Politburo,"[""Politburo""]",1,"musique_3hop1__351696_42197_18397_6,musique_3hop1__351696_42197_18397_10,musique_3hop1__351696_42197_18397_19","[""Korean War"", ""Imperialism"", ""Ural Oblast""]","[6, 10, 19]",3
3hop1__373866_5189_63702,When did the U.S. and the country in effective control of political and military functions of the group the People's Socialist Republic of Albania was a member of become allies?,June 1941,[],1,"musique_3hop1__373866_5189_63702_12,musique_3hop1__373866_5189_63702_13,musique_3hop1__373866_5189_63702_14","[""Allies of World War II"", ""Warsaw Pact"", ""Hero of Socialist Labour (Albania)""]","[12, 13, 14]",3
3hop1__857_846_7877,Who many major sports centers are located in where the Yongle Emporer did great who the edict was addressed to?,two,[],1,"musique_3hop1__857_846_7877_8,musique_3hop1__857_846_7877_9,musique_3hop1__857_846_7877_17","[""Sino-Tibetan relations during the Ming dynasty"", ""Nanjing"", ""Sino-Tibetan relations during the Ming dynasty""]","[8, 9, 17]",3
3hop1__46571_87694_64412,When did the city that contains the basilica named after the saint who is holding a knife in the last supper become a country?,11 February 1929,[],1,"musique_3hop1__46571_87694_64412_15,musique_3hop1__46571_87694_64412_16,musique_3hop1__46571_87694_64412_19","[""St. Peter's Basilica"", ""Vatican City"", ""The Last Supper (Leonardo)""]","[15, 16, 19]",3
3hop1__136016_87694_124169,On what date did Governor of the location where the basilica named after the same saint as Leeds Minster and the head of the catholic religion end?,1952,[],1,"musique_3hop1__136016_87694_124169_5,musique_3hop1__136016_87694_124169_10,musique_3hop1__136016_87694_124169_18","[""Leeds Minster"", ""St. Peter's Basilica"", ""Governor of Vatican City""]","[5, 10, 18]",3
3hop1__539312_744503_34754,"What does the U.S. believe caused the country where the birthplace of Yaovabha Bongsanid is located, to help Japan?",blackmail,"[""Blackmail""]",1,"musique_3hop1__539312_744503_34754_10,musique_3hop1__539312_744503_34754_13,musique_3hop1__539312_744503_34754_14","[""Grand Palace"", ""Yaovabha Bongsanid"", ""Pacific War""]","[10, 13, 14]",3
3hop1__135659_87694_64412,When did the place where St for whom the Mantua Cathedral was named for basilica the head of the catholic religion is located in become its own country?,11 February 1929,[],1,"musique_3hop1__135659_87694_64412_0,musique_3hop1__135659_87694_64412_18,musique_3hop1__135659_87694_64412_19","[""St. Peter's Basilica"", ""Mantua Cathedral"", ""Vatican City""]","[0, 18, 19]",3
3hop1__365934_87694_124169,What date did the Governor of the city where the basilica named after the same saint as the one that Mantua Cathedral is dedicated to end?,1952,[],1,"musique_3hop1__365934_87694_124169_13,musique_3hop1__365934_87694_124169_14,musique_3hop1__365934_87694_124169_16","[""St. Peter's Basilica"", ""Mantua Cathedral"", ""Governor of Vatican City""]","[13, 14, 16]",3
3hop1__603558_87694_124169,"When was the end of the governorship where the head of Catholicism is, along with the basilica named after the saint who San Pietro in Ciel d'Oro is named for?",1952,[],1,"musique_3hop1__603558_87694_124169_12,musique_3hop1__603558_87694_124169_17,musique_3hop1__603558_87694_124169_19","[""St. Peter's Basilica"", ""Governor of Vatican City"", ""San Pietro in Ciel d'Oro""]","[12, 17, 19]",3
3hop1__64957_87694_64412,When did the city that contains the basilica named after the saint who is holding a knife in the last supper become a country?,11 February 1929,[],1,"musique_3hop1__64957_87694_64412_7,musique_3hop1__64957_87694_64412_9,musique_3hop1__64957_87694_64412_10","[""The Last Supper (Leonardo)"", ""Vatican City"", ""St. Peter's Basilica""]","[7, 9, 10]",3
3hop1__136129_87694_64412,When did the place where the head of the catholic region named after the same saint as the Dakovo Cathedral become its own country?,11 February 1929,[],1,"musique_3hop1__136129_87694_64412_0,musique_3hop1__136129_87694_64412_1,musique_3hop1__136129_87694_64412_12","[""St. Peter's Basilica"", ""\u0110akovo Cathedral"", ""Vatican City""]","[0, 1, 12]",3
3hop1__773623_87694_124169,On what date did Governor of the location of the Basilica named after the same saint as Đakovo Cathedral and the head of the catholic religion end?,1952,[],1,"musique_3hop1__773623_87694_124169_5,musique_3hop1__773623_87694_124169_6,musique_3hop1__773623_87694_124169_18","[""Governor of Vatican City"", ""St. Peter's Basilica"", ""\u0110akovo Cathedral""]","[5, 6, 18]",3
3hop1__136083_87694_124169,What was the last year of the Governor post for the city which contains the basilica which is named after the saint who also has the Schleswig Cathedral dedicated to him?,1952,[],1,"musique_3hop1__136083_87694_124169_3,musique_3hop1__136083_87694_124169_11,musique_3hop1__136083_87694_124169_17","[""Schleswig Cathedral"", ""St. Peter's Basilica"", ""Governor of Vatican City""]","[3, 11, 17]",3
3hop1__135793_87694_64412,When did the location of the basilica named after the same saint at San Pietro in Ciel d'Oro become its own country?,11 February 1929,[],1,"musique_3hop1__135793_87694_64412_2,musique_3hop1__135793_87694_64412_4,musique_3hop1__135793_87694_64412_17","[""Vatican City"", ""St. Peter's Basilica"", ""San Pietro in Ciel d'Oro""]","[2, 4, 17]",3
3hop1__135392_87694_64412,When did the location of the basilica which is named for the same saint that the Bremen Cathedral is named for become a country?,11 February 1929,[],1,"musique_3hop1__135392_87694_64412_10,musique_3hop1__135392_87694_64412_11,musique_3hop1__135392_87694_64412_14","[""Vatican City"", ""St. Peter's Basilica"", ""Bremen Cathedral""]","[10, 11, 14]",3
3hop1__365934_87694_64412,When did the location of the head of the catholic religion with a basilica named after the same saint as Mantua Cathedral become its own country?,11 February 1929,[],1,"musique_3hop1__365934_87694_64412_6,musique_3hop1__365934_87694_64412_8,musique_3hop1__365934_87694_64412_19","[""Mantua Cathedral"", ""Vatican City"", ""St. Peter's Basilica""]","[6, 8, 19]",3
3hop1__73796_87694_124169,When did the Governorship end of the city that contains the basilica named after the saint who was the apostle that was crucified upside down?,1952,[],1,"musique_3hop1__73796_87694_124169_1,musique_3hop1__73796_87694_124169_9,musique_3hop1__73796_87694_124169_15","[""Governor of Vatican City"", ""St. Peter's Basilica"", ""Saint Peter""]","[1, 9, 15]",3
3hop1__64957_87694_124169,"When was the position of Governor ended in the city that houses the head of Catholicism, and the basilica of the saint holding a knife in the Last Supper?",1952,[],1,"musique_3hop1__64957_87694_124169_1,musique_3hop1__64957_87694_124169_2,musique_3hop1__64957_87694_124169_17","[""Governor of Vatican City"", ""The Last Supper (Leonardo)"", ""St. Peter's Basilica""]","[1, 2, 17]",3
3hop1__135659_87694_124169,"When was the end of the Governor of the city containing the head of Catholicism, and the Basilica named for the saint who the Mantua Cathedral is also named for?",1952,[],1,"musique_3hop1__135659_87694_124169_12,musique_3hop1__135659_87694_124169_13,musique_3hop1__135659_87694_124169_15","[""Governor of Vatican City"", ""St. Peter's Basilica"", ""Mantua Cathedral""]","[12, 13, 15]",3
3hop1__135794_87694_64412,When did the city where the Basilica that is named after the same saint as the one in San Pietro in Montorio located in become a country?,11 February 1929,[],1,"musique_3hop1__135794_87694_64412_0,musique_3hop1__135794_87694_64412_2,musique_3hop1__135794_87694_64412_14","[""Vatican City"", ""San Pietro in Montorio"", ""St. Peter's Basilica""]","[0, 2, 14]",3
3hop1__136083_87694_64412,When did the location of the Basilica that is named after the same saint as the Schleswig Cathedral and the head of the catholic religion become its own country?,11 February 1929,[],1,"musique_3hop1__136083_87694_64412_0,musique_3hop1__136083_87694_64412_6,musique_3hop1__136083_87694_64412_9","[""Vatican City"", ""Schleswig Cathedral"", ""St. Peter's Basilica""]","[0, 6, 9]",3
3hop1__46571_87694_124169,When did the Governor of the city where the Basilica named after the saint holding the knife in the Last Supper is located in end?,1952,[],1,"musique_3hop1__46571_87694_124169_17,musique_3hop1__46571_87694_124169_18,musique_3hop1__46571_87694_124169_19","[""St. Peter's Basilica"", ""Governor of Vatican City"", ""The Last Supper (Leonardo)""]","[17, 18, 19]",3
3hop1__353661_629431_124169,When did the Governorship end of the city where the author of Sacerdotii Nostri Primordia died?,1952,[],1,"musique_3hop1__353661_629431_124169_1,musique_3hop1__353661_629431_124169_15,musique_3hop1__353661_629431_124169_17","[""Sacerdotii nostri primordia"", ""Canonization of Pope John XXIII and Pope John Paul II"", ""Governor of Vatican City""]","[1, 15, 17]",3
3hop1__136016_87694_64412,When did the place where the Basilica that is named after the same person as Leeds Minister located in become its own country?,11 February 1929,[],1,"musique_3hop1__136016_87694_64412_4,musique_3hop1__136016_87694_64412_5,musique_3hop1__136016_87694_64412_6","[""St. Peter's Basilica"", ""Leeds Minster"", ""Vatican City""]","[4, 5, 6]",3
3hop1__353661_629431_64412,When did the city where the author of Sacerdotii Nostri Primordia died become its own country?,11 February 1929,[],1,"musique_3hop1__353661_629431_64412_11,musique_3hop1__353661_629431_64412_13,musique_3hop1__353661_629431_64412_19","[""Sacerdotii nostri primordia"", ""Canonization of Pope John XXIII and Pope John Paul II"", ""Vatican City""]","[11, 13, 19]",3
3hop1__579562_629431_124169,What year did the Governor of the city where Pacem in Terris' author died end?,1952,[],1,"musique_3hop1__579562_629431_124169_11,musique_3hop1__579562_629431_124169_14,musique_3hop1__579562_629431_124169_15","[""Governor of Vatican City"", ""Pacem in terris"", ""Canonization of Pope John XXIII and Pope John Paul II""]","[11, 14, 15]",3
3hop1__603558_87694_64412,When did the location of the basilica that is named after the same saint as the San Pietro in Ciel d'Oro become its own country?,11 February 1929,[],1,"musique_3hop1__603558_87694_64412_3,musique_3hop1__603558_87694_64412_17,musique_3hop1__603558_87694_64412_18","[""St. Peter's Basilica"", ""Vatican City"", ""San Pietro in Ciel d'Oro""]","[3, 17, 18]",3
3hop1__73796_87694_64412,When did the location of the basilica named after the apostle crucified upside down become its own country?,11 February 1929,[],1,"musique_3hop1__73796_87694_64412_1,musique_3hop1__73796_87694_64412_11,musique_3hop1__73796_87694_64412_14","[""Vatican City"", ""Saint Peter"", ""St. Peter's Basilica""]","[1, 11, 14]",3
3hop1__136129_87694_124169,What year did the Governor of the city where the basilica named after the same saint as the one that Mantua Cathedral is dedicated to die?,1952,[],1,"musique_3hop1__136129_87694_124169_2,musique_3hop1__136129_87694_124169_9,musique_3hop1__136129_87694_124169_16","[""Governor of Vatican City"", ""St. Peter's Basilica"", ""\u0110akovo Cathedral""]","[2, 9, 16]",3
3hop1__497845_629431_64412,When did the place where the author of Princeps Pastorum died become its own country?,11 February 1929,[],1,"musique_3hop1__497845_629431_64412_4,musique_3hop1__497845_629431_64412_12,musique_3hop1__497845_629431_64412_18","[""Canonization of Pope John XXIII and Pope John Paul II"", ""Princeps pastorum"", ""Vatican City""]","[4, 12, 18]",3
3hop1__135392_87694_124169,What date did the Governor of the city where the basilica that is named after the same person as the Bremen Cathedral and the head of the catholic religion is located end?,1952,[],1,"musique_3hop1__135392_87694_124169_2,musique_3hop1__135392_87694_124169_12,musique_3hop1__135392_87694_124169_13","[""Governor of Vatican City"", ""St. Peter's Basilica"", ""Bremen Cathedral""]","[2, 12, 13]",3
3hop1__315504_629431_124169,When was the end date for the position of Governor of the place where the author of Mater et Magistra died?,1952,[],1,"musique_3hop1__315504_629431_124169_1,musique_3hop1__315504_629431_124169_4,musique_3hop1__315504_629431_124169_12","[""Mater et magistra"", ""Canonization of Pope John XXIII and Pope John Paul II"", ""Governor of Vatican City""]","[1, 4, 12]",3
3hop1__497845_629431_124169,On what date did the Governor of the place of death of Princeps Pastorum's author end?,1952,[],1,"musique_3hop1__497845_629431_124169_13,musique_3hop1__497845_629431_124169_15,musique_3hop1__497845_629431_124169_18","[""Canonization of Pope John XXIII and Pope John Paul II"", ""Princeps pastorum"", ""Governor of Vatican City""]","[13, 15, 18]",3
3hop1__404541_629431_124169,When did the Governorship end of the city where the author of Paenitentiam Agere died?,1952,[],1,"musique_3hop1__404541_629431_124169_7,musique_3hop1__404541_629431_124169_11,musique_3hop1__404541_629431_124169_12","[""Paenitentiam agere"", ""Canonization of Pope John XXIII and Pope John Paul II"", ""Governor of Vatican City""]","[7, 11, 12]",3
3hop1__579562_629431_64412,When did the city where the author of Pacem in Terris died become its own country?,11 February 1929,[],1,"musique_3hop1__579562_629431_64412_4,musique_3hop1__579562_629431_64412_13,musique_3hop1__579562_629431_64412_16","[""Vatican City"", ""Pacem in terris"", ""Canonization of Pope John XXIII and Pope John Paul II""]","[4, 13, 16]",3
3hop1__404541_629431_64412,When did the place of death of Paenitentiam Agere's author become its own country?,11 February 1929,[],1,"musique_3hop1__404541_629431_64412_4,musique_3hop1__404541_629431_64412_11,musique_3hop1__404541_629431_64412_17","[""Canonization of Pope John XXIII and Pope John Paul II"", ""Vatican City"", ""Paenitentiam agere""]","[4, 11, 17]",3
3hop1__315504_629431_64412,When did the place where Mater et Magistra's author died become its own country?,11 February 1929,[],1,"musique_3hop1__315504_629431_64412_8,musique_3hop1__315504_629431_64412_17,musique_3hop1__315504_629431_64412_18","[""Canonization of Pope John XXIII and Pope John Paul II"", ""Vatican City"", ""Mater et magistra""]","[8, 17, 18]",3
3hop1__813285_774554_64412,When did the place of death of the author of Quadragesimo Anno become its own country?,11 February 1929,[],1,"musique_3hop1__813285_774554_64412_1,musique_3hop1__813285_774554_64412_5,musique_3hop1__813285_774554_64412_8","[""Quadragesimo anno"", ""Vatican City"", ""Flag of Vatican City""]","[1, 5, 8]",3
3hop1__813285_774554_124169,What year did the post end of Governor of the city where the author of Quadragesimo Anno died?,1952,[],1,"musique_3hop1__813285_774554_124169_0,musique_3hop1__813285_774554_124169_12,musique_3hop1__813285_774554_124169_18","[""Governor of Vatican City"", ""Quadragesimo anno"", ""Flag of Vatican City""]","[0, 12, 18]",3
3hop1__516535_834494_34053,What was the wettest year in the city that shares the same county as the ghost town Allen?,1905,[],1,"musique_3hop1__516535_834494_34053_6,musique_3hop1__516535_834494_34053_11,musique_3hop1__516535_834494_34053_17","[""Tucson, Arizona"", ""Allen, Arizona"", ""Pima County Natural Resources, Parks and Recreation""]","[6, 11, 17]",3
3hop1__516535_834494_34109,"What is the PBS station in the city that shares a county with Allen, Arizona?",KUAT-TV 6,"[""KUAT-TV""]",1,"musique_3hop1__516535_834494_34109_2,musique_3hop1__516535_834494_34109_9,musique_3hop1__516535_834494_34109_11","[""Tucson, Arizona"", ""Allen, Arizona"", ""Pima County Natural Resources, Parks and Recreation""]","[2, 9, 11]",3
3hop1__639955_834494_33939,What was the 1900 population of the city located within the county that also contains Helvetia?,"7,531",[],1,"musique_3hop1__639955_834494_33939_1,musique_3hop1__639955_834494_33939_5,musique_3hop1__639955_834494_33939_17","[""Tucson, Arizona"", ""Helvetia, Arizona"", ""Pima County Natural Resources, Parks and Recreation""]","[1, 5, 17]",3
3hop1__516535_834494_34088,Where are NASCAR races held in the city in the same county as Allen?,Tucson Raceway Park,"[""Tucson, Arizona"", ""Tucson""]",1,"musique_3hop1__516535_834494_34088_2,musique_3hop1__516535_834494_34088_7,musique_3hop1__516535_834494_34088_8","[""Allen, Arizona"", ""Tucson, Arizona"", ""Pima County Natural Resources, Parks and Recreation""]","[2, 7, 8]",3
3hop1__516535_834494_33939,"In 1900, what was the population of the city in the same county as Allen?","7,531",[],1,"musique_3hop1__516535_834494_33939_2,musique_3hop1__516535_834494_33939_7,musique_3hop1__516535_834494_33939_14","[""Allen, Arizona"", ""Pima County Natural Resources, Parks and Recreation"", ""Tucson, Arizona""]","[2, 7, 14]",3
3hop1__273571_834494_33939,What was the population in 1900 of the city that shares a county with Summit?,"7,531",[],1,"musique_3hop1__273571_834494_33939_1,musique_3hop1__273571_834494_33939_13,musique_3hop1__273571_834494_33939_17","[""Summit, Arizona"", ""Pima County Natural Resources, Parks and Recreation"", ""Tucson, Arizona""]","[1, 13, 17]",3
3hop1__273571_834494_34109,What's the PBS station located in the city contained within the county where Summit is also located?,KUAT-TV 6,"[""KUAT-TV""]",1,"musique_3hop1__273571_834494_34109_12,musique_3hop1__273571_834494_34109_13,musique_3hop1__273571_834494_34109_18","[""Tucson, Arizona"", ""Summit, Arizona"", ""Pima County Natural Resources, Parks and Recreation""]","[12, 13, 18]",3
3hop1__273571_834494_34099,How long are city council terms in the city in the same county as Summit?,four-year,[],1,"musique_3hop1__273571_834494_34099_2,musique_3hop1__273571_834494_34099_8,musique_3hop1__273571_834494_34099_16","[""Summit, Arizona"", ""Pima County Natural Resources, Parks and Recreation"", ""Tucson, Arizona""]","[2, 8, 16]",3
3hop1__639955_834494_34109,What is the PBS station of the city in the same county as Helvetia?,KUAT-TV 6,"[""KUAT-TV""]",1,"musique_3hop1__639955_834494_34109_0,musique_3hop1__639955_834494_34109_6,musique_3hop1__639955_834494_34109_12","[""Tucson, Arizona"", ""Pima County Natural Resources, Parks and Recreation"", ""Helvetia, Arizona""]","[0, 6, 12]",3
3hop1__639955_834494_34088,Where are NASCAR races held in the city that shares a county with Helvetia?,Tucson Raceway Park,"[""Tucson, Arizona"", ""Tucson""]",1,"musique_3hop1__639955_834494_34088_1,musique_3hop1__639955_834494_34088_5,musique_3hop1__639955_834494_34088_17","[""Tucson, Arizona"", ""Pima County Natural Resources, Parks and Recreation"", ""Helvetia, Arizona""]","[1, 5, 17]",3
3hop1__639955_834494_34099,How long are the council terms of the city that shares a county with Helvetia?,four-year,[],1,"musique_3hop1__639955_834494_34099_4,musique_3hop1__639955_834494_34099_7,musique_3hop1__639955_834494_34099_17","[""Tucson, Arizona"", ""Helvetia, Arizona"", ""Pima County Natural Resources, Parks and Recreation""]","[4, 7, 17]",3
3hop1__273571_834494_34053,What was the wettest year for the city in the same county as Summit?,1905,[],1,"musique_3hop1__273571_834494_34053_16,musique_3hop1__273571_834494_34053_18,musique_3hop1__273571_834494_34053_19","[""Tucson, Arizona"", ""Pima County Natural Resources, Parks and Recreation"", ""Summit, Arizona""]","[16, 18, 19]",3
3hop1__516535_834494_34099,How long are city council terms in the city located in the county that also contains Allen?,four-year,[],1,"musique_3hop1__516535_834494_34099_2,musique_3hop1__516535_834494_34099_5,musique_3hop1__516535_834494_34099_13","[""Pima County Natural Resources, Parks and Recreation"", ""Allen, Arizona"", ""Tucson, Arizona""]","[2, 5, 13]",3
3hop1__354480_834494_34109,What is the administrative territorial entity that contains the location of Eric Marcus Municipal Airport PBS station?,KUAT-TV 6,"[""KUAT-TV""]",1,"musique_3hop1__354480_834494_34109_13,musique_3hop1__354480_834494_34109_15,musique_3hop1__354480_834494_34109_16","[""Tucson, Arizona"", ""Eric Marcus Municipal Airport"", ""Pima County Natural Resources, Parks and Recreation""]","[13, 15, 16]",3
3hop1__764280_834494_34053,What was the wettest year of the administrative territorial entity that contains the administrative territorial entity where Drexel Heights is located?,1905,[],1,"musique_3hop1__764280_834494_34053_4,musique_3hop1__764280_834494_34053_9,musique_3hop1__764280_834494_34053_19","[""Tucson, Arizona"", ""Drexel Heights, Arizona"", ""Pima County Natural Resources, Parks and Recreation""]","[4, 9, 19]",3
3hop1__354480_834494_34053,What was the wettest year for the city within the county that houses Eric Marcus Municipal Airport?,1905,[],1,"musique_3hop1__354480_834494_34053_10,musique_3hop1__354480_834494_34053_14,musique_3hop1__354480_834494_34053_18","[""Pima County Natural Resources, Parks and Recreation"", ""Eric Marcus Municipal Airport"", ""Tucson, Arizona""]","[10, 14, 18]",3
3hop1__38426_91850_685675,What team does the person who hit the first home run at the new stadium in South Bronx play for?,New York Yankees,"[""baseball"", ""Yankees""]",1,"musique_3hop1__38426_91850_685675_7,musique_3hop1__38426_91850_685675_10,musique_3hop1__38426_91850_685675_18","[""The Bronx"", ""Jorge Posada"", ""Yankee Stadium""]","[7, 10, 18]",3
3hop1__88707_91850_685675,On what team was the player who hit the first home run at the new location of NY Yankees home games?,New York Yankees,"[""baseball"", ""Yankees""]",1,"musique_3hop1__88707_91850_685675_3,musique_3hop1__88707_91850_685675_5,musique_3hop1__88707_91850_685675_6","[""Jorge Posada"", ""Yankee Stadium"", ""Yankee Stadium""]","[3, 5, 6]",3
3hop1__79462_91850_685675,What team is the person who hit the first home run at the new stadium where the american league Wildcard game will be played a member of?,New York Yankees,"[""baseball"", ""Yankees""]",1,"musique_3hop1__79462_91850_685675_4,musique_3hop1__79462_91850_685675_9,musique_3hop1__79462_91850_685675_18","[""Yankee Stadium"", ""Jorge Posada"", ""2017 American League Wild Card Game""]","[4, 9, 18]",3
3hop1__639955_834494_34053,What was the wettest year of the city located in the county that also contains Helvetia?,1905,[],1,"musique_3hop1__639955_834494_34053_0,musique_3hop1__639955_834494_34053_1,musique_3hop1__639955_834494_34053_5","[""Helvetia, Arizona"", ""Pima County Natural Resources, Parks and Recreation"", ""Tucson, Arizona""]","[0, 1, 5]",3
3hop1__273571_834494_34088,Where does the administrative territorial entity that contains the administrative territorial entity that contains summit hold NASCAR races?,Tucson Raceway Park,"[""Tucson, Arizona"", ""Tucson""]",1,"musique_3hop1__273571_834494_34088_3,musique_3hop1__273571_834494_34088_8,musique_3hop1__273571_834494_34088_17","[""Pima County Natural Resources, Parks and Recreation"", ""Tucson, Arizona"", ""Summit, Arizona""]","[3, 8, 17]",3
3hop1__354480_834494_33939,What was the population of the city that is found in the same county as Eric Marcus Municipal Airport in 1900?,"7,531",[],1,"musique_3hop1__354480_834494_33939_8,musique_3hop1__354480_834494_33939_12,musique_3hop1__354480_834494_33939_14","[""Tucson, Arizona"", ""Pima County Natural Resources, Parks and Recreation"", ""Eric Marcus Municipal Airport""]","[8, 12, 14]",3
3hop1__354480_834494_34088,Where do they hold NASCAR races in the city that is in the same county as the Eric Marcus Municipal Airport?,Tucson Raceway Park,"[""Tucson, Arizona"", ""Tucson""]",1,"musique_3hop1__354480_834494_34088_6,musique_3hop1__354480_834494_34088_11,musique_3hop1__354480_834494_34088_12","[""Tucson, Arizona"", ""Eric Marcus Municipal Airport"", ""Pima County Natural Resources, Parks and Recreation""]","[6, 11, 12]",3
3hop1__354480_834494_34099,How long are the city council terms in the city that is in the same county as Eric Marcus Municipal Airport?,four-year,[],1,"musique_3hop1__354480_834494_34099_0,musique_3hop1__354480_834494_34099_11,musique_3hop1__354480_834494_34099_13","[""Eric Marcus Municipal Airport"", ""Pima County Natural Resources, Parks and Recreation"", ""Tucson, Arizona""]","[0, 11, 13]",3
3hop1__626214_503371_21711,3 When was the Palau de la Generalitat in the place of death of martin of the administrative territorial entity Navardun is located constructed?,built in the 15th century,"[""15th century""]",1,"musique_3hop1__626214_503371_21711_6,musique_3hop1__626214_503371_21711_7,musique_3hop1__626214_503371_21711_15","[""Navard\u00fan"", ""Gothic architecture"", ""Martin of Aragon""]","[6, 7, 15]",3
3hop1__302383_503371_21711,When was the Palau de la Generalitat constructed in the city where Martin from the region where Codo is located died?,built in the 15th century,"[""15th century""]",1,"musique_3hop1__302383_503371_21711_6,musique_3hop1__302383_503371_21711_9,musique_3hop1__302383_503371_21711_16","[""Gothic architecture"", ""Codo, Aragon"", ""Martin of Aragon""]","[6, 9, 16]",3
3hop1__609479_503371_21711,When was the Palau de la Generalitat built in the city in which died the man called Martin of the region of Spain where Bijuesca is located?,built in the 15th century,"[""15th century""]",1,"musique_3hop1__609479_503371_21711_7,musique_3hop1__609479_503371_21711_8,musique_3hop1__609479_503371_21711_19","[""Martin of Aragon"", ""Bijuesca"", ""Gothic architecture""]","[7, 8, 19]",3
3hop1__220023_503371_21711,When was the Palau de la Generalitat constructed in the city where Martin from the region where Trasobares is located died?,built in the 15th century,"[""15th century""]",1,"musique_3hop1__220023_503371_21711_3,musique_3hop1__220023_503371_21711_5,musique_3hop1__220023_503371_21711_17","[""Gothic architecture"", ""Trasobares"", ""Martin of Aragon""]","[3, 5, 17]",3
3hop1__567955_503371_21711,When was the Palau de la Generalitat constructed in the city where Martin of the region where Layana is located died?,built in the 15th century,"[""15th century""]",1,"musique_3hop1__567955_503371_21711_3,musique_3hop1__567955_503371_21711_11,musique_3hop1__567955_503371_21711_13","[""Layana"", ""Martin of Aragon"", ""Gothic architecture""]","[3, 11, 13]",3
3hop1__163654_503371_21711,"When was the Palau de la Generalitat constructed in the place of death of Martin, of the region that contained Bordalba?",built in the 15th century,"[""15th century""]",1,"musique_3hop1__163654_503371_21711_8,musique_3hop1__163654_503371_21711_14,musique_3hop1__163654_503371_21711_17","[""Martin of Aragon"", ""Bordalba"", ""Gothic architecture""]","[8, 14, 17]",3
3hop1__268450_503371_21711,When was the Palau de la Generalitat built in the city in which died the man called Martin of the region of Spain where Berdejo is located?,built in the 15th century,"[""15th century""]",1,"musique_3hop1__268450_503371_21711_1,musique_3hop1__268450_503371_21711_9,musique_3hop1__268450_503371_21711_19","[""Berdejo"", ""Martin of Aragon"", ""Gothic architecture""]","[1, 9, 19]",3
3hop1__186307_503371_21711,When was the Palau de la Generalitat constructed in the city where Martin from where Jaulin is located died?,built in the 15th century,"[""15th century""]",1,"musique_3hop1__186307_503371_21711_0,musique_3hop1__186307_503371_21711_7,musique_3hop1__186307_503371_21711_9","[""Gothic architecture"", ""Jaul\u00edn"", ""Martin of Aragon""]","[0, 7, 9]",3
3hop1__395211_503371_21711,When was the Palau de la Generalitat constructed in the city where Martin from where Mianos is located died?,built in the 15th century,"[""15th century""]",1,"musique_3hop1__395211_503371_21711_4,musique_3hop1__395211_503371_21711_11,musique_3hop1__395211_503371_21711_12","[""Gothic architecture"", ""Martin of Aragon"", ""Mianos""]","[4, 11, 12]",3
3hop1__783711_503371_21711,When was the Palau de la Generalitat in the city where Martin of the region where Urries is located constructed?,built in the 15th century,"[""15th century""]",1,"musique_3hop1__783711_503371_21711_2,musique_3hop1__783711_503371_21711_13,musique_3hop1__783711_503371_21711_15","[""Martin of Aragon"", ""Urri\u00e9s"", ""Gothic architecture""]","[2, 13, 15]",3
3hop1__680374_503371_21711,"When was the construction of the Palau de la Generalitat in the place of death of Martin, of the region that contained Isuerre?",built in the 15th century,"[""15th century""]",1,"musique_3hop1__680374_503371_21711_2,musique_3hop1__680374_503371_21711_6,musique_3hop1__680374_503371_21711_7","[""Martin of Aragon"", ""Isuerre"", ""Gothic architecture""]","[2, 6, 7]",3
3hop1__840353_503371_21711,"When was the Palau de la Generalitat built, in the place of death of Martin, of the region where Almudévar was located?",built in the 15th century,"[""15th century""]",1,"musique_3hop1__840353_503371_21711_5,musique_3hop1__840353_503371_21711_7,musique_3hop1__840353_503371_21711_10","[""Martin of Aragon"", ""Gothic architecture"", ""Almud\u00e9var""]","[5, 7, 10]",3
3hop1__347858_503371_21711,When was the Palau de la Generalitat constructed in the city where Martin of the place where Castiliscar is located died?,built in the 15th century,"[""15th century""]",1,"musique_3hop1__347858_503371_21711_1,musique_3hop1__347858_503371_21711_12,musique_3hop1__347858_503371_21711_16","[""Gothic architecture"", ""Martin of Aragon"", ""Castiliscar""]","[1, 12, 16]",3
3hop1__857241_503371_21711,When was the Palau de la Generalitat constructed in the city where Martin from the region where Erla is located died?,built in the 15th century,"[""15th century""]",1,"musique_3hop1__857241_503371_21711_10,musique_3hop1__857241_503371_21711_11,musique_3hop1__857241_503371_21711_14","[""Martin of Aragon"", ""Erla"", ""Gothic architecture""]","[10, 11, 14]",3
3hop1__672543_503371_21711,"When was the Palau de la Generalitat built in the place of death of Martin, of the region containing Piedratajada?",built in the 15th century,"[""15th century""]",1,"musique_3hop1__672543_503371_21711_1,musique_3hop1__672543_503371_21711_4,musique_3hop1__672543_503371_21711_14","[""Piedratajada"", ""Martin of Aragon"", ""Gothic architecture""]","[1, 4, 14]",3
3hop1__558449_503371_21711,When was the Palau de la Generalitat built in the city in which died the man called Martin of the region of Spain where Malanquilla is located?,built in the 15th century,"[""15th century""]",1,"musique_3hop1__558449_503371_21711_5,musique_3hop1__558449_503371_21711_7,musique_3hop1__558449_503371_21711_14","[""Malanquilla"", ""Gothic architecture"", ""Martin of Aragon""]","[5, 7, 14]",3
3hop1__698501_503371_21711,When was the Palau de la Generalitat constructed in the city where Martin from the region where Sisamón is located died?,built in the 15th century,"[""15th century""]",1,"musique_3hop1__698501_503371_21711_3,musique_3hop1__698501_503371_21711_11,musique_3hop1__698501_503371_21711_12","[""Gothic architecture"", ""Martin of Aragon"", ""Sisam\u00f3n""]","[3, 11, 12]",3
3hop1__849312_503371_21711,When was the Palau de la Generalitat constructed in the city where Martin from the region where Perdiguera is located died?,built in the 15th century,"[""15th century""]",1,"musique_3hop1__849312_503371_21711_3,musique_3hop1__849312_503371_21711_6,musique_3hop1__849312_503371_21711_15","[""Martin of Aragon"", ""Perdiguera"", ""Gothic architecture""]","[3, 6, 15]",3
3hop1__423001_503371_21711,When was the Palau de la Generalitat constructed in the city where Martin of the region of Pedrola died?,built in the 15th century,"[""15th century""]",1,"musique_3hop1__423001_503371_21711_11,musique_3hop1__423001_503371_21711_12,musique_3hop1__423001_503371_21711_14","[""Gothic architecture"", ""Pedrola"", ""Martin of Aragon""]","[11, 12, 14]",3
4hop1__93963_170667_443779_52195,"Who is the president of the newly declared independent country, that established the Timor Leste Commission of Truth and Friendship, with the country containing the airport that includes Lion Air?",Francisco Guterres,[],1,"musique_4hop1__93963_170667_443779_52195_3,musique_4hop1__93963_170667_443779_52195_11,musique_4hop1__93963_170667_443779_52195_13,musique_4hop1__93963_170667_443779_52195_14","[""Cathay Pacific Flight 780"", ""East Timor"", ""Lion Air"", ""Indonesia\u2013Timor Leste Commission of Truth and Friendship""]","[3, 11, 13, 14]",4
4hop3__862_846_326964_7713,How long was the city where the Yongle emperor greeted the person the Ming court thought the representatives were sent by the capitol of Yaxing Coach's headquarters location?,about 400 years,[],1,"musique_4hop3__862_846_326964_7713_0,musique_4hop3__862_846_326964_7713_3,musique_4hop3__862_846_326964_7713_6,musique_4hop3__862_846_326964_7713_15","[""Sino-Tibetan relations during the Ming dynasty"", ""Sino-Tibetan relations during the Ming dynasty"", ""Yaxing Coach"", ""Nanjing""]","[0, 3, 6, 15]",4
4hop3__862_846_613770_7713,How long was the place where the Yongle Emperor greeted who the Ming court thought representatives were sent by the capitol of the city in which Guangling District is located?,about 400 years,[],1,"musique_4hop3__862_846_613770_7713_2,musique_4hop3__862_846_613770_7713_4,musique_4hop3__862_846_613770_7713_6,musique_4hop3__862_846_613770_7713_17","[""Sino-Tibetan relations during the Ming dynasty"", ""Nanjing"", ""Sino-Tibetan relations during the Ming dynasty"", ""Guangling District""]","[2, 4, 6, 17]",4
4hop3__857_846_613770_7713,How long was the place where the Yongle Emperor greeted the person to whom the edict was addressed the capitol of the area where Guangling District was located?,about 400 years,[],1,"musique_4hop3__857_846_613770_7713_3,musique_4hop3__857_846_613770_7713_11,musique_4hop3__857_846_613770_7713_17,musique_4hop3__857_846_613770_7713_19","[""Sino-Tibetan relations during the Ming dynasty"", ""Sino-Tibetan relations during the Ming dynasty"", ""Nanjing"", ""Guangling District""]","[3, 11, 17, 19]",4
4hop3__857_846_326964_7713,How long had the city where the Yongle emperor greeted the person to whom the edict was addressed been the capitol of Yaxing Coach's headquarters location?,about 400 years,[],1,"musique_4hop3__857_846_326964_7713_4,musique_4hop3__857_846_326964_7713_5,musique_4hop3__857_846_326964_7713_7,musique_4hop3__857_846_326964_7713_13","[""Nanjing"", ""Yaxing Coach"", ""Sino-Tibetan relations during the Ming dynasty"", ""Sino-Tibetan relations during the Ming dynasty""]","[4, 5, 7, 13]",4
4hop1__72247_497223_15840_36002,"What are the Genesis's advantages over the game platform with a 3 letter name abbreviation, featuring a game named after the league that chooses where the Super Bowl is held?",built on 16-bit architectures and offered improved graphics and sound,"[""16-bit"", ""16-bit architecture""]",1,"musique_4hop1__72247_497223_15840_36002_0,musique_4hop1__72247_497223_15840_36002_2,musique_4hop1__72247_497223_15840_36002_16,musique_4hop1__72247_497223_15840_36002_18","[""Super Bowl"", ""Super Nintendo Entertainment System"", ""Nintendo Entertainment System"", ""NFL (video game)""]","[0, 2, 16, 18]",4
4hop1__46196_497223_15840_36002,"What were the Genesis's advantages over the platform with a three letter abbreviation, that had a video game named after the league in charge of the Super Bowl halftime show?",built on 16-bit architectures and offered improved graphics and sound,"[""16-bit"", ""16-bit architecture""]",1,"musique_4hop1__46196_497223_15840_36002_0,musique_4hop1__46196_497223_15840_36002_3,musique_4hop1__46196_497223_15840_36002_12,musique_4hop1__46196_497223_15840_36002_14","[""List of Super Bowl halftime shows"", ""NFL (video game)"", ""Super Nintendo Entertainment System"", ""Nintendo Entertainment System""]","[0, 3, 12, 14]",4
4hop1__40316_497223_15840_36002,"What were the Genesis's advantages over the game system with a 3 letter abbreviation, featuring a game named after the football league that the Los Angeles Rams are representative of?",built on 16-bit architectures and offered improved graphics and sound,"[""16-bit"", ""16-bit architecture""]",1,"musique_4hop1__40316_497223_15840_36002_5,musique_4hop1__40316_497223_15840_36002_6,musique_4hop1__40316_497223_15840_36002_16,musique_4hop1__40316_497223_15840_36002_18","[""Super Nintendo Entertainment System"", ""NFL (video game)"", ""Southern California"", ""Nintendo Entertainment System""]","[5, 6, 16, 18]",4
4hop1__94201_642284_131926_13165,What treaty ceded territory to the US extending west to the body of water by the city where the designer of Southeast Library died?,Treaty of Paris,[],1,"musique_4hop1__94201_642284_131926_13165_1,musique_4hop1__94201_642284_131926_13165_4,musique_4hop1__94201_642284_131926_13165_11,musique_4hop1__94201_642284_131926_13165_17","[""Riverside Plaza"", ""Southeast Library"", ""Minneapolis"", ""Military history of the United States""]","[1, 4, 11, 17]",4
4hop1__525129_315334_131926_89261,"Where into the Gulf of Mexico does the body of water by the city where the Lots More Blues, Rags and Hollers performer was formed empty?",the Mississippi River Delta,"[""Mississippi River Delta""]",1,"musique_4hop1__525129_315334_131926_89261_9,musique_4hop1__525129_315334_131926_89261_14,musique_4hop1__525129_315334_131926_89261_16,musique_4hop1__525129_315334_131926_89261_19","[""Minneapolis"", ""Koerner, Ray & Glover"", ""Mississippi River"", ""Lots More Blues, Rags and Hollers""]","[9, 14, 16, 19]",4
4hop1__94201_642284_131926_87157,What is the direction of the flow of the river near the city where the designer of Southeast Library died?,rises in northern Minnesota and meanders slowly southwards,"[""Minnesota""]",1,"musique_4hop1__94201_642284_131926_87157_1,musique_4hop1__94201_642284_131926_87157_14,musique_4hop1__94201_642284_131926_87157_16,musique_4hop1__94201_642284_131926_87157_18","[""Southeast Library"", ""Mississippi River"", ""Riverside Plaza"", ""Minneapolis""]","[1, 14, 16, 18]",4
4hop1__860115_798482_131926_90707,Where does the body of water by the city that shares a border with Elizabeth Berg's birthplace and Ohio River meet?,"at the city of Cairo, Illinois",[],1,"musique_4hop1__860115_798482_131926_90707_1,musique_4hop1__860115_798482_131926_90707_4,musique_4hop1__860115_798482_131926_90707_9,musique_4hop1__860115_798482_131926_90707_19","[""Newgate Education Center"", ""Ohio River"", ""Minneapolis"", ""Elizabeth Berg (author)""]","[1, 4, 9, 19]",4
4hop1__94201_642284_131926_90707,Where does the river by the city where the Southeast Library designer died and the Ohio River meet?,"at the city of Cairo, Illinois",[],1,"musique_4hop1__94201_642284_131926_90707_3,musique_4hop1__94201_642284_131926_90707_8,musique_4hop1__94201_642284_131926_90707_16,musique_4hop1__94201_642284_131926_90707_17","[""Ohio River"", ""Minneapolis"", ""Riverside Plaza"", ""Southeast Library""]","[3, 8, 16, 17]",4
4hop1__860115_798482_131926_13165,What treaty ceded territory to the US extending west to the river by the city sharing a border with Elizabeth Berg's birthplace?,Treaty of Paris,[],1,"musique_4hop1__860115_798482_131926_13165_2,musique_4hop1__860115_798482_131926_13165_4,musique_4hop1__860115_798482_131926_13165_15,musique_4hop1__860115_798482_131926_13165_16","[""Elizabeth Berg (author)"", ""Newgate Education Center"", ""Military history of the United States"", ""Minneapolis""]","[2, 4, 15, 16]",4
4hop1__525129_315334_131926_87157,"What is the direction of flow of the river by the city where the Lots More Blues, Rags and Hollers performer was formed?",rises in northern Minnesota and meanders slowly southwards,"[""Minnesota""]",1,"musique_4hop1__525129_315334_131926_87157_2,musique_4hop1__525129_315334_131926_87157_9,musique_4hop1__525129_315334_131926_87157_13,musique_4hop1__525129_315334_131926_87157_16","[""Koerner, Ray & Glover"", ""Mississippi River"", ""Minneapolis"", ""Lots More Blues, Rags and Hollers""]","[2, 9, 13, 16]",4
4hop1__94201_642284_131926_89261,Where does the body of water by the city where the Southeast Library designer died empty into the Gulf of Mexico?,the Mississippi River Delta,"[""Mississippi River Delta""]",1,"musique_4hop1__94201_642284_131926_89261_0,musique_4hop1__94201_642284_131926_89261_1,musique_4hop1__94201_642284_131926_89261_5,musique_4hop1__94201_642284_131926_89261_14","[""Riverside Plaza"", ""Mississippi River"", ""Minneapolis"", ""Southeast Library""]","[0, 1, 5, 14]",4
4hop1__525129_315334_131926_90707,"Where does the body of water by the city where the Lots More Blues, Rags and Hollers performer was formed and the Ohio River meet?","at the city of Cairo, Illinois",[],1,"musique_4hop1__525129_315334_131926_90707_1,musique_4hop1__525129_315334_131926_90707_4,musique_4hop1__525129_315334_131926_90707_8,musique_4hop1__525129_315334_131926_90707_17","[""Minneapolis"", ""Lots More Blues, Rags and Hollers"", ""Ohio River"", ""Koerner, Ray & Glover""]","[1, 4, 8, 17]",4
4hop1__525129_315334_131926_13165,"What treaty ceded territory to the US extending west to body of water by the city where the Lots More Blues, Rags and Hollers performer was formed?",Treaty of Paris,[],1,"musique_4hop1__525129_315334_131926_13165_3,musique_4hop1__525129_315334_131926_13165_13,musique_4hop1__525129_315334_131926_13165_15,musique_4hop1__525129_315334_131926_13165_16","[""Lots More Blues, Rags and Hollers"", ""Military history of the United States"", ""Koerner, Ray & Glover"", ""Minneapolis""]","[3, 13, 15, 16]",4
4hop1__860115_798482_131926_87157,What is the direction of flow of the body of water by the city sharing a border with Elizabeth Berg's birthplace?,rises in northern Minnesota and meanders slowly southwards,"[""Minnesota""]",1,"musique_4hop1__860115_798482_131926_87157_6,musique_4hop1__860115_798482_131926_87157_7,musique_4hop1__860115_798482_131926_87157_14,musique_4hop1__860115_798482_131926_87157_19","[""Elizabeth Berg (author)"", ""Minneapolis"", ""Newgate Education Center"", ""Mississippi River""]","[6, 7, 14, 19]",4
4hop1__860115_798482_131926_89261,Where does the river by the city sharing a border with Elizabeth Berg's birthplace empty into the Gulf of Mexico?,the Mississippi River Delta,"[""Mississippi River Delta""]",1,"musique_4hop1__860115_798482_131926_89261_1,musique_4hop1__860115_798482_131926_89261_10,musique_4hop1__860115_798482_131926_89261_14,musique_4hop1__860115_798482_131926_89261_18","[""Elizabeth Berg (author)"", ""Mississippi River"", ""Minneapolis"", ""Newgate Education Center""]","[1, 10, 14, 18]",4
4hop1__72247_497223_15840_36014,There is a video game named after the sports association that chooses where the super bowl is held. What was Nintendo's limit on games per developer per year on that game's platform?,five,[],1,"musique_4hop1__72247_497223_15840_36014_1,musique_4hop1__72247_497223_15840_36014_2,musique_4hop1__72247_497223_15840_36014_5,musique_4hop1__72247_497223_15840_36014_12","[""NFL (video game)"", ""Nintendo Entertainment System"", ""Super Bowl"", ""Super Nintendo Entertainment System""]","[1, 2, 5, 12]",4
4hop1__46196_497223_15840_36014,What was Nintendo's limit on games per developer per year for the platform supporting the video game named after the sports organisation in charge of the Super Bowl halftime show?,five,[],1,"musique_4hop1__46196_497223_15840_36014_4,musique_4hop1__46196_497223_15840_36014_5,musique_4hop1__46196_497223_15840_36014_7,musique_4hop1__46196_497223_15840_36014_19","[""Super Nintendo Entertainment System"", ""NFL (video game)"", ""List of Super Bowl halftime shows"", ""Nintendo Entertainment System""]","[4, 5, 7, 19]",4
4hop1__21282_692112_214799_259594,What is the abbreviation for Angela Merkel's original home country that once had border troops called the Deutsche Grenzpolizei?,GDR,"[""German Democratic Republic"", ""East Germany""]",1,"musique_4hop1__21282_692112_214799_259594_3,musique_4hop1__21282_692112_214799_259594_6,musique_4hop1__21282_692112_214799_259594_8,musique_4hop1__21282_692112_214799_259594_14","[""Literature of East Germany"", ""Angela Merkel"", ""The Sun (United Kingdom)"", ""Heinz-Josef Gro\u00dfe""]","[3, 6, 8, 14]",4
4hop2__161324_14670_8987_8974,The military group of which the Air Defense Artillery is a branch was unprepared for the invasion of the territory the Nazis occupied. The country of this group was the only communist country to have an embassy where?,Alfredo Stroessner's Paraguay,"[""Alfredo Stroessner""]",1,"musique_4hop2__161324_14670_8987_8974_6,musique_4hop2__161324_14670_8987_8974_8,musique_4hop2__161324_14670_8987_8974_10,musique_4hop2__161324_14670_8987_8974_13","[""Josip Broz Tito"", ""1939 German ultimatum to Lithuania"", ""Josip Broz Tito"", ""United States Army""]","[6, 8, 10, 13]",4
4hop2__160585_14670_8987_8974,Hana Mandlikova was born in Country A that invaded Country B because the military branch the Air Defense Artillery is part of was unprepared. Country B was the only communist country to have an embassy where?,Alfredo Stroessner's Paraguay,"[""Alfredo Stroessner""]",1,"musique_4hop2__160585_14670_8987_8974_0,musique_4hop2__160585_14670_8987_8974_2,musique_4hop2__160585_14670_8987_8974_15,musique_4hop2__160585_14670_8987_8974_19","[""United States Army"", ""Josip Broz Tito"", ""Czechoslovakia"", ""Josip Broz Tito""]","[0, 2, 15, 19]",4
4hop2__103790_14670_8987_8974,Ivo Werner is from Country A that invaded Country B because their military branch that Air Defense Artillery is part of was unprepared. Country B was the only communist country to have an embassy where?,Alfredo Stroessner's Paraguay,"[""Alfredo Stroessner""]",1,"musique_4hop2__103790_14670_8987_8974_7,musique_4hop2__103790_14670_8987_8974_11,musique_4hop2__103790_14670_8987_8974_12,musique_4hop2__103790_14670_8987_8974_14","[""Ivo Werner"", ""Josip Broz Tito"", ""Josip Broz Tito"", ""United States Army""]","[7, 11, 12, 14]",4
4hop2__5206_14670_8987_8529,"When was ""Slavs"" used in the national anthem of the country whose military having the Air Defense Artillery was unprepared for the invasion of the country conquered by the Pact?",1943–1992,[],1,"musique_4hop2__5206_14670_8987_8529_1,musique_4hop2__5206_14670_8987_8529_6,musique_4hop2__5206_14670_8987_8529_9,musique_4hop2__5206_14670_8987_8529_14","[""Warsaw Pact"", ""United States Army"", ""Josip Broz Tito"", ""Slavs""]","[1, 6, 9, 14]",4
4hop2__567956_14670_8987_8974,"A country's military branch, which in the US contains the Air Defense Artillery, was unprepared for the invasion of the country that experienced a normalization period. The unprepared country was the only communist country to have an embassy where?",Alfredo Stroessner's Paraguay,"[""Alfredo Stroessner""]",1,"musique_4hop2__567956_14670_8987_8974_8,musique_4hop2__567956_14670_8987_8974_11,musique_4hop2__567956_14670_8987_8974_17,musique_4hop2__567956_14670_8987_8974_19","[""Josip Broz Tito"", ""United States Army"", ""Prague underground (culture)"", ""Josip Broz Tito""]","[8, 11, 17, 19]",4
4hop2__105527_14670_8987_8529,"A country's military branch, the equivalent of which in the US contains the Air Defense Artillery, was unprepared for the invasion of the country that developed the ZH-29. When was the word ""Slavs"" used in the national anthem of the unprepared country?",1943–1992,[],1,"musique_4hop2__105527_14670_8987_8529_1,musique_4hop2__105527_14670_8987_8529_6,musique_4hop2__105527_14670_8987_8529_7,musique_4hop2__105527_14670_8987_8529_11","[""Slavs"", ""Josip Broz Tito"", ""ZH-29"", ""United States Army""]","[1, 6, 7, 11]",4
4hop2__161324_14670_8987_8529,"A country's military branch, the equivalent of which in the US contains the Air Defense Artillery, was unprepared for the invasion of the country occupied by the Nazi's. When was the word ""Slavs"" used in the national anthem of the unprepared country?",1943–1992,[],1,"musique_4hop2__161324_14670_8987_8529_0,musique_4hop2__161324_14670_8987_8529_8,musique_4hop2__161324_14670_8987_8529_10,musique_4hop2__161324_14670_8987_8529_12","[""Josip Broz Tito"", ""1939 German ultimatum to Lithuania"", ""Slavs"", ""United States Army""]","[0, 8, 10, 12]",4
4hop2__105527_14670_8987_8974,Country A developed the ZH-29 and invaded Country B because their military branch that the Air Defense Artillery is a branch of was unprepared. Country B was the only communist country to have an embassy where?,Alfredo Stroessner's Paraguay,"[""Alfredo Stroessner""]",1,"musique_4hop2__105527_14670_8987_8974_2,musique_4hop2__105527_14670_8987_8974_4,musique_4hop2__105527_14670_8987_8974_13,musique_4hop2__105527_14670_8987_8974_14","[""Josip Broz Tito"", ""Josip Broz Tito"", ""United States Army"", ""ZH-29""]","[2, 4, 13, 14]",4
4hop2__103790_14670_8987_8529,"A country's military branch, the equivalent of which in the US contains the Air Defense Artillery, was unprepared for the invasion of Ivo Werner's country. When was the word ""Slavs"" used in the national anthem of the unprepared country?",1943–1992,[],1,"musique_4hop2__103790_14670_8987_8529_6,musique_4hop2__103790_14670_8987_8529_14,musique_4hop2__103790_14670_8987_8529_16,musique_4hop2__103790_14670_8987_8529_17","[""Slavs"", ""Josip Broz Tito"", ""United States Army"", ""Ivo Werner""]","[6, 14, 16, 17]",4
4hop2__103790_39078_8987_8529,"Ivo Werner is from Country A that invaded Country B because their military branch that helped the Old West police was unprepared. When was the word ""Slavs"" used in the national anthem of country B?",1943–1992,[],1,"musique_4hop2__103790_39078_8987_8529_1,musique_4hop2__103790_39078_8987_8529_5,musique_4hop2__103790_39078_8987_8529_6,musique_4hop2__103790_39078_8987_8529_17","[""Slavs"", ""Ivo Werner"", ""Police"", ""Josip Broz Tito""]","[1, 5, 6, 17]",4
4hop2__160585_39078_8987_8974,Hana Mandlikova was born in Country A that invaded Country B because the military branch that helped Old West's local police was unprepared. Country B was the only communist country to have an embassy where?,Alfredo Stroessner's Paraguay,"[""Alfredo Stroessner""]",1,"musique_4hop2__160585_39078_8987_8974_1,musique_4hop2__160585_39078_8987_8974_5,musique_4hop2__160585_39078_8987_8974_9,musique_4hop2__160585_39078_8987_8974_17","[""Police"", ""Josip Broz Tito"", ""Czechoslovakia"", ""Josip Broz Tito""]","[1, 5, 9, 17]",4
4hop2__160585_14670_8987_8529,"A country's military branch, which in the US contains the Air Defense Artillery, was unprepared for the invasion of Hana Mandlikova's birth country. When was the word ""Slavs"" used in the national anthem of the unprepared country?",1943–1992,[],1,"musique_4hop2__160585_14670_8987_8529_4,musique_4hop2__160585_14670_8987_8529_12,musique_4hop2__160585_14670_8987_8529_13,musique_4hop2__160585_14670_8987_8529_19","[""Josip Broz Tito"", ""United States Army"", ""Czechoslovakia"", ""Slavs""]","[4, 12, 13, 19]",4
4hop2__567956_14670_8987_8529,"Normalization occurred in Country A that invaded Country B because the military branch that Air Defense Artillery is part of was unprepared. when was the word ""Slavs"" used in the national anthem of Country B?",1943–1992,[],1,"musique_4hop2__567956_14670_8987_8529_3,musique_4hop2__567956_14670_8987_8529_5,musique_4hop2__567956_14670_8987_8529_7,musique_4hop2__567956_14670_8987_8529_15","[""Slavs"", ""Josip Broz Tito"", ""Prague underground (culture)"", ""United States Army""]","[3, 5, 7, 15]",4
4hop2__567956_39078_8987_8974,Normalization occurred in Country A that invaded Country B because the military branch was unprepared. Country B was the only communist country to have an embassy where?,Alfredo Stroessner's Paraguay,"[""Alfredo Stroessner""]",1,"musique_4hop2__567956_39078_8987_8974_6,musique_4hop2__567956_39078_8987_8974_15,musique_4hop2__567956_39078_8987_8974_17,musique_4hop2__567956_39078_8987_8974_19","[""Prague underground (culture)"", ""Josip Broz Tito"", ""Josip Broz Tito"", ""Police""]","[6, 15, 17, 19]",4
4hop2__5206_39078_8987_8974,Where is the embassy in the only communist country whose military branch helping the Old West's inadequate local police was unprepared for invasion of the country conquered by the Pact?,Alfredo Stroessner's Paraguay,"[""Alfredo Stroessner""]",1,"musique_4hop2__5206_39078_8987_8974_0,musique_4hop2__5206_39078_8987_8974_5,musique_4hop2__5206_39078_8987_8974_6,musique_4hop2__5206_39078_8987_8974_16","[""Josip Broz Tito"", ""Josip Broz Tito"", ""Warsaw Pact"", ""Police""]","[0, 5, 6, 16]",4
4hop2__105527_39078_8987_8974,"A country's military branch, the equivalent of which in the US helped the Old West's local police, was unprepared for the invasion of the country that developed the ZH-29. The unprepared country was the only communist country to have an embassy where?",Alfredo Stroessner's Paraguay,"[""Alfredo Stroessner""]",1,"musique_4hop2__105527_39078_8987_8974_0,musique_4hop2__105527_39078_8987_8974_9,musique_4hop2__105527_39078_8987_8974_16,musique_4hop2__105527_39078_8987_8974_18","[""ZH-29"", ""Police"", ""Josip Broz Tito"", ""Josip Broz Tito""]","[0, 9, 16, 18]",4
4hop2__797545_14670_8987_8974,"A country's military branch, which in the US contains the Air Defense Artillery, was unprepared for the invasion of the country whose ccTLD was "".cs"". The unprepared country was the only communist country to have an embassy where?",Alfredo Stroessner's Paraguay,"[""Alfredo Stroessner""]",1,"musique_4hop2__797545_14670_8987_8974_12,musique_4hop2__797545_14670_8987_8974_13,musique_4hop2__797545_14670_8987_8974_17,musique_4hop2__797545_14670_8987_8974_19","["".cs"", ""Josip Broz Tito"", ""Josip Broz Tito"", ""United States Army""]","[12, 13, 17, 19]",4
4hop1__93601_46196_497223_15840,What is the abbreviated name of the exclusive platform of the video game named for the league with a halftime event just before the publishers clearing house sweepstakes drawing.,NES,"[""Family Computer"", ""Famicom"", ""Nintendo Entertainment System""]",1,"musique_4hop1__93601_46196_497223_15840_5,musique_4hop1__93601_46196_497223_15840_8,musique_4hop1__93601_46196_497223_15840_15,musique_4hop1__93601_46196_497223_15840_16","[""Publishers Clearing House"", ""List of Super Bowl halftime shows"", ""Nintendo Entertainment System"", ""NFL (video game)""]","[5, 8, 15, 16]",4
4hop1__88342_49853_128008_46748,"What is the longest win streak, in the history of the league, that includes the team with the most titles, from the event preceding the awarding of the MLB MVP?",26,[],1,"musique_4hop1__88342_49853_128008_46748_1,musique_4hop1__88342_49853_128008_46748_9,musique_4hop1__88342_49853_128008_46748_14,musique_4hop1__88342_49853_128008_46748_15","[""List of Major League Baseball longest winning streaks"", ""New York Yankees"", ""Major League Baseball Most Valuable Player Award"", ""World Series""]","[1, 9, 14, 15]",4
4hop1__88342_49853_128008_92225,When is opening day of the season of the league that the team that has the most titles from the competition they gave out MVP awards after?,"March 29, 2018",[],1,"musique_4hop1__88342_49853_128008_92225_4,musique_4hop1__88342_49853_128008_92225_6,musique_4hop1__88342_49853_128008_92225_11,musique_4hop1__88342_49853_128008_92225_17","[""Major League Baseball Most Valuable Player Award"", ""World Series"", ""New York Yankees"", ""2018 Major League Baseball season""]","[4, 6, 11, 17]",4
4hop1__88342_49853_128008_46894,Who has the lowest batting average in the league that the team that has won the most titles from the competition they give out MVP awards plays for?,Bill Bergen,[],1,"musique_4hop1__88342_49853_128008_46894_3,musique_4hop1__88342_49853_128008_46894_10,musique_4hop1__88342_49853_128008_46894_17,musique_4hop1__88342_49853_128008_46894_19","[""World Series"", ""New York Yankees"", ""Major League Baseball Most Valuable Player Award"", ""Batting average""]","[3, 10, 17, 19]",4
4hop1__88342_49853_128008_87812,When is the opening day of the league of the team with the most titles from the event after which they give out the MLB MVP award?,"Thursday, March 29",[],1,"musique_4hop1__88342_49853_128008_87812_10,musique_4hop1__88342_49853_128008_87812_14,musique_4hop1__88342_49853_128008_87812_15,musique_4hop1__88342_49853_128008_87812_19","[""Major League Baseball Most Valuable Player Award"", ""World Series"", ""New York Yankees"", ""Opening Day""]","[10, 14, 15, 19]",4
4hop1__88342_49853_128008_48717,"Who was the second pick in the 1999 draft of the organization, that includes the team with the most titles, in the event preceding the awarding of the MLB MVP?",Josh Beckett,[],1,"musique_4hop1__88342_49853_128008_48717_2,musique_4hop1__88342_49853_128008_48717_10,musique_4hop1__88342_49853_128008_48717_16,musique_4hop1__88342_49853_128008_48717_17","[""World Series"", ""1999 Major League Baseball draft"", ""New York Yankees"", ""Major League Baseball Most Valuable Player Award""]","[2, 10, 16, 17]",4
4hop1__88342_49853_128008_80487,When was the all-star game played for the league that includes the team with the most titles won just before the mlb mvp is awarded?,"July 11, 2017",[],1,"musique_4hop1__88342_49853_128008_80487_4,musique_4hop1__88342_49853_128008_80487_7,musique_4hop1__88342_49853_128008_80487_10,musique_4hop1__88342_49853_128008_80487_19","[""2017 Major League Baseball All-Star Game"", ""Major League Baseball Most Valuable Player Award"", ""New York Yankees"", ""World Series""]","[4, 7, 10, 19]",4
4hop1__88342_49853_128008_54974,What is the longest home run hit in the league where the team with the most titles from the event after which the MLB MVP is awarded plays?,about 575 feet,[],1,"musique_4hop1__88342_49853_128008_54974_0,musique_4hop1__88342_49853_128008_54974_1,musique_4hop1__88342_49853_128008_54974_9,musique_4hop1__88342_49853_128008_54974_13","[""World Series"", ""Major League Baseball Most Valuable Player Award"", ""Home run"", ""New York Yankees""]","[0, 1, 9, 13]",4
4hop1__88342_49853_128008_89859,When does the regular season of the league where the team with the most titles from the series after which the MLB MVP award is given out plays?,"March 29, 2018",[],1,"musique_4hop1__88342_49853_128008_89859_5,musique_4hop1__88342_49853_128008_89859_7,musique_4hop1__88342_49853_128008_89859_12,musique_4hop1__88342_49853_128008_89859_18","[""Major League Baseball Most Valuable Player Award"", ""World Series"", ""New York Yankees"", ""2018 Major League Baseball season""]","[5, 7, 12, 18]",4
4hop1__88342_49853_128008_86588,What's the longest homer in the history of the league where the team with the most titles from the event after which they give out the MLB MVP award plays?,582 feet (177 m),[],1,"musique_4hop1__88342_49853_128008_86588_0,musique_4hop1__88342_49853_128008_86588_3,musique_4hop1__88342_49853_128008_86588_8,musique_4hop1__88342_49853_128008_86588_12","[""Home run"", ""New York Yankees"", ""World Series"", ""Major League Baseball Most Valuable Player Award""]","[0, 3, 8, 12]",4
4hop1__88342_49853_128008_80286,Who has the most hits in the league whose member team has the most wins of the championship series which proceeds the MVP award?,Pete Rose,[],1,"musique_4hop1__88342_49853_128008_80286_2,musique_4hop1__88342_49853_128008_80286_6,musique_4hop1__88342_49853_128008_80286_9,musique_4hop1__88342_49853_128008_80286_13","[""Major League Baseball Most Valuable Player Award"", ""World Series"", ""New York Yankees"", ""List of Major League Baseball career hits leaders""]","[2, 6, 9, 13]",4
4hop1__88342_49853_128008_67954,Who was the all-star MVP of the league where the team with the most titles from the event after which they give out the MLB MVP award plays?,Alex Bregman,[],1,"musique_4hop1__88342_49853_128008_67954_5,musique_4hop1__88342_49853_128008_67954_6,musique_4hop1__88342_49853_128008_67954_7,musique_4hop1__88342_49853_128008_67954_13","[""New York Yankees"", ""Major League Baseball All-Star Game Most Valuable Player Award"", ""World Series"", ""Major League Baseball Most Valuable Player Award""]","[5, 6, 7, 13]",4
4hop1__88342_75218_128008_89859,When does regular season start in the league where a team has played the most games in the competition where they give out the MLB MVP award after?,"March 29, 2018",[],1,"musique_4hop1__88342_75218_128008_89859_1,musique_4hop1__88342_75218_128008_89859_2,musique_4hop1__88342_75218_128008_89859_6,musique_4hop1__88342_75218_128008_89859_12","[""2018 Major League Baseball season"", ""Major League Baseball Most Valuable Player Award"", ""New York Yankees"", ""World Series""]","[1, 2, 6, 12]",4
4hop1__88342_75218_128008_80286,who has had the most hits in the league that includes the team that has played the most games of the type played just before the league MVP is awarded?,Pete Rose,[],1,"musique_4hop1__88342_75218_128008_80286_3,musique_4hop1__88342_75218_128008_80286_11,musique_4hop1__88342_75218_128008_80286_12,musique_4hop1__88342_75218_128008_80286_18","[""New York Yankees"", ""List of Major League Baseball career hits leaders"", ""World Series"", ""Major League Baseball Most Valuable Player Award""]","[3, 11, 12, 18]",4
4hop1__88342_75218_128008_46894,Who had the lowest batting average in the league where the team with the most games in the series after which the MLB MVP is awarded played?,Bill Bergen,[],1,"musique_4hop1__88342_75218_128008_46894_1,musique_4hop1__88342_75218_128008_46894_9,musique_4hop1__88342_75218_128008_46894_11,musique_4hop1__88342_75218_128008_46894_17","[""New York Yankees"", ""Batting average"", ""Major League Baseball Most Valuable Player Award"", ""World Series""]","[1, 9, 11, 17]",4
4hop1__88342_75218_128008_67954,Who won the All-Star MVP for the league that the team that has attended the competition where they give out the MLB MVP award after the most?,Alex Bregman,[],1,"musique_4hop1__88342_75218_128008_67954_1,musique_4hop1__88342_75218_128008_67954_2,musique_4hop1__88342_75218_128008_67954_11,musique_4hop1__88342_75218_128008_67954_17","[""Major League Baseball All-Star Game Most Valuable Player Award"", ""Major League Baseball Most Valuable Player Award"", ""New York Yankees"", ""World Series""]","[1, 2, 11, 17]",4
4hop1__88342_75218_128008_48717,Who was second pick in the 1999 draft of the league that has a competition where they give out the MLB MVP award after it?,Josh Beckett,[],1,"musique_4hop1__88342_75218_128008_48717_6,musique_4hop1__88342_75218_128008_48717_9,musique_4hop1__88342_75218_128008_48717_17,musique_4hop1__88342_75218_128008_48717_18","[""New York Yankees"", ""World Series"", ""Major League Baseball Most Valuable Player Award"", ""1999 Major League Baseball draft""]","[6, 9, 17, 18]",4
4hop1__88342_75218_128008_80487,When is the all-star game of the league whose member played in the most championship series which proceed the MVP award?,"July 11, 2017",[],1,"musique_4hop1__88342_75218_128008_80487_0,musique_4hop1__88342_75218_128008_80487_12,musique_4hop1__88342_75218_128008_80487_16,musique_4hop1__88342_75218_128008_80487_19","[""New York Yankees"", ""World Series"", ""2017 Major League Baseball All-Star Game"", ""Major League Baseball Most Valuable Player Award""]","[0, 12, 16, 19]",4
4hop1__88342_75218_128008_92225,"When is the opening day of the league, that includes the team that played in the most games. of the event that the MLB MVP award is handed out after?","March 29, 2018",[],1,"musique_4hop1__88342_75218_128008_92225_3,musique_4hop1__88342_75218_128008_92225_4,musique_4hop1__88342_75218_128008_92225_5,musique_4hop1__88342_75218_128008_92225_17","[""Major League Baseball Most Valuable Player Award"", ""2018 Major League Baseball season"", ""World Series"", ""New York Yankees""]","[3, 4, 5, 17]",4
4hop1__88342_75218_128008_87812,When is the opening day of the league in which the team with the most games in the series after which the MLB MVP is awarded plays?,"Thursday, March 29",[],1,"musique_4hop1__88342_75218_128008_87812_3,musique_4hop1__88342_75218_128008_87812_16,musique_4hop1__88342_75218_128008_87812_18,musique_4hop1__88342_75218_128008_87812_19","[""New York Yankees"", ""Opening Day"", ""World Series"", ""Major League Baseball Most Valuable Player Award""]","[3, 16, 18, 19]",4
4hop1__88342_75218_128008_46748,The MLB MVP award is given out after a competition where a team has played the most games. What is the longest win streak in the history of league that team plays for?,26,[],1,"musique_4hop1__88342_75218_128008_46748_1,musique_4hop1__88342_75218_128008_46748_2,musique_4hop1__88342_75218_128008_46748_6,musique_4hop1__88342_75218_128008_46748_14","[""New York Yankees"", ""World Series"", ""Major League Baseball Most Valuable Player Award"", ""List of Major League Baseball longest winning streaks""]","[1, 2, 6, 14]",4
4hop1__88342_75218_128008_54974,What is the longest home run hit in the league where the team with the most games in the series after which the MLB MVP is awarded plays?,about 575 feet,[],1,"musique_4hop1__88342_75218_128008_54974_2,musique_4hop1__88342_75218_128008_54974_9,musique_4hop1__88342_75218_128008_54974_12,musique_4hop1__88342_75218_128008_54974_13","[""World Series"", ""Major League Baseball Most Valuable Player Award"", ""Home run"", ""New York Yankees""]","[2, 9, 12, 13]",4
4hop1__88342_75218_128008_86588,What is the longest home run in the history of the league of the team that has played the most games in the competition they give out MVP awards after?,582 feet (177 m),[],1,"musique_4hop1__88342_75218_128008_86588_2,musique_4hop1__88342_75218_128008_86588_6,musique_4hop1__88342_75218_128008_86588_7,musique_4hop1__88342_75218_128008_86588_13","[""Major League Baseball Most Valuable Player Award"", ""New York Yankees"", ""World Series"", ""Home run""]","[2, 6, 7, 13]",4
4hop3__275416_24325_156850_10557,"Despite being located in East Belgium, the Carnival of the birth place of Guido Maus harks purely to an area. What was the language having the same name as this area of the era with Fastrada's spouse's name later known as?",Medieval Latin,[],1,"musique_4hop3__275416_24325_156850_10557_0,musique_4hop3__275416_24325_156850_10557_11,musique_4hop3__275416_24325_156850_10557_12,musique_4hop3__275416_24325_156850_10557_17","[""Fastrada"", ""Carnival"", ""Guido Maus"", ""Middle Ages""]","[0, 11, 12, 17]",4
4hop3__275416_24325_125104_10557,The carnival of Guido Maus's birth place is linked to a European culture. In the era of Rotrude's father the language of that culture was later referred to by what name?,Medieval Latin,[],1,"musique_4hop3__275416_24325_125104_10557_4,musique_4hop3__275416_24325_125104_10557_7,musique_4hop3__275416_24325_125104_10557_10,musique_4hop3__275416_24325_125104_10557_17","[""Carnival"", ""Rotrude"", ""Guido Maus"", ""Middle Ages""]","[4, 7, 10, 17]",4
4hop3__813358_24325_125104_10557,"The carnival in the town where Jean Mathonet died is rooted in a European culture. In Rotrude's father's era, the language of that culture was later known by what name?",Medieval Latin,[],1,"musique_4hop3__813358_24325_125104_10557_3,musique_4hop3__813358_24325_125104_10557_7,musique_4hop3__813358_24325_125104_10557_8,musique_4hop3__813358_24325_125104_10557_18","[""Middle Ages"", ""Jean Mathonet"", ""Carnival"", ""Rotrude""]","[3, 7, 8, 18]",4
4hop1__638706_765799_282674_759393,What is the seat of the county sharing a border with the county where Tenement was founded?,Green Bay,[],1,"musique_4hop1__638706_765799_282674_759393_1,musique_4hop1__638706_765799_282674_759393_7,musique_4hop1__638706_765799_282674_759393_14,musique_4hop1__638706_765799_282674_759393_17","[""John C. Petersen"", ""Jerome Quinn"", ""Pulaski High School"", ""Tenement (band)""]","[1, 7, 14, 17]",4
4hop1__199362_765799_282674_759393,What is the seat of the county sharing a border with the county whose seat is the city WAPL is licensed to broadcast to?,Green Bay,[],1,"musique_4hop1__199362_765799_282674_759393_2,musique_4hop1__199362_765799_282674_759393_4,musique_4hop1__199362_765799_282674_759393_15,musique_4hop1__199362_765799_282674_759393_19","[""Pulaski High School"", ""Jerome Quinn"", ""John C. Petersen"", ""WAPL""]","[2, 4, 15, 19]",4
4hop1__707078_378185_282674_759393,What is the capital of the county that shares a border with the county that contains the birthplace of Erik Jensen?,Green Bay,[],1,"musique_4hop1__707078_378185_282674_759393_2,musique_4hop1__707078_378185_282674_759393_3,musique_4hop1__707078_378185_282674_759393_12,musique_4hop1__707078_378185_282674_759393_18","[""Erik Jensen (American football)"", ""John C. Petersen"", ""Pulaski High School"", ""Jerome Quinn""]","[2, 3, 12, 18]",4
4hop1__638706_378185_282674_759393,What is the capital of the county that shares a border with the county where the band Tenement was formed?,Green Bay,[],1,"musique_4hop1__638706_378185_282674_759393_5,musique_4hop1__638706_378185_282674_759393_6,musique_4hop1__638706_378185_282674_759393_10,musique_4hop1__638706_378185_282674_759393_12","[""Pulaski High School"", ""Jerome Quinn"", ""John C. Petersen"", ""Tenement (band)""]","[5, 6, 10, 12]",4
4hop1__199362_378185_282674_759393,What is the capital of the county that shares a border with the county where WAPL is licensed to broadcast?,Green Bay,[],1,"musique_4hop1__199362_378185_282674_759393_5,musique_4hop1__199362_378185_282674_759393_8,musique_4hop1__199362_378185_282674_759393_10,musique_4hop1__199362_378185_282674_759393_15","[""WAPL"", ""John C. Petersen"", ""Pulaski High School"", ""Jerome Quinn""]","[5, 8, 10, 15]",4
4hop1__833841_378185_282674_759393,What is the seat of the county sharing a border with the county in which Amy McKenzie was born?,Green Bay,[],1,"musique_4hop1__833841_378185_282674_759393_2,musique_4hop1__833841_378185_282674_759393_3,musique_4hop1__833841_378185_282674_759393_9,musique_4hop1__833841_378185_282674_759393_11","[""Pulaski High School"", ""Amy McKenzie"", ""Jerome Quinn"", ""John C. Petersen""]","[2, 3, 9, 11]",4
4hop1__690653_378185_282674_759393,"What is the capital of the county, that shares a border with the other county, that includes the city where Main Hall is located?",Green Bay,[],1,"musique_4hop1__690653_378185_282674_759393_0,musique_4hop1__690653_378185_282674_759393_3,musique_4hop1__690653_378185_282674_759393_13,musique_4hop1__690653_378185_282674_759393_18","[""Jerome Quinn"", ""Main Hall (Lawrence University)"", ""Pulaski High School"", ""John C. Petersen""]","[0, 3, 13, 18]",4
4hop1__344155_378185_282674_759393,What is the seat of the county sharing a border with the county with a town to which KRSU is licensed to broadcast?,Green Bay,[],1,"musique_4hop1__344155_378185_282674_759393_0,musique_4hop1__344155_378185_282674_759393_2,musique_4hop1__344155_378185_282674_759393_7,musique_4hop1__344155_378185_282674_759393_14","[""John C. Petersen"", ""Pulaski High School"", ""KRSU (FM)"", ""Jerome Quinn""]","[0, 2, 7, 14]",4
4hop1__814776_378185_282674_759393,"What city is the capital of the county, that shares a border with the other county, that contains the city where Western Islands is headquartered?",Green Bay,[],1,"musique_4hop1__814776_378185_282674_759393_0,musique_4hop1__814776_378185_282674_759393_3,musique_4hop1__814776_378185_282674_759393_5,musique_4hop1__814776_378185_282674_759393_19","[""Western Islands (publisher)"", ""Jerome Quinn"", ""Pulaski High School"", ""John C. Petersen""]","[0, 3, 5, 19]",4
4hop1__436202_378185_282674_759393,What is the seat of the county sharing a border with the county in which J.P. Hayes was born?,Green Bay,[],1,"musique_4hop1__436202_378185_282674_759393_3,musique_4hop1__436202_378185_282674_759393_9,musique_4hop1__436202_378185_282674_759393_15,musique_4hop1__436202_378185_282674_759393_18","[""Jerome Quinn"", ""Pulaski High School"", ""John C. Petersen"", ""J. P. Hayes""]","[3, 9, 15, 18]",4
4hop1__324759_378185_282674_759393,What is the capital of the county that shares a border with the county where Pierce Manufacturing's headquarters are located?,Green Bay,[],1,"musique_4hop1__324759_378185_282674_759393_2,musique_4hop1__324759_378185_282674_759393_4,musique_4hop1__324759_378185_282674_759393_6,musique_4hop1__324759_378185_282674_759393_10","[""Jerome Quinn"", ""Pulaski High School"", ""Pierce Manufacturing"", ""John C. Petersen""]","[2, 4, 6, 10]",4
4hop1__668178_378185_282674_759393,What is the capital of the county that shares a border with the county where Don Werner was born?,Green Bay,[],1,"musique_4hop1__668178_378185_282674_759393_0,musique_4hop1__668178_378185_282674_759393_7,musique_4hop1__668178_378185_282674_759393_14,musique_4hop1__668178_378185_282674_759393_17","[""Don Werner"", ""John C. Petersen"", ""Pulaski High School"", ""Jerome Quinn""]","[0, 7, 14, 17]",4
4hop1__436202_765799_282674_759393,What is the seat of the county sharing a border with the county in which J. P. Hayes was born?,Green Bay,[],1,"musique_4hop1__436202_765799_282674_759393_3,musique_4hop1__436202_765799_282674_759393_6,musique_4hop1__436202_765799_282674_759393_18,musique_4hop1__436202_765799_282674_759393_19","[""J. P. Hayes"", ""Pulaski High School"", ""John C. Petersen"", ""Jerome Quinn""]","[3, 6, 18, 19]",4
4hop1__399219_765799_282674_759393,What is the seat of the county sharing a border with the county in which Valley New School is located?,Green Bay,[],1,"musique_4hop1__399219_765799_282674_759393_1,musique_4hop1__399219_765799_282674_759393_5,musique_4hop1__399219_765799_282674_759393_7,musique_4hop1__399219_765799_282674_759393_18","[""John C. Petersen"", ""Jerome Quinn"", ""Pulaski High School"", ""Valley New School""]","[1, 5, 7, 18]",4
4hop1__707078_765799_282674_759393,What is the capital of the county that shares a border with the county whose capital is the birthplace of Erik Jensen?,Green Bay,[],1,"musique_4hop1__707078_765799_282674_759393_3,musique_4hop1__707078_765799_282674_759393_5,musique_4hop1__707078_765799_282674_759393_17,musique_4hop1__707078_765799_282674_759393_18","[""Jerome Quinn"", ""Pulaski High School"", ""Erik Jensen (American football)"", ""John C. Petersen""]","[3, 5, 17, 18]",4
4hop1__814776_765799_282674_759393,What is the seat of the county sharing a border with the county where Western Islands is headquartered?,Green Bay,[],1,"musique_4hop1__814776_765799_282674_759393_1,musique_4hop1__814776_765799_282674_759393_3,musique_4hop1__814776_765799_282674_759393_4,musique_4hop1__814776_765799_282674_759393_7","[""Jerome Quinn"", ""Pulaski High School"", ""John C. Petersen"", ""Western Islands (publisher)""]","[1, 3, 4, 7]",4
4hop1__324759_765799_282674_759393,What is the capital of the county that shares a border with the county where the headquarters of Pierce Manufacturing is located?,Green Bay,[],1,"musique_4hop1__324759_765799_282674_759393_0,musique_4hop1__324759_765799_282674_759393_6,musique_4hop1__324759_765799_282674_759393_10,musique_4hop1__324759_765799_282674_759393_11","[""John C. Petersen"", ""Jerome Quinn"", ""Pulaski High School"", ""Pierce Manufacturing""]","[0, 6, 10, 11]",4
4hop1__199881_378185_282674_759393,What is the seat of the county sharing a border with the county in which Miller Electric is headquartered?,Green Bay,[],1,"musique_4hop1__199881_378185_282674_759393_4,musique_4hop1__199881_378185_282674_759393_11,musique_4hop1__199881_378185_282674_759393_15,musique_4hop1__199881_378185_282674_759393_18","[""Miller Electric"", ""John C. Petersen"", ""Pulaski High School"", ""Jerome Quinn""]","[4, 11, 15, 18]",4
4hop1__344155_765799_282674_759393,What is the capital of the county that shares a border with the county where KRSU is licensed to broadcast?,Green Bay,[],1,"musique_4hop1__344155_765799_282674_759393_10,musique_4hop1__344155_765799_282674_759393_14,musique_4hop1__344155_765799_282674_759393_17,musique_4hop1__344155_765799_282674_759393_18","[""Pulaski High School"", ""Jerome Quinn"", ""John C. Petersen"", ""KRSU (FM)""]","[10, 14, 17, 18]",4
4hop1__668178_765799_282674_759393,What is the seat of the county sharing a border with the county where Don Werner was born?,Green Bay,[],1,"musique_4hop1__668178_765799_282674_759393_0,musique_4hop1__668178_765799_282674_759393_2,musique_4hop1__668178_765799_282674_759393_12,musique_4hop1__668178_765799_282674_759393_17","[""Don Werner"", ""Pulaski High School"", ""John C. Petersen"", ""Jerome Quinn""]","[0, 2, 12, 17]",4
4hop1__199881_765799_282674_759393,What is the seat of the county sharing a border with the county where Miller Electric is headquartered?,Green Bay,[],1,"musique_4hop1__199881_765799_282674_759393_0,musique_4hop1__199881_765799_282674_759393_7,musique_4hop1__199881_765799_282674_759393_14,musique_4hop1__199881_765799_282674_759393_15","[""Pulaski High School"", ""Miller Electric"", ""John C. Petersen"", ""Jerome Quinn""]","[0, 7, 14, 15]",4
4hop1__105773_457883_650651_7262,Country A has an embassy from the country that produces the show Krystala. Who was a prominent figure in the radio division of the network that created a version of the Biggest Loser for country A?,Walter Sabo,[],1,"musique_4hop1__105773_457883_650651_7262_1,musique_4hop1__105773_457883_650651_7262_7,musique_4hop1__105773_457883_650651_7262_8,musique_4hop1__105773_457883_650651_7262_9","[""Embassy of the Philippines, Bandar Seri Begawan"", ""Adult contemporary music"", ""The Biggest Loser Brunei: Lose It All"", ""Krystala""]","[1, 7, 8, 9]",4
4hop1__107309_457883_650651_7262,The Embassy of the country where palitaw comes from is found in Bandar Seri Begawan in Country A. Who was a prominent figure at the radio division of the creator of The Biggest Loser at Country A?,Walter Sabo,[],1,"musique_4hop1__107309_457883_650651_7262_2,musique_4hop1__107309_457883_650651_7262_3,musique_4hop1__107309_457883_650651_7262_4,musique_4hop1__107309_457883_650651_7262_16","[""Adult contemporary music"", ""The Biggest Loser Brunei: Lose It All"", ""Palitaw"", ""Embassy of the Philippines, Bandar Seri Begawan""]","[2, 3, 4, 16]",4
4hop1__161810_583746_457883_650651,Country A has an embassy from the country that contains the bay where the city of General Santos is located. What network created country A's version of The Biggest Loser?,NBC,[],1,"musique_4hop1__161810_583746_457883_650651_5,musique_4hop1__161810_583746_457883_650651_8,musique_4hop1__161810_583746_457883_650651_11,musique_4hop1__161810_583746_457883_650651_18","[""The Biggest Loser Brunei: Lose It All"", ""Embassy of the Philippines, Bandar Seri Begawan"", ""Sarangani Bay"", ""South Cotabato""]","[5, 8, 11, 18]",4
4hop1__115977_582428_157828_162309,When did the country whose co-official language was used by the director of And Love Has Vanished first attend the Olympics games as an independent team?,2016,[],1,"musique_4hop1__115977_582428_157828_162309_5,musique_4hop1__115977_582428_157828_162309_12,musique_4hop1__115977_582428_157828_162309_13,musique_4hop1__115977_582428_157828_162309_14","[""Yugoslavia at the Olympics"", ""Aleksandar Petrovi\u0107 (film director)"", ""And Love Has Vanished"", ""Serbian language""]","[5, 12, 13, 14]",4
4hop1__9007_698949_157828_239539,The original language of the film titled and about the city of Tito's final resting place is the co-official language of a country. Where are the headquarters for that country's national radio and TV broadcaster?,Pristina,[],1,"musique_4hop1__9007_698949_157828_239539_5,musique_4hop1__9007_698949_157828_239539_13,musique_4hop1__9007_698949_157828_239539_14,musique_4hop1__9007_698949_157828_239539_15","[""Media in Pristina"", ""Serbian language"", ""Josip Broz Tito"", ""Belgrade (film)""]","[5, 13, 14, 15]",4
4hop1__9002_698949_157828_239539,The language of a film titled and about the city where Tito was interred is the co-official language of a county. In what city is the national Radio and Television broadcaster for that country?,Pristina,[],1,"musique_4hop1__9002_698949_157828_239539_2,musique_4hop1__9002_698949_157828_239539_3,musique_4hop1__9002_698949_157828_239539_6,musique_4hop1__9002_698949_157828_239539_17","[""Belgrade (film)"", ""Josip Broz Tito"", ""Media in Pristina"", ""Serbian language""]","[2, 3, 6, 17]",4
4hop1__145494_698949_157828_162309,When did the country whose co-official language was used in the movie named after the place where Bela Linder died first attend the Olympics games as an independent team?,2016,[],1,"musique_4hop1__145494_698949_157828_162309_0,musique_4hop1__145494_698949_157828_162309_7,musique_4hop1__145494_698949_157828_162309_9,musique_4hop1__145494_698949_157828_162309_15","[""B\u00e9la Linder"", ""Belgrade (film)"", ""Serbian language"", ""Yugoslavia at the Olympics""]","[0, 7, 9, 15]",4
4hop1__145422_698949_157828_162309,"When did the country, that has the original language of the film named after Vladimir Karalić's birthplace as a co-official language, first attend the Olympics as an independent team?",2016,[],1,"musique_4hop1__145422_698949_157828_162309_0,musique_4hop1__145422_698949_157828_162309_2,musique_4hop1__145422_698949_157828_162309_12,musique_4hop1__145422_698949_157828_162309_19","[""Vladimir Karali\u0107"", ""Yugoslavia at the Olympics"", ""Belgrade (film)"", ""Serbian language""]","[0, 2, 12, 19]",4
4hop1__749065_698949_157828_162309,When did the country whose co-official language was used in the show named for the place Slavko Surdonja died first attend the Olympics games as an independent team?,2016,[],1,"musique_4hop1__749065_698949_157828_162309_0,musique_4hop1__749065_698949_157828_162309_4,musique_4hop1__749065_698949_157828_162309_14,musique_4hop1__749065_698949_157828_162309_18","[""Belgrade (film)"", ""Serbian language"", ""Slavko \u0160urdonja"", ""Yugoslavia at the Olympics""]","[0, 4, 14, 18]",4
4hop1__9007_698949_157828_162309,When did the country with a co-official language used in the film titled after the city that is the final resting place of Tito first attend the Olympics games?,2016,[],1,"musique_4hop1__9007_698949_157828_162309_1,musique_4hop1__9007_698949_157828_162309_3,musique_4hop1__9007_698949_157828_162309_9,musique_4hop1__9007_698949_157828_162309_13","[""Belgrade (film)"", ""Josip Broz Tito"", ""Serbian language"", ""Yugoslavia at the Olympics""]","[1, 3, 9, 13]",4
4hop1__146971_698949_157828_162309,When did the country that has the same co-official language as that of the movie about the city where Petar Trifunović died send an independent team to the Olympics?,2016,[],1,"musique_4hop1__146971_698949_157828_162309_8,musique_4hop1__146971_698949_157828_162309_10,musique_4hop1__146971_698949_157828_162309_14,musique_4hop1__146971_698949_157828_162309_18","[""Belgrade (film)"", ""Yugoslavia at the Olympics"", ""Petar Trifunovi\u0107"", ""Serbian language""]","[8, 10, 14, 18]",4
4hop1__118068_582428_157828_162309,"When did the country, whose co-official language was used by the director of Group Portrait with a Lady, first attend the Olympics as an independent team?",2016,[],1,"musique_4hop1__118068_582428_157828_162309_0,musique_4hop1__118068_582428_157828_162309_2,musique_4hop1__118068_582428_157828_162309_7,musique_4hop1__118068_582428_157828_162309_9","[""Aleksandar Petrovi\u0107 (film director)"", ""Serbian language"", ""Group Portrait with a Lady"", ""Yugoslavia at the Olympics""]","[0, 2, 7, 9]",4
4hop3__316459_41402_145282_13584,"Besides areas of the country that gained control of Florida after the conflict Charles Edmund Nugent participated in, what other differences are there between Paco Godia's birthplace and Real Madrid?",two cities,[],1,"musique_4hop3__316459_41402_145282_13584_1,musique_4hop3__316459_41402_145282_13584_10,musique_4hop3__316459_41402_145282_13584_17,musique_4hop3__316459_41402_145282_13584_19","[""Jacksonville, Florida"", ""Paco Godia"", ""FC Barcelona"", ""Charles Edmund Nugent""]","[1, 10, 17, 19]",4
4hop3__316459_41402_145922_13584,"Besides areas of the country gaining control of Florida after the conflict Charles Edmund Nugent participated in, what other differences exist between where Carlos Barral died and Real Madrid?",two cities,[],1,"musique_4hop3__316459_41402_145922_13584_9,musique_4hop3__316459_41402_145922_13584_10,musique_4hop3__316459_41402_145922_13584_17,musique_4hop3__316459_41402_145922_13584_18","[""Carlos Barral"", ""FC Barcelona"", ""Jacksonville, Florida"", ""Charles Edmund Nugent""]","[9, 10, 17, 18]",4
4hop3__316459_41402_157761_13584,"A country gained control of Florida after the war in which Charles Edmund Nugent saw action. Besides the different areas of that country, what other differences are there between Real Madrid and the team for the city he moved to in 1999?",two cities,[],1,"musique_4hop3__316459_41402_157761_13584_2,musique_4hop3__316459_41402_157761_13584_12,musique_4hop3__316459_41402_157761_13584_14,musique_4hop3__316459_41402_157761_13584_19","[""FC Barcelona"", ""Flavio Manzoni"", ""Charles Edmund Nugent"", ""Jacksonville, Florida""]","[2, 12, 14, 19]",4
4hop3__316459_41402_146281_13584,"A country gained control of Florida after the war in which Charles Edmund Nugent saw action. Besides their locations in that country, what other differences are there between Real Madrid and the football team from the city where Aleran died?",two cities,[],1,"musique_4hop3__316459_41402_146281_13584_4,musique_4hop3__316459_41402_146281_13584_16,musique_4hop3__316459_41402_146281_13584_18,musique_4hop3__316459_41402_146281_13584_19","[""Aleran"", ""Jacksonville, Florida"", ""Charles Edmund Nugent"", ""FC Barcelona""]","[4, 16, 18, 19]",4
4hop3__316459_41402_599212_13584,"A country gained control of Florida after the war in which Charles Edward Nugent saw action. Besides being in different parts of that country, what other differences are there between Real Madrid and Hostafrancs's city's team?",two cities,[],1,"musique_4hop3__316459_41402_599212_13584_1,musique_4hop3__316459_41402_599212_13584_4,musique_4hop3__316459_41402_599212_13584_9,musique_4hop3__316459_41402_599212_13584_17","[""Hostafrancs"", ""Jacksonville, Florida"", ""FC Barcelona"", ""Charles Edmund Nugent""]","[1, 4, 9, 17]",4
4hop3__316459_41402_146223_13584,"Besides areas of the country gaining control of Florida after the conflict Charles Edmund Nugent participated in, what other differences exist between where Simon Sabiani died and Real Madrid?",two cities,[],1,"musique_4hop3__316459_41402_146223_13584_0,musique_4hop3__316459_41402_146223_13584_9,musique_4hop3__316459_41402_146223_13584_10,musique_4hop3__316459_41402_146223_13584_13","[""Jacksonville, Florida"", ""FC Barcelona"", ""Simon Sabiani"", ""Charles Edmund Nugent""]","[0, 9, 10, 13]",4
4hop1__749065_698949_157828_239539,"Where are the headquarters of the Radio Television, of the country whose co-official language was used in the film named after the city where Slavko Šurdonja?",Pristina,[],1,"musique_4hop1__749065_698949_157828_239539_3,musique_4hop1__749065_698949_157828_239539_5,musique_4hop1__749065_698949_157828_239539_13,musique_4hop1__749065_698949_157828_239539_19","[""Serbian language"", ""Slavko \u0160urdonja"", ""Belgrade (film)"", ""Media in Pristina""]","[3, 5, 13, 19]",4
4hop1__152146_5274_458768_33632,What day is the Feast held in the city where the headquarters of the only group larger than Långa nätter's record label is located?,May 4,[],1,"musique_4hop1__152146_5274_458768_33632_4,musique_4hop1__152146_5274_458768_33632_8,musique_4hop1__152146_5274_458768_33632_10,musique_4hop1__152146_5274_458768_33632_17","[""Sony Music"", ""The Right Stuff Records"", ""Santa Monica, California"", ""L\u00e5nga n\u00e4tter""]","[4, 8, 10, 17]",4
4hop1__151650_5274_458768_33633,What date did Gaspar reach the region which would be the headquarters of the record label of which the only larger label is the one that signed Desde El Principio?,"August 3, 1769",[],1,"musique_4hop1__151650_5274_458768_33633_2,musique_4hop1__151650_5274_458768_33633_4,musique_4hop1__151650_5274_458768_33633_10,musique_4hop1__151650_5274_458768_33633_12","[""Desde El Principio"", ""The Right Stuff Records"", ""Santa Monica, California"", ""Sony Music""]","[2, 4, 10, 12]",4
4hop1__152562_5274_458768_33633,When did the explorer reach the city where the headquarters of the only group larger than Vilaiyaadu Mankatha's record label is located?,"August 3, 1769",[],1,"musique_4hop1__152562_5274_458768_33633_7,musique_4hop1__152562_5274_458768_33633_8,musique_4hop1__152562_5274_458768_33633_9,musique_4hop1__152562_5274_458768_33633_19","[""Sony Music"", ""Vilaiyaadu Mankatha"", ""The Right Stuff Records"", ""Santa Monica, California""]","[7, 8, 9, 19]",4
4hop1__567737_141375_458768_33632,"What day is the feast held in the city containing the headquarters of the company, that owns the record label that released Study in Brown?",May 4,[],1,"musique_4hop1__567737_141375_458768_33632_5,musique_4hop1__567737_141375_458768_33632_11,musique_4hop1__567737_141375_458768_33632_15,musique_4hop1__567737_141375_458768_33632_19","[""The Right Stuff Records"", ""EmArcy Records"", ""Santa Monica, California"", ""Study in Brown""]","[5, 11, 15, 19]",4
4hop1__151650_5274_458768_33632,What day is the Feast in the city where the headquarters of the only group larger than Desde El Principio's record label held on?,May 4,[],1,"musique_4hop1__151650_5274_458768_33632_1,musique_4hop1__151650_5274_458768_33632_7,musique_4hop1__151650_5274_458768_33632_8,musique_4hop1__151650_5274_458768_33632_10","[""Desde El Principio"", ""Sony Music"", ""The Right Stuff Records"", ""Santa Monica, California""]","[1, 7, 8, 10]",4
4hop1__152146_5274_458768_33633,When did the explorer reach the headquarters location of the only company larger than Langa natter's record label?,"August 3, 1769",[],1,"musique_4hop1__152146_5274_458768_33633_9,musique_4hop1__152146_5274_458768_33633_13,musique_4hop1__152146_5274_458768_33633_15,musique_4hop1__152146_5274_458768_33633_19","[""Santa Monica, California"", ""Sony Music"", ""The Right Stuff Records"", ""L\u00e5nga n\u00e4tter""]","[9, 13, 15, 19]",4
4hop1__3496_5274_458768_33633,What date did the explorer reach the location of the headquarters of the only company larger than BMG's partner from 2005-2007?,"August 3, 1769",[],1,"musique_4hop1__3496_5274_458768_33633_0,musique_4hop1__3496_5274_458768_33633_1,musique_4hop1__3496_5274_458768_33633_4,musique_4hop1__3496_5274_458768_33633_5","[""The Right Stuff Records"", ""American Idol"", ""Sony Music"", ""Santa Monica, California""]","[0, 1, 4, 5]",4
4hop1__567737_141375_458768_33633,When did the explorer reach the headquarters location of the group Study in Brown's record label is part of?,"August 3, 1769",[],1,"musique_4hop1__567737_141375_458768_33633_3,musique_4hop1__567737_141375_458768_33633_8,musique_4hop1__567737_141375_458768_33633_9,musique_4hop1__567737_141375_458768_33633_18","[""Study in Brown"", ""EmArcy Records"", ""Santa Monica, California"", ""The Right Stuff Records""]","[3, 8, 9, 18]",4
4hop1__152562_5274_458768_33632,"What day is the feast held, in the city that holds the headquarters of the only music company that is larger than the record label of Vilaiyaadu Mankatha?",May 4,[],1,"musique_4hop1__152562_5274_458768_33632_0,musique_4hop1__152562_5274_458768_33632_2,musique_4hop1__152562_5274_458768_33632_5,musique_4hop1__152562_5274_458768_33632_19","[""Sony Music"", ""Santa Monica, California"", ""The Right Stuff Records"", ""Vilaiyaadu Mankatha""]","[0, 2, 5, 19]",4
4hop1__151903_5274_458768_33633,When did the explorer reach the city where the only group larger than the record label of The Lost Trident Sessions is headquartered?,"August 3, 1769",[],1,"musique_4hop1__151903_5274_458768_33633_2,musique_4hop1__151903_5274_458768_33633_3,musique_4hop1__151903_5274_458768_33633_10,musique_4hop1__151903_5274_458768_33633_17","[""Santa Monica, California"", ""The Right Stuff Records"", ""Sony Music"", ""The Lost Trident Sessions""]","[2, 3, 10, 17]",4
4hop3__373866_5189_31809_86687,A country was in effective control of both political and military functions of the organization the People's Socialist Republic of Albania belonged. When did this country agree to a unified Germany inside the organization that killed Gaddafi's grandsons?,May 1990,"[""1990""]",1,"musique_4hop3__373866_5189_31809_86687_0,musique_4hop3__373866_5189_31809_86687_2,musique_4hop3__373866_5189_31809_86687_9,musique_4hop3__373866_5189_31809_86687_10","[""German reunification"", ""Warsaw Pact"", ""Muammar Gaddafi"", ""Hero of Socialist Labour (Albania)""]","[0, 2, 9, 10]",4
4hop1__76111_624859_355213_203322,What county shares a border with the county where the singer of Hungry Eyes from the movie Dirty Dancing was born?,Cabarrus County,[],1,"musique_4hop1__76111_624859_355213_203322_0,musique_4hop1__76111_624859_355213_203322_7,musique_4hop1__76111_624859_355213_203322_12,musique_4hop1__76111_624859_355213_203322_13","[""Gold Hill, North Carolina"", ""The Definitive Collection (Eric Carmen album)"", ""Hungry Eyes"", ""Cleveland, North Carolina""]","[0, 7, 12, 13]",4
4hop1__43565_624859_355213_203322,Which county shares a border with the county where the city in which the original singer of All By Myself was born is located?,Cabarrus County,[],1,"musique_4hop1__43565_624859_355213_203322_0,musique_4hop1__43565_624859_355213_203322_3,musique_4hop1__43565_624859_355213_203322_12,musique_4hop1__43565_624859_355213_203322_19","[""Cleveland, North Carolina"", ""All by Myself"", ""Gold Hill, North Carolina"", ""The Definitive Collection (Eric Carmen album)""]","[0, 3, 12, 19]",4
4hop1__89530_624859_355213_203322,"What county shares a border with the other county, that contains the city, where the singer of Hungry Eyes in the movie Dirty Dancing, was born?",Cabarrus County,[],1,"musique_4hop1__89530_624859_355213_203322_0,musique_4hop1__89530_624859_355213_203322_7,musique_4hop1__89530_624859_355213_203322_9,musique_4hop1__89530_624859_355213_203322_12","[""The Definitive Collection (Eric Carmen album)"", ""Cleveland, North Carolina"", ""Hungry Eyes"", ""Gold Hill, North Carolina""]","[0, 7, 9, 12]",4
4hop1__767417_624859_355213_203322,What county shares a border with the county where the performer of Change of Heart was born?,Cabarrus County,[],1,"musique_4hop1__767417_624859_355213_203322_11,musique_4hop1__767417_624859_355213_203322_14,musique_4hop1__767417_624859_355213_203322_18,musique_4hop1__767417_624859_355213_203322_19","[""Change of Heart (Eric Carmen album)"", ""The Definitive Collection (Eric Carmen album)"", ""Gold Hill, North Carolina"", ""Cleveland, North Carolina""]","[11, 14, 18, 19]",4
4hop3__373866_5189_276146_86687,A country was in effective control of both political and military functions of the organization the People's Socialist Republic of Albania belonged to. When did this country agree to a unified Germany inside the organization that ran an annual event called Exercise Reforger?,May 1990,"[""1990""]",1,"musique_4hop3__373866_5189_276146_86687_0,musique_4hop3__373866_5189_276146_86687_9,musique_4hop3__373866_5189_276146_86687_14,musique_4hop3__373866_5189_276146_86687_16","[""Warsaw Pact"", ""Exercise Reforger"", ""Hero of Socialist Labour (Albania)"", ""German reunification""]","[0, 9, 14, 16]",4
4hop1__814349_624859_355213_203322,What county shares a border with the county where She Did It's performer was born?,Cabarrus County,[],1,"musique_4hop1__814349_624859_355213_203322_3,musique_4hop1__814349_624859_355213_203322_4,musique_4hop1__814349_624859_355213_203322_7,musique_4hop1__814349_624859_355213_203322_19","[""Gold Hill, North Carolina"", ""Cleveland, North Carolina"", ""She Did It"", ""The Definitive Collection (Eric Carmen album)""]","[3, 4, 7, 19]",4
4hop1__463635_624859_355213_203322,What county shares a border with the county where the birthplace of Tonight You're Mine's performer is located?,Cabarrus County,[],1,"musique_4hop1__463635_624859_355213_203322_5,musique_4hop1__463635_624859_355213_203322_11,musique_4hop1__463635_624859_355213_203322_12,musique_4hop1__463635_624859_355213_203322_17","[""The Definitive Collection (Eric Carmen album)"", ""Tonight You're Mine"", ""Gold Hill, North Carolina"", ""Cleveland, North Carolina""]","[5, 11, 12, 17]",4
4hop1__482815_624859_355213_203322,"What county shares a border with the other county, that contains the city, that is the birthplace of the performer of Never Gonna Fall in Love Again?",Cabarrus County,[],1,"musique_4hop1__482815_624859_355213_203322_11,musique_4hop1__482815_624859_355213_203322_13,musique_4hop1__482815_624859_355213_203322_14,musique_4hop1__482815_624859_355213_203322_19","[""Never Gonna Fall in Love Again"", ""Gold Hill, North Carolina"", ""Cleveland, North Carolina"", ""The Definitive Collection (Eric Carmen album)""]","[11, 13, 14, 19]",4
4hop1__228808_49925_13759_736921,"The German priest, who wanted to reform Laurean Rugambwa's religion, preached a sermon on Marian devotion late in his life in which German state?",Saxony-Anhalt,[],1,"musique_4hop1__228808_49925_13759_736921_3,musique_4hop1__228808_49925_13759_736921_4,musique_4hop1__228808_49925_13759_736921_7,musique_4hop1__228808_49925_13759_736921_12","[""Reformation"", ""Laurean Rugambwa"", ""Wittenberg (district)"", ""Mary, mother of Jesus""]","[3, 4, 7, 12]",4
4hop1__571599_49925_13759_736921,Where is the district that the person who wanted to reform and address Medardo Joseph Mazombwe's religion preached a sermon on Marian devotion before his death located?,Saxony-Anhalt,[],1,"musique_4hop1__571599_49925_13759_736921_1,musique_4hop1__571599_49925_13759_736921_4,musique_4hop1__571599_49925_13759_736921_14,musique_4hop1__571599_49925_13759_736921_18","[""Mary, mother of Jesus"", ""Medardo Joseph Mazombwe"", ""Reformation"", ""Wittenberg (district)""]","[1, 4, 14, 18]",4
4hop1__56635_49925_13759_736921,"The German priest, who wanted to reform the religious denomination now the largest in the US, preached a sermon on Marian devotion soon before his death in which German state?",Saxony-Anhalt,[],1,"musique_4hop1__56635_49925_13759_736921_1,musique_4hop1__56635_49925_13759_736921_4,musique_4hop1__56635_49925_13759_736921_16,musique_4hop1__56635_49925_13759_736921_17","[""Reformation"", ""Religion in the United States"", ""Wittenberg (district)"", ""Mary, mother of Jesus""]","[1, 4, 16, 17]",4
4hop1__570103_49925_13759_736921,Where is the district that the person who wanted to reform and address Brian Nobles's religion preached a sermon on Marian devotion before his death located?,Saxony-Anhalt,[],1,"musique_4hop1__570103_49925_13759_736921_1,musique_4hop1__570103_49925_13759_736921_2,musique_4hop1__570103_49925_13759_736921_8,musique_4hop1__570103_49925_13759_736921_13","[""Reformation"", ""Wittenberg (district)"", ""Brian Noble (bishop)"", ""Mary, mother of Jesus""]","[1, 2, 8, 13]",4
4hop1__636860_49925_13759_736921,"The German priest, who wanted Abraham Shimonaya's religious denomination to reform, preached a sermon on Marian devotion soon before his death in which German state?",Saxony-Anhalt,[],1,"musique_4hop1__636860_49925_13759_736921_4,musique_4hop1__636860_49925_13759_736921_15,musique_4hop1__636860_49925_13759_736921_16,musique_4hop1__636860_49925_13759_736921_18","[""Mary, mother of Jesus"", ""Reformation"", ""Wittenberg (district)"", ""Abraham Shimonaya""]","[4, 15, 16, 18]",4
4hop1__696484_49925_13759_736921,Where is the district that the person who wanted to reform and address Bernhard Lichtenberg's religion preached a sermon on Marian devotion before his death located?,Saxony-Anhalt,[],1,"musique_4hop1__696484_49925_13759_736921_2,musique_4hop1__696484_49925_13759_736921_3,musique_4hop1__696484_49925_13759_736921_4,musique_4hop1__696484_49925_13759_736921_8","[""Mary, mother of Jesus"", ""Reformation"", ""Wittenberg (district)"", ""Bernhard Lichtenberg""]","[2, 3, 4, 8]",4
4hop1__159467_725495_49925_349426,Who married the man who wanted to reform the institution behind the denomination constituting 12.6% of Christians in New Zealand?,Katharina von Bora,[],1,"musique_4hop1__159467_725495_49925_349426_2,musique_4hop1__159467_725495_49925_349426_9,musique_4hop1__159467_725495_49925_349426_13,musique_4hop1__159467_725495_49925_349426_17","[""Catholic Church in Lesotho"", ""Katharina von Bora"", ""New Zealand"", ""Reformation""]","[2, 9, 13, 17]",4
4hop1__341156_49925_13759_736921,"In what German state is the district where the man, who wanted the religion underlying Daraga Church to reform, preached a sermon on Marian devotion?",Saxony-Anhalt,[],1,"musique_4hop1__341156_49925_13759_736921_6,musique_4hop1__341156_49925_13759_736921_11,musique_4hop1__341156_49925_13759_736921_14,musique_4hop1__341156_49925_13759_736921_18","[""Wittenberg (district)"", ""Daraga Church"", ""Reformation"", ""Mary, mother of Jesus""]","[6, 11, 14, 18]",4
4hop1__711307_49925_13759_736921,"The German priest, who wanted Jean Hengen's religious denomination to reform, preached a sermon on Marian devotion a month before his death in what German state?",Saxony-Anhalt,[],1,"musique_4hop1__711307_49925_13759_736921_5,musique_4hop1__711307_49925_13759_736921_8,musique_4hop1__711307_49925_13759_736921_11,musique_4hop1__711307_49925_13759_736921_18","[""Reformation"", ""Wittenberg (district)"", ""Mary, mother of Jesus"", ""Jean Hengen""]","[5, 8, 11, 18]",4
4hop1__562740_49925_13759_736921,Where is the district that the person who wanted to reform and address the religion that practices altarage preach a sermon on Marian devotion before his death located?,Saxony-Anhalt,[],1,"musique_4hop1__562740_49925_13759_736921_0,musique_4hop1__562740_49925_13759_736921_3,musique_4hop1__562740_49925_13759_736921_12,musique_4hop1__562740_49925_13759_736921_16","[""Altarage"", ""Wittenberg (district)"", ""Mary, mother of Jesus"", ""Reformation""]","[0, 3, 12, 16]",4
4hop1__836115_49925_13759_736921,Where is the district that the person who wanted to reform and address Vincentas Sladkevičius' religion preached a sermon on Marian devotion before his death located?,Saxony-Anhalt,[],1,"musique_4hop1__836115_49925_13759_736921_3,musique_4hop1__836115_49925_13759_736921_4,musique_4hop1__836115_49925_13759_736921_8,musique_4hop1__836115_49925_13759_736921_19","[""Wittenberg (district)"", ""Reformation"", ""Mary, mother of Jesus"", ""Vincentas Sladkevi\u010dius""]","[3, 4, 8, 19]",4
4hop1__264443_49925_13759_736921,Where is the district that the person who wanted to reform and address Edward Egan's religion preached a sermon on Marian devotion before his death located?,Saxony-Anhalt,[],1,"musique_4hop1__264443_49925_13759_736921_3,musique_4hop1__264443_49925_13759_736921_5,musique_4hop1__264443_49925_13759_736921_10,musique_4hop1__264443_49925_13759_736921_15","[""Mary, mother of Jesus"", ""Reformation"", ""Wittenberg (district)"", ""Edward Egan""]","[3, 5, 10, 15]",4
4hop1__629520_49925_13759_736921,In what region of Germany is the district where a sermon on Marian devotion was preached by the man who wanted to reform the religion of Victor Razafimahatratra?,Saxony-Anhalt,[],1,"musique_4hop1__629520_49925_13759_736921_12,musique_4hop1__629520_49925_13759_736921_16,musique_4hop1__629520_49925_13759_736921_17,musique_4hop1__629520_49925_13759_736921_18","[""Victor Razafimahatratra"", ""Reformation"", ""Wittenberg (district)"", ""Mary, mother of Jesus""]","[12, 16, 17, 18]",4
4hop1__31050_725495_49925_349426,"Whose spouse wanted to reform the Christian denomination whose religion the general population, of Guam, converted to?",Katharina von Bora,[],1,"musique_4hop1__31050_725495_49925_349426_6,musique_4hop1__31050_725495_49925_349426_13,musique_4hop1__31050_725495_49925_349426_15,musique_4hop1__31050_725495_49925_349426_16","[""Guam"", ""Catholic Church in Lesotho"", ""Reformation"", ""Katharina von Bora""]","[6, 13, 15, 16]",4
4hop1__163763_49925_13759_736921,Where is the district that the person who wanted to reform and address Jesus Varela's religion preached a sermon on Marian devotion before his death located?,Saxony-Anhalt,[],1,"musique_4hop1__163763_49925_13759_736921_3,musique_4hop1__163763_49925_13759_736921_7,musique_4hop1__163763_49925_13759_736921_10,musique_4hop1__163763_49925_13759_736921_19","[""Mary, mother of Jesus"", ""Wittenberg (district)"", ""Reformation"", ""Jesus Varela""]","[3, 7, 10, 19]",4
4hop1__277409_49925_13759_736921,"The German priest, who wanted Joseph Strickland's religious denomination to reform, preached a sermon on Marian devotion soon before his death in what German state?",Saxony-Anhalt,[],1,"musique_4hop1__277409_49925_13759_736921_5,musique_4hop1__277409_49925_13759_736921_15,musique_4hop1__277409_49925_13759_736921_16,musique_4hop1__277409_49925_13759_736921_19","[""Mary, mother of Jesus"", ""Joseph Strickland"", ""Reformation"", ""Wittenberg (district)""]","[5, 15, 16, 19]",4
4hop1__391525_49925_13759_736921,Where is the district that the person who wanted to reform and address John Kodwo Amissah's religion preached a sermon on Marian devotion before his death located?,Saxony-Anhalt,[],1,"musique_4hop1__391525_49925_13759_736921_3,musique_4hop1__391525_49925_13759_736921_7,musique_4hop1__391525_49925_13759_736921_14,musique_4hop1__391525_49925_13759_736921_15","[""Mary, mother of Jesus"", ""John Kodwo Amissah"", ""Reformation"", ""Wittenberg (district)""]","[3, 7, 14, 15]",4
4hop1__166471_49925_13759_736921,In what state is the district where the one who wanted to reform and address the institution behind the religion of Egidio Vagnozzi preached a sermon?,Saxony-Anhalt,[],1,"musique_4hop1__166471_49925_13759_736921_5,musique_4hop1__166471_49925_13759_736921_8,musique_4hop1__166471_49925_13759_736921_14,musique_4hop1__166471_49925_13759_736921_16","[""Reformation"", ""Egidio Vagnozzi"", ""Mary, mother of Jesus"", ""Wittenberg (district)""]","[5, 8, 14, 16]",4
4hop1__580153_49925_13759_736921,Where is the district that the person who wanted to reform and address the religion that practices candidacy preach a sermon on Marian devotion before his death located?,Saxony-Anhalt,[],1,"musique_4hop1__580153_49925_13759_736921_2,musique_4hop1__580153_49925_13759_736921_14,musique_4hop1__580153_49925_13759_736921_15,musique_4hop1__580153_49925_13759_736921_17","[""Wittenberg (district)"", ""Mary, mother of Jesus"", ""Reformation"", ""Candidacy""]","[2, 14, 15, 17]",4
4hop1__749363_49925_13759_736921,In what state is the district where the man who wanted to reform the religion practiced by Innocenzo Ferrieri preached a sermon on Marian devotion?,Saxony-Anhalt,[],1,"musique_4hop1__749363_49925_13759_736921_1,musique_4hop1__749363_49925_13759_736921_2,musique_4hop1__749363_49925_13759_736921_4,musique_4hop1__749363_49925_13759_736921_16","[""Mary, mother of Jesus"", ""Innocenzo Ferrieri"", ""Reformation"", ""Wittenberg (district)""]","[1, 2, 4, 16]",4
4hop1__152028_141441_458768_33633,When did the explorer reach the headquarters location of the group Con-Test's record label is part of?,"August 3, 1769",[],1,"musique_4hop1__152028_141441_458768_33633_2,musique_4hop1__152028_141441_458768_33633_3,musique_4hop1__152028_141441_458768_33633_7,musique_4hop1__152028_141441_458768_33633_9","[""The Right Stuff Records"", ""MCA Records"", ""Con-Test"", ""Santa Monica, California""]","[2, 3, 7, 9]",4
4hop1__31050_725495_49925_267352,What movement did the person who wanted to reform and address the church that the general population converted to lead?,German Renaissance,[],1,"musique_4hop1__31050_725495_49925_267352_3,musique_4hop1__31050_725495_49925_267352_10,musique_4hop1__31050_725495_49925_267352_11,musique_4hop1__31050_725495_49925_267352_15","[""Guam"", ""Reformation"", ""Catholic Church in Lesotho"", ""Peter Agricola""]","[3, 10, 11, 15]",4
4hop1__159467_725495_49925_267352,"In New Zealand, 12.6% of Christians belong to a church that is also active in Lesotho. What movement was led by a man who challenged this church?",German Renaissance,[],1,"musique_4hop1__159467_725495_49925_267352_2,musique_4hop1__159467_725495_49925_267352_5,musique_4hop1__159467_725495_49925_267352_6,musique_4hop1__159467_725495_49925_267352_9","[""Reformation"", ""Catholic Church in Lesotho"", ""Peter Agricola"", ""New Zealand""]","[2, 5, 6, 9]",4
4hop1__473563_309800_355213_203322,Which county shares border with the county having the birth city of the director of Let the Good Times Roll?,Cabarrus County,[],1,"musique_4hop1__473563_309800_355213_203322_3,musique_4hop1__473563_309800_355213_203322_8,musique_4hop1__473563_309800_355213_203322_10,musique_4hop1__473563_309800_355213_203322_15","[""Gold Hill, North Carolina"", ""Let the Good Times Roll (film)"", ""Cleveland, North Carolina"", ""Robert Abel (animator)""]","[3, 8, 10, 15]",4
4hop2__161602_474028_88460_21034,What year did the country that is the natural boundary between where the tournament was hosted and where A Don is located host the ASEAN Conference?,hosted the summit in 2014,[],1,"musique_4hop2__161602_474028_88460_21034_9,musique_4hop2__161602_474028_88460_21034_15,musique_4hop2__161602_474028_88460_21034_17,musique_4hop2__161602_474028_88460_21034_19","[""Myanmar"", ""A Don"", ""Geography of Myanmar"", ""2020 AFC U-23 Championship qualification""]","[9, 15, 17, 19]",4
4hop2__161602_474028_88460_126088,Who was in charge in the country that is the natural boundary between the country that hosted the tournament and the country where A Don is located?,Thein Sein,[],1,"musique_4hop2__161602_474028_88460_126088_7,musique_4hop2__161602_474028_88460_126088_9,musique_4hop2__161602_474028_88460_126088_15,musique_4hop2__161602_474028_88460_126088_18","[""Geography of Myanmar"", ""A Don"", ""Myanmar"", ""2020 AFC U-23 Championship qualification""]","[7, 9, 15, 18]",4
4hop2__161602_474028_88460_20988,For what major conflict is the country on the natural boundary between the country that hosted the tournament and the country where A Don is from known?,one of the world's longest-running ongoing civil wars.,[],1,"musique_4hop2__161602_474028_88460_20988_1,musique_4hop2__161602_474028_88460_20988_2,musique_4hop2__161602_474028_88460_20988_5,musique_4hop2__161602_474028_88460_20988_13","[""Geography of Myanmar"", ""Myanmar"", ""2020 AFC U-23 Championship qualification"", ""A Don""]","[1, 2, 5, 13]",4
4hop2__161602_474028_88460_20999,How were the Portuguese expelled from the natural boundary between the country that hosted the tournament and the country where A Don is located?,The dynasty regrouped and defeated the Portuguese,[],1,"musique_4hop2__161602_474028_88460_20999_0,musique_4hop2__161602_474028_88460_20999_7,musique_4hop2__161602_474028_88460_20999_10,musique_4hop2__161602_474028_88460_20999_13","[""2020 AFC U-23 Championship qualification"", ""A Don"", ""Myanmar"", ""Geography of Myanmar""]","[0, 7, 10, 13]",4
4hop2__161602_426860_88460_20988,What major conflict is the country between the country that hosted the tournament and the country where That Dam is from known for?,one of the world's longest-running ongoing civil wars.,[],1,"musique_4hop2__161602_426860_88460_20988_7,musique_4hop2__161602_426860_88460_20988_14,musique_4hop2__161602_426860_88460_20988_16,musique_4hop2__161602_426860_88460_20988_18","[""Geography of Myanmar"", ""That Dam"", ""Myanmar"", ""2020 AFC U-23 Championship qualification""]","[7, 14, 16, 18]",4
4hop2__161602_474028_88460_21057,"During British rule, what wood was mostly produced in the nation that's the boundary between the host of the 2020 AFC U-23 Championship qualification, and the nation containing A Don?",75% of the world's teak,[],1,"musique_4hop2__161602_474028_88460_21057_1,musique_4hop2__161602_474028_88460_21057_3,musique_4hop2__161602_474028_88460_21057_13,musique_4hop2__161602_474028_88460_21057_18","[""2020 AFC U-23 Championship qualification"", ""Myanmar"", ""A Don"", ""Geography of Myanmar""]","[1, 3, 13, 18]",4
4hop2__161602_426860_88460_18966,Who brought the language Hokkien to the country between the country that hosted the tournament and the country where That Dam is from?,Han Chinese emigrants,"[""Han"", ""Han Chinese""]",1,"musique_4hop2__161602_426860_88460_18966_4,musique_4hop2__161602_426860_88460_18966_5,musique_4hop2__161602_426860_88460_18966_7,musique_4hop2__161602_426860_88460_18966_12","[""2020 AFC U-23 Championship qualification"", ""That Dam"", ""Hokkien"", ""Geography of Myanmar""]","[4, 5, 7, 12]",4
4hop2__161602_474028_88460_21062,Can foreign tourists cruise to the country between the nation that hosted 2020 AFC U-23 Championship qualification and the one that contains A Don.?,It is not possible for foreigners to go to/from Myanmar by sea or river.,"[""Myanmar"", ""Burma"", ""MM"", ""BUR"", ""MYA""]",1,"musique_4hop2__161602_474028_88460_21062_5,musique_4hop2__161602_474028_88460_21062_8,musique_4hop2__161602_474028_88460_21062_10,musique_4hop2__161602_474028_88460_21062_12","[""A Don"", ""Myanmar"", ""2020 AFC U-23 Championship qualification"", ""Geography of Myanmar""]","[5, 8, 10, 12]",4
4hop2__161602_474028_88460_21063,There exists a country A that forms a boundary between the host of the 2020 AFC U-23 Championship and the country containing the village of A Don. What is the business that began trading stocks in the winter of 2014 in country A?,Yangon Stock Exchange Joint Venture Co. Ltd,[],1,"musique_4hop2__161602_474028_88460_21063_5,musique_4hop2__161602_474028_88460_21063_6,musique_4hop2__161602_474028_88460_21063_15,musique_4hop2__161602_474028_88460_21063_19","[""A Don"", ""Geography of Myanmar"", ""2020 AFC U-23 Championship qualification"", ""Myanmar""]","[5, 6, 15, 19]",4
4hop2__161602_426860_88460_126088,Who was in charge in the country that is the natural boundary between the country that hosted the tournament and the country where That Dam is located?,Thein Sein,[],1,"musique_4hop2__161602_426860_88460_126088_1,musique_4hop2__161602_426860_88460_126088_2,musique_4hop2__161602_426860_88460_126088_4,musique_4hop2__161602_426860_88460_126088_18","[""2020 AFC U-23 Championship qualification"", ""Myanmar"", ""That Dam"", ""Geography of Myanmar""]","[1, 2, 4, 18]",4
4hop2__161602_426860_88460_21062,Are there any cruise travel destinations for the country lying between the country hosting the tournament and the country having That Dam?,It is not possible for foreigners to go to/from Myanmar by sea or river.,"[""Myanmar"", ""Burma"", ""MM"", ""BUR"", ""MYA""]",1,"musique_4hop2__161602_426860_88460_21062_0,musique_4hop2__161602_426860_88460_21062_1,musique_4hop2__161602_426860_88460_21062_7,musique_4hop2__161602_426860_88460_21062_15","[""Geography of Myanmar"", ""2020 AFC U-23 Championship qualification"", ""Myanmar"", ""That Dam""]","[0, 1, 7, 15]",4
4hop2__161602_426860_88460_63559,When was Burma's name changed to that of the country on the natural boundary between the country that hosted the tournament and the country where That Dam is from?,1235,[],1,"musique_4hop2__161602_426860_88460_63559_0,musique_4hop2__161602_426860_88460_63559_1,musique_4hop2__161602_426860_88460_63559_7,musique_4hop2__161602_426860_88460_63559_19","[""2020 AFC U-23 Championship qualification"", ""That Dam"", ""Geography of Myanmar"", ""Names of Myanmar""]","[0, 1, 7, 19]",4
4hop2__161602_474028_88460_63559,When was Burma's name changed to the country between the country that hosted the tournament and the country where A Don is from?,1235,[],1,"musique_4hop2__161602_474028_88460_63559_2,musique_4hop2__161602_474028_88460_63559_6,musique_4hop2__161602_474028_88460_63559_8,musique_4hop2__161602_474028_88460_63559_15","[""Names of Myanmar"", ""2020 AFC U-23 Championship qualification"", ""Geography of Myanmar"", ""A Don""]","[2, 6, 8, 15]",4
4hop2__161602_426860_88460_20999,How were the Portuguese expelled from the country that is a natural boundary between the country that hosted the tournament and the country That Dam is located?,The dynasty regrouped and defeated the Portuguese,[],1,"musique_4hop2__161602_426860_88460_20999_3,musique_4hop2__161602_426860_88460_20999_11,musique_4hop2__161602_426860_88460_20999_12,musique_4hop2__161602_426860_88460_20999_18","[""2020 AFC U-23 Championship qualification"", ""Myanmar"", ""Geography of Myanmar"", ""That Dam""]","[3, 11, 12, 18]",4
4hop2__161602_474028_88460_20985,Does the capital city hold the majority of the population in the natural boundary between the country that hosted the tournament and the country where A Don is from?,largest city is Yangon (Rangoon),"[""Yangon"", ""Rangoon""]",1,"musique_4hop2__161602_474028_88460_20985_2,musique_4hop2__161602_474028_88460_20985_9,musique_4hop2__161602_474028_88460_20985_15,musique_4hop2__161602_474028_88460_20985_17","[""A Don"", ""Geography of Myanmar"", ""Myanmar"", ""2020 AFC U-23 Championship qualification""]","[2, 9, 15, 17]",4
4hop2__161602_474028_88460_18966,Who brought the language Hokkien to the country on the natural boundary between the country that hosted the tournament and the country where A Don is from?,Han Chinese emigrants,"[""Han"", ""Han Chinese""]",1,"musique_4hop2__161602_474028_88460_18966_1,musique_4hop2__161602_474028_88460_18966_5,musique_4hop2__161602_474028_88460_18966_12,musique_4hop2__161602_474028_88460_18966_16","[""A Don"", ""Hokkien"", ""Geography of Myanmar"", ""2020 AFC U-23 Championship qualification""]","[1, 5, 12, 16]",4
4hop2__161602_426860_88460_21034,What year did the country that is the natural boundary between where tournament was hosted and where That Dam is located host the ASEAN Conference?,hosted the summit in 2014,[],1,"musique_4hop2__161602_426860_88460_21034_2,musique_4hop2__161602_426860_88460_21034_5,musique_4hop2__161602_426860_88460_21034_14,musique_4hop2__161602_426860_88460_21034_18","[""2020 AFC U-23 Championship qualification"", ""Myanmar"", ""Geography of Myanmar"", ""That Dam""]","[2, 5, 14, 18]",4
4hop2__161602_426860_88460_20985,what is the largest city the country that is a natural boundary between the country that hosted the tournament and the country That Dam is located?,largest city is Yangon (Rangoon),"[""Yangon"", ""Rangoon""]",1,"musique_4hop2__161602_426860_88460_20985_0,musique_4hop2__161602_426860_88460_20985_5,musique_4hop2__161602_426860_88460_20985_7,musique_4hop2__161602_426860_88460_20985_13","[""Myanmar"", ""2020 AFC U-23 Championship qualification"", ""Geography of Myanmar"", ""That Dam""]","[0, 5, 7, 13]",4
4hop2__161602_426860_88460_21057,"During British rule, what wood product was produced primarily in the country between the country that hosted the tournament and the country where That Dam is from?",75% of the world's teak,[],1,"musique_4hop2__161602_426860_88460_21057_1,musique_4hop2__161602_426860_88460_21057_4,musique_4hop2__161602_426860_88460_21057_6,musique_4hop2__161602_426860_88460_21057_19","[""Geography of Myanmar"", ""That Dam"", ""2020 AFC U-23 Championship qualification"", ""Myanmar""]","[1, 4, 6, 19]",4
4hop2__161602_426860_88460_21074,Who runs the school system in the country that is the natural boundary between the country that hosted the tournament and the country where That Dam is located?,the Ministry of Education,[],1,"musique_4hop2__161602_426860_88460_21074_8,musique_4hop2__161602_426860_88460_21074_14,musique_4hop2__161602_426860_88460_21074_17,musique_4hop2__161602_426860_88460_21074_19","[""That Dam"", ""Myanmar"", ""Geography of Myanmar"", ""2020 AFC U-23 Championship qualification""]","[8, 14, 17, 19]",4
4hop2__161602_474028_88460_21074,Who runs the school system in the country on the natural boundary between the country that hosted the tournament and the country where A Don is from?,the Ministry of Education,[],1,"musique_4hop2__161602_474028_88460_21074_8,musique_4hop2__161602_474028_88460_21074_11,musique_4hop2__161602_474028_88460_21074_15,musique_4hop2__161602_474028_88460_21074_17","[""2020 AFC U-23 Championship qualification"", ""Myanmar"", ""A Don"", ""Geography of Myanmar""]","[8, 11, 15, 17]",4
4hop3__257340_88460_30152_20999,How were the same people who the Somali Muslim Ajuran Empire declared independence from expelled from the natural boundary between Thailand and the country where Khong Island is found?,The dynasty regrouped and defeated the Portuguese,[],1,"musique_4hop3__257340_88460_30152_20999_5,musique_4hop3__257340_88460_30152_20999_6,musique_4hop3__257340_88460_30152_20999_9,musique_4hop3__257340_88460_30152_20999_14","[""Geography of Myanmar"", ""Khong Island"", ""Ottoman Empire"", ""Myanmar""]","[5, 6, 9, 14]",4
4hop3__650050_88460_30152_20999,How were people from whom the new coins were a proclamation of independence by the Somali Muslim Ajuran Empire expelled from the natural boundary between Thailand and A Doi's country?,The dynasty regrouped and defeated the Portuguese,[],1,"musique_4hop3__650050_88460_30152_20999_1,musique_4hop3__650050_88460_30152_20999_3,musique_4hop3__650050_88460_30152_20999_11,musique_4hop3__650050_88460_30152_20999_19","[""Geography of Myanmar"", ""Ottoman Empire"", ""A Doi"", ""Myanmar""]","[1, 3, 11, 19]",4
4hop3__754156_88460_30152_20999,How were the people from whom new coins were a proclamation of independence by the Somali Muslim Ajuran Empire expelled from the country between Thailand and A Lim's country?,The dynasty regrouped and defeated the Portuguese,[],1,"musique_4hop3__754156_88460_30152_20999_0,musique_4hop3__754156_88460_30152_20999_3,musique_4hop3__754156_88460_30152_20999_8,musique_4hop3__754156_88460_30152_20999_18","[""Ottoman Empire"", ""A Lim"", ""Myanmar"", ""Geography of Myanmar""]","[0, 3, 8, 18]",4
4hop3__439878_88460_30152_20999,How were people from whom new coins were a proclamation of independence by the Somali Muslim Ajuran Empire expelled from the natural boundary between Thailand and Ban Kenpha's country?,The dynasty regrouped and defeated the Portuguese,[],1,"musique_4hop3__439878_88460_30152_20999_4,musique_4hop3__439878_88460_30152_20999_6,musique_4hop3__439878_88460_30152_20999_17,musique_4hop3__439878_88460_30152_20999_18","[""Ottoman Empire"", ""Ban Kenpha"", ""Myanmar"", ""Geography of Myanmar""]","[4, 6, 17, 18]",4
4hop3__426860_88460_30152_20999,How were the same people who the Somali Muslim Ajuran Empire declared independence from expelled from the natural boundary between Thailand and the country where That Dam is found?,The dynasty regrouped and defeated the Portuguese,[],1,"musique_4hop3__426860_88460_30152_20999_8,musique_4hop3__426860_88460_30152_20999_10,musique_4hop3__426860_88460_30152_20999_14,musique_4hop3__426860_88460_30152_20999_16","[""That Dam"", ""Myanmar"", ""Ottoman Empire"", ""Geography of Myanmar""]","[8, 10, 14, 16]",4
4hop3__519729_88460_30152_20999,How were the people from whom the new coins were a proclamation of independence by the Somali Muslim Ajuran Empire expelled from the country between Thailand and Tham Non's country?,The dynasty regrouped and defeated the Portuguese,[],1,"musique_4hop3__519729_88460_30152_20999_2,musique_4hop3__519729_88460_30152_20999_6,musique_4hop3__519729_88460_30152_20999_13,musique_4hop3__519729_88460_30152_20999_19","[""Myanmar"", ""Ottoman Empire"", ""Geography of Myanmar"", ""Tham Non""]","[2, 6, 13, 19]",4
4hop3__270458_88460_30152_20999,How were the same people who the Somali Muslim Ajuran Empire declared independence from expelled from the natural boundary between Thailand and the country where Nam Khan is found?,The dynasty regrouped and defeated the Portuguese,[],1,"musique_4hop3__270458_88460_30152_20999_2,musique_4hop3__270458_88460_30152_20999_6,musique_4hop3__270458_88460_30152_20999_18,musique_4hop3__270458_88460_30152_20999_19","[""Geography of Myanmar"", ""Nam Khan"", ""Ottoman Empire"", ""Myanmar""]","[2, 6, 18, 19]",4
4hop3__310746_88460_30152_20999,There exists a country A that forms a boundary between Thailand and the country containing the Khong District. How were the people that the Ajuran Empire declared independence from by minting coins expelled from country A?,The dynasty regrouped and defeated the Portuguese,[],1,"musique_4hop3__310746_88460_30152_20999_3,musique_4hop3__310746_88460_30152_20999_7,musique_4hop3__310746_88460_30152_20999_9,musique_4hop3__310746_88460_30152_20999_15","[""Ottoman Empire"", ""Myanmar"", ""Khong District, Laos"", ""Geography of Myanmar""]","[3, 7, 9, 15]",4
4hop3__323121_88460_30152_20999,How were people from whom new coins were a proclamation of independence by the Somali Muslim Ajuran Empire expelled from the natural boundary between Thailand and A Magne's country?,The dynasty regrouped and defeated the Portuguese,[],1,"musique_4hop3__323121_88460_30152_20999_0,musique_4hop3__323121_88460_30152_20999_4,musique_4hop3__323121_88460_30152_20999_11,musique_4hop3__323121_88460_30152_20999_12","[""Geography of Myanmar"", ""Ottoman Empire"", ""Myanmar"", ""A Magne""]","[0, 4, 11, 12]",4
4hop3__474028_88460_30152_20999,How were people from whom new coins were a proclamation of independence by the Somali Muslim Ajuran Empire expelled from the natural boundary between Thailand and A Don's country?,The dynasty regrouped and defeated the Portuguese,[],1,"musique_4hop3__474028_88460_30152_20999_7,musique_4hop3__474028_88460_30152_20999_9,musique_4hop3__474028_88460_30152_20999_14,musique_4hop3__474028_88460_30152_20999_18","[""Geography of Myanmar"", ""A Don"", ""Ottoman Empire"", ""Myanmar""]","[7, 9, 14, 18]",4
4hop3__860588_88460_30152_20999,How were people from whom new coins were a proclamation of independence by the Somali Muslim Ajuran Empire expelled from the natural boundary between Thailand and Nahe mine's country?,The dynasty regrouped and defeated the Portuguese,[],1,"musique_4hop3__860588_88460_30152_20999_0,musique_4hop3__860588_88460_30152_20999_9,musique_4hop3__860588_88460_30152_20999_11,musique_4hop3__860588_88460_30152_20999_18","[""Myanmar"", ""Nahe mine"", ""Ottoman Empire"", ""Geography of Myanmar""]","[0, 9, 11, 18]",4
4hop3__630723_88460_30152_20999,How were people from whom new coins were a proclamation of independence by the Somali Muslim Ajuran Empire expelled from the natural boundary between Thailand and Phommathat's country of citizenship?,The dynasty regrouped and defeated the Portuguese,[],1,"musique_4hop3__630723_88460_30152_20999_2,musique_4hop3__630723_88460_30152_20999_7,musique_4hop3__630723_88460_30152_20999_13,musique_4hop3__630723_88460_30152_20999_15","[""Phommathat"", ""Ottoman Empire"", ""Geography of Myanmar"", ""Myanmar""]","[2, 7, 13, 15]",4
4hop3__279362_88460_30152_20999,How were people from whom new coins were a proclamation of independence by the Somali Muslim Ajuran Empire expelled from the natural boundary between Thailand and Vat Yotkeo's country?,The dynasty regrouped and defeated the Portuguese,[],1,"musique_4hop3__279362_88460_30152_20999_1,musique_4hop3__279362_88460_30152_20999_5,musique_4hop3__279362_88460_30152_20999_9,musique_4hop3__279362_88460_30152_20999_12","[""Geography of Myanmar"", ""Vat Yotkeo"", ""Ottoman Empire"", ""Myanmar""]","[1, 5, 9, 12]",4
4hop3__175072_88460_30152_20999,How were the same people who the Somali Muslim Ajuran Empire declared independence from expelled from the natural boundary between Thailand and the country Setthathirath is a citizen of?,The dynasty regrouped and defeated the Portuguese,[],1,"musique_4hop3__175072_88460_30152_20999_9,musique_4hop3__175072_88460_30152_20999_13,musique_4hop3__175072_88460_30152_20999_16,musique_4hop3__175072_88460_30152_20999_17","[""Vat Yotkeo"", ""Ottoman Empire"", ""Geography of Myanmar"", ""Myanmar""]","[9, 13, 16, 17]",4
4hop3__372437_88460_30152_20999,How were people from whom new coins were a proclamation of independence by the Somali Muslim Ajuran Empire expelled from the natural boundary between Thailand and Na Khaulom's country?,The dynasty regrouped and defeated the Portuguese,[],1,"musique_4hop3__372437_88460_30152_20999_1,musique_4hop3__372437_88460_30152_20999_4,musique_4hop3__372437_88460_30152_20999_15,musique_4hop3__372437_88460_30152_20999_16","[""Ottoman Empire"", ""Na Khaulom"", ""Geography of Myanmar"", ""Myanmar""]","[1, 4, 15, 16]",4
4hop3__220945_88460_30152_20999,How were the same people who the Somali Muslim Ajuran Empire declared independence from expelled from the natural boundary between Thailand and the country where Nam Theun is found?,The dynasty regrouped and defeated the Portuguese,[],1,"musique_4hop3__220945_88460_30152_20999_6,musique_4hop3__220945_88460_30152_20999_10,musique_4hop3__220945_88460_30152_20999_11,musique_4hop3__220945_88460_30152_20999_18","[""Ottoman Empire"", ""Geography of Myanmar"", ""Nam Theun"", ""Myanmar""]","[6, 10, 11, 18]",4
4hop3__577443_88460_30152_20999,How were people from whom new coins were a proclamation of independence by the Somali Muslim Ajuran Empire expelled from the natural boundary between Thailand and Tham Pha's country?,The dynasty regrouped and defeated the Portuguese,[],1,"musique_4hop3__577443_88460_30152_20999_8,musique_4hop3__577443_88460_30152_20999_10,musique_4hop3__577443_88460_30152_20999_15,musique_4hop3__577443_88460_30152_20999_16","[""Tham Pha"", ""Myanmar"", ""Ottoman Empire"", ""Geography of Myanmar""]","[8, 10, 15, 16]",4
4hop3__547073_88460_30152_20999,How were people from whom the new coins were a proclamation of independence by the Somali Muslim Ajuran Empire expelled from the country between Thailand and Si Phan Don's country?,The dynasty regrouped and defeated the Portuguese,[],1,"musique_4hop3__547073_88460_30152_20999_0,musique_4hop3__547073_88460_30152_20999_2,musique_4hop3__547073_88460_30152_20999_4,musique_4hop3__547073_88460_30152_20999_16","[""Khong Island"", ""Geography of Myanmar"", ""Myanmar"", ""Ottoman Empire""]","[0, 2, 4, 16]",4
4hop3__839787_88460_30152_20999,How were the same people who the Somali Muslim Ajuran Empire declared independence from expelled from the natural boundary between Thailand and the country where Sepon mine is found?,The dynasty regrouped and defeated the Portuguese,[],1,"musique_4hop3__839787_88460_30152_20999_1,musique_4hop3__839787_88460_30152_20999_3,musique_4hop3__839787_88460_30152_20999_13,musique_4hop3__839787_88460_30152_20999_17","[""Sepon mine"", ""Geography of Myanmar"", ""Myanmar"", ""Ottoman Empire""]","[1, 3, 13, 17]",4
4hop3__405277_88460_30152_20999,How were the people from whom the new coins were a proclamation of independence by the Somali Muslim Ajuran Empire expelled from the country between Thailand and Ban Hinlat's country?,The dynasty regrouped and defeated the Portuguese,[],1,"musique_4hop3__405277_88460_30152_20999_1,musique_4hop3__405277_88460_30152_20999_10,musique_4hop3__405277_88460_30152_20999_13,musique_4hop3__405277_88460_30152_20999_19","[""Ban Hinlat"", ""Ottoman Empire"", ""Geography of Myanmar"", ""Myanmar""]","[1, 10, 13, 19]",4
4hop3__746868_88460_30152_20999,How were people from whom new coins were a proclamation of independence by the Somali Muslim Ajuran Empire expelled from the natural boundary between Thailand and Muang Kasi's country?,The dynasty regrouped and defeated the Portuguese,[],1,"musique_4hop3__746868_88460_30152_20999_3,musique_4hop3__746868_88460_30152_20999_9,musique_4hop3__746868_88460_30152_20999_11,musique_4hop3__746868_88460_30152_20999_16","[""Geography of Myanmar"", ""Ottoman Empire"", ""Muang Kasi"", ""Myanmar""]","[3, 9, 11, 16]",4
4hop3__700962_88460_30152_20999,How were the same people who the Somali Muslim Ajuran Empire declared independence from expelled from the natural boundary between Thailand and the country where Ban Pakpo is found?,The dynasty regrouped and defeated the Portuguese,[],1,"musique_4hop3__700962_88460_30152_20999_6,musique_4hop3__700962_88460_30152_20999_9,musique_4hop3__700962_88460_30152_20999_13,musique_4hop3__700962_88460_30152_20999_15","[""Geography of Myanmar"", ""Myanmar"", ""Ban Pakpo"", ""Ottoman Empire""]","[6, 9, 13, 15]",4
4hop3__507819_88460_30152_20999,How were the same people who the Somali Muslim Ajuran Empire declared independence from expelled from the natural boundary between Thailand and the country where Route 3 is found?,The dynasty regrouped and defeated the Portuguese,[],1,"musique_4hop3__507819_88460_30152_20999_2,musique_4hop3__507819_88460_30152_20999_8,musique_4hop3__507819_88460_30152_20999_10,musique_4hop3__507819_88460_30152_20999_16","[""Myanmar"", ""Geography of Myanmar"", ""Ottoman Empire"", ""Route 3 (Laos)""]","[2, 8, 10, 16]",4
4hop3__638064_88460_30152_20999,How were people from whom new coins were a proclamation of independence by the Somali Muslim Ajuran Empire expelled from the natural boundary between Thailand and Hiam district's country?,The dynasty regrouped and defeated the Portuguese,[],1,"musique_4hop3__638064_88460_30152_20999_4,musique_4hop3__638064_88460_30152_20999_9,musique_4hop3__638064_88460_30152_20999_12,musique_4hop3__638064_88460_30152_20999_17","[""Ottoman Empire"", ""Myanmar"", ""Geography of Myanmar"", ""Viengthong District, Houaphanh""]","[4, 9, 12, 17]",4
4hop3__238811_88460_30152_20999,New coins by the Somali Muslim Ajuran Empire were a proclamation of independence from a nation. How were the people of that nation expelled from country that borders Thailand and Ban Nampo village's country?,The dynasty regrouped and defeated the Portuguese,[],1,"musique_4hop3__238811_88460_30152_20999_11,musique_4hop3__238811_88460_30152_20999_12,musique_4hop3__238811_88460_30152_20999_14,musique_4hop3__238811_88460_30152_20999_16","[""Ottoman Empire"", ""Geography of Myanmar"", ""Myanmar"", ""Ban Nampo""]","[11, 12, 14, 16]",4
4hop2__161602_474028_88460_86452,When did Burma change its name to the country that is the natural boundary between the country that hosted the tournament and the country where A Don is located?,1989,[],1,"musique_4hop2__161602_474028_88460_86452_9,musique_4hop2__161602_474028_88460_86452_15,musique_4hop2__161602_474028_88460_86452_17,musique_4hop2__161602_474028_88460_86452_19","[""2020 AFC U-23 Championship qualification"", ""A Don"", ""Names of Myanmar"", ""Geography of Myanmar""]","[9, 15, 17, 19]",4
4hop2__161602_426860_88460_86452,When did Burma change its name to the country on the natural boundary between the country that hosted the tournament and the country where That Dam is from?,1989,[],1,"musique_4hop2__161602_426860_88460_86452_8,musique_4hop2__161602_426860_88460_86452_9,musique_4hop2__161602_426860_88460_86452_15,musique_4hop2__161602_426860_88460_86452_17","[""Geography of Myanmar"", ""2020 AFC U-23 Championship qualification"", ""Names of Myanmar"", ""That Dam""]","[8, 9, 15, 17]",4
4hop2__71753_158279_70784_79935,When was the region immediately north of the region where Israel is located and the final destination for the export crops created?,1930,[],1,"musique_4hop2__71753_158279_70784_79935_7,musique_4hop2__71753_158279_70784_79935_10,musique_4hop2__71753_158279_70784_79935_16,musique_4hop2__71753_158279_70784_79935_19","[""Geography of Saudi Arabia"", ""History of Saudi Arabia"", ""Israel"", ""Shiraz""]","[7, 10, 16, 19]",4
4hop2__71753_158985_70784_79935,When was the region that lies to the north of where Israel is located and where the most growth in desalination for agricultural use is taking place created?,1930,[],1,"musique_4hop2__71753_158985_70784_79935_0,musique_4hop2__71753_158985_70784_79935_10,musique_4hop2__71753_158985_70784_79935_15,musique_4hop2__71753_158985_70784_79935_19","[""Geography of Saudi Arabia"", ""Water resources"", ""Israel"", ""History of Saudi Arabia""]","[0, 10, 15, 19]",4
4hop2__9988_158279_70784_79935,"When was the region that lies to the north of what used to be known as the ""Near East"" and the location of the final destination of exported crops created?",1930,[],1,"musique_4hop2__9988_158279_70784_79935_6,musique_4hop2__9988_158279_70784_79935_11,musique_4hop2__9988_158279_70784_79935_18,musique_4hop2__9988_158279_70784_79935_19","[""Geography of Saudi Arabia"", ""History of Saudi Arabia"", ""Near East"", ""Shiraz""]","[6, 11, 18, 19]",4
4hop2__71753_73205_70784_79935,When was the region that lies to the north of where Israel is located and the body of water between East Africa and the Arabian peninsula created?,1930,[],1,"musique_4hop2__71753_73205_70784_79935_6,musique_4hop2__71753_73205_70784_79935_12,musique_4hop2__71753_73205_70784_79935_17,musique_4hop2__71753_73205_70784_79935_18","[""Geography of Saudi Arabia"", ""Arabian Peninsula"", ""History of Saudi Arabia"", ""Israel""]","[6, 12, 17, 18]",4
4hop2__9988_729371_70784_79935,"When was the region is immediately north of what used to be known as the ""Near East"" and the location of Operation Earnest Will created?",1930,[],1,"musique_4hop2__9988_729371_70784_79935_9,musique_4hop2__9988_729371_70784_79935_14,musique_4hop2__9988_729371_70784_79935_17,musique_4hop2__9988_729371_70784_79935_18","[""Geography of Saudi Arabia"", ""Near East"", ""History of Saudi Arabia"", ""Operation Praying Mantis""]","[9, 14, 17, 18]",4
4hop2__71753_623626_70784_79935,When was the region that lies to the north of what where Israel is located and the body of water where Kharg Island is found created?,1930,[],1,"musique_4hop2__71753_623626_70784_79935_6,musique_4hop2__71753_623626_70784_79935_16,musique_4hop2__71753_623626_70784_79935_18,musique_4hop2__71753_623626_70784_79935_19","[""History of Saudi Arabia"", ""Israel"", ""Kharg Island"", ""Geography of Saudi Arabia""]","[6, 16, 18, 19]",4
4hop2__71753_648517_70784_79935,When was the region immediately north of the region where Israel is located and the location of the Battle of Qurah and Umm al Maradim created?,1930,[],1,"musique_4hop2__71753_648517_70784_79935_3,musique_4hop2__71753_648517_70784_79935_5,musique_4hop2__71753_648517_70784_79935_11,musique_4hop2__71753_648517_70784_79935_13","[""History of Saudi Arabia"", ""Israel"", ""Battle of Qurah and Umm al Maradim"", ""Geography of Saudi Arabia""]","[3, 5, 11, 13]",4
4hop2__9988_261673_70784_79935,When was the region immediately north of the region that prevailed with the disgrace of Near East and the terrain feature on which shamal is located created?,1930,[],1,"musique_4hop2__9988_261673_70784_79935_2,musique_4hop2__9988_261673_70784_79935_6,musique_4hop2__9988_261673_70784_79935_8,musique_4hop2__9988_261673_70784_79935_17","[""History of Saudi Arabia"", ""Shamal (wind)"", ""Geography of Saudi Arabia"", ""Near East""]","[2, 6, 8, 17]",4
4hop2__9988_158985_70784_79935,"When was the kingdom lying immediately to the north of the region prevailing with ""Near East"" disgrace and the region having the most growth in desalination for agricultural use created?",1930,[],1,"musique_4hop2__9988_158985_70784_79935_1,musique_4hop2__9988_158985_70784_79935_2,musique_4hop2__9988_158985_70784_79935_3,musique_4hop2__9988_158985_70784_79935_9","[""History of Saudi Arabia"", ""Water resources"", ""Geography of Saudi Arabia"", ""Near East""]","[1, 2, 3, 9]",4
4hop2__71753_261673_70784_79935,When was the region that lies to the north of the where Israel is located and the location of Shamal created?,1930,[],1,"musique_4hop2__71753_261673_70784_79935_1,musique_4hop2__71753_261673_70784_79935_4,musique_4hop2__71753_261673_70784_79935_7,musique_4hop2__71753_261673_70784_79935_9","[""Geography of Saudi Arabia"", ""History of Saudi Arabia"", ""Shamal (wind)"", ""Israel""]","[1, 4, 7, 9]",4
4hop2__71753_729371_70784_79935,When was the region that lies to the north of where Israel is located and the location of Operation Earnest Will established?,1930,[],1,"musique_4hop2__71753_729371_70784_79935_4,musique_4hop2__71753_729371_70784_79935_11,musique_4hop2__71753_729371_70784_79935_12,musique_4hop2__71753_729371_70784_79935_14","[""History of Saudi Arabia"", ""Geography of Saudi Arabia"", ""Israel"", ""Operation Praying Mantis""]","[4, 11, 12, 14]",4
4hop2__71753_685934_70784_79935,When was the region that lies to the north of the region Israel is located and where The World is located created?,1930,[],1,"musique_4hop2__71753_685934_70784_79935_4,musique_4hop2__71753_685934_70784_79935_5,musique_4hop2__71753_685934_70784_79935_12,musique_4hop2__71753_685934_70784_79935_18","[""History of Saudi Arabia"", ""The World (archipelago)"", ""Israel"", ""Geography of Saudi Arabia""]","[4, 5, 12, 18]",4
4hop2__71753_648517_70784_61381,When was the region that lies to the north of the region Israel is located and where the Battle of Qurah and Umm al Maradim is took place established?,1932,[],1,"musique_4hop2__71753_648517_70784_61381_0,musique_4hop2__71753_648517_70784_61381_4,musique_4hop2__71753_648517_70784_61381_15,musique_4hop2__71753_648517_70784_61381_18","[""Geography of Saudi Arabia"", ""Battle of Qurah and Umm al Maradim"", ""Saudi Arabia"", ""Israel""]","[0, 4, 15, 18]",4
4hop2__9988_261673_70784_61381,The country in what was the Near East and bordering the sea over which shamal winds blow was established when?,1932,[],1,"musique_4hop2__9988_261673_70784_61381_6,musique_4hop2__9988_261673_70784_61381_8,musique_4hop2__9988_261673_70784_61381_15,musique_4hop2__9988_261673_70784_61381_19","[""Near East"", ""Geography of Saudi Arabia"", ""Saudi Arabia"", ""Shamal (wind)""]","[6, 8, 15, 19]",4
4hop2__71753_729371_70784_61381,When was the region immediately north of the region home to Israel and the location of Operation Earnest Will established?,1932,[],1,"musique_4hop2__71753_729371_70784_61381_0,musique_4hop2__71753_729371_70784_61381_2,musique_4hop2__71753_729371_70784_61381_4,musique_4hop2__71753_729371_70784_61381_5","[""Saudi Arabia"", ""Israel"", ""Geography of Saudi Arabia"", ""Operation Praying Mantis""]","[0, 2, 4, 5]",4
4hop2__71753_623626_70784_61381,When was the region that lies to the north of where israel is located and the body of water where Kharg Island is located established?,1932,[],1,"musique_4hop2__71753_623626_70784_61381_0,musique_4hop2__71753_623626_70784_61381_5,musique_4hop2__71753_623626_70784_61381_12,musique_4hop2__71753_623626_70784_61381_15","[""Israel"", ""Geography of Saudi Arabia"", ""Kharg Island"", ""Saudi Arabia""]","[0, 5, 12, 15]",4
4hop2__9988_729371_70784_61381,"When was the region that lies to the north of what used to be known as the ""Near East"" and the location of Operation Earnest Will established?",1932,[],1,"musique_4hop2__9988_729371_70784_61381_1,musique_4hop2__9988_729371_70784_61381_7,musique_4hop2__9988_729371_70784_61381_8,musique_4hop2__9988_729371_70784_61381_19","[""Saudi Arabia"", ""Operation Praying Mantis"", ""Geography of Saudi Arabia"", ""Near East""]","[1, 7, 8, 19]",4
4hop2__9988_158279_70784_61381,When was the region immediately north of the region prevailing with the disgrace of the Near East and the final destination for the export crops established?,1932,[],1,"musique_4hop2__9988_158279_70784_61381_5,musique_4hop2__9988_158279_70784_61381_6,musique_4hop2__9988_158279_70784_61381_7,musique_4hop2__9988_158279_70784_61381_16","[""Saudi Arabia"", ""Shiraz"", ""Geography of Saudi Arabia"", ""Near East""]","[5, 6, 7, 16]",4
4hop2__71753_158279_70784_61381,When was the region immediately north of the region where Israel is located and the final destination for the export crops established?,1932,[],1,"musique_4hop2__71753_158279_70784_61381_3,musique_4hop2__71753_158279_70784_61381_4,musique_4hop2__71753_158279_70784_61381_12,musique_4hop2__71753_158279_70784_61381_16","[""Saudi Arabia"", ""Shiraz"", ""Israel"", ""Geography of Saudi Arabia""]","[3, 4, 12, 16]",4
4hop2__71753_685934_70784_61381,When was the region that lies to the north of where Israel is located and where The World is located established?,1932,[],1,"musique_4hop2__71753_685934_70784_61381_3,musique_4hop2__71753_685934_70784_61381_4,musique_4hop2__71753_685934_70784_61381_6,musique_4hop2__71753_685934_70784_61381_10","[""Saudi Arabia"", ""The World (archipelago)"", ""Geography of Saudi Arabia"", ""Israel""]","[3, 4, 6, 10]",4
4hop2__9988_685934_70784_61381,"When was the country established that lies north of the region that prevailed with the disgrace of the ""Near East"" and the body of water containing The World islands?",1932,[],1,"musique_4hop2__9988_685934_70784_61381_3,musique_4hop2__9988_685934_70784_61381_13,musique_4hop2__9988_685934_70784_61381_15,musique_4hop2__9988_685934_70784_61381_19","[""Saudi Arabia"", ""The World (archipelago)"", ""Near East"", ""Geography of Saudi Arabia""]","[3, 13, 15, 19]",4
4hop2__9988_158985_70784_61381,When was the region immediately north of the region prevailing with the disgrace of the Near East and the site of the most growth in desalination for agricultural use established?,1932,[],1,"musique_4hop2__9988_158985_70784_61381_0,musique_4hop2__9988_158985_70784_61381_6,musique_4hop2__9988_158985_70784_61381_13,musique_4hop2__9988_158985_70784_61381_15","[""Saudi Arabia"", ""Near East"", ""Water resources"", ""Geography of Saudi Arabia""]","[0, 6, 13, 15]",4
4hop2__71753_158985_70784_61381,When was the region immediately north of the region where Israel is located and the site of the most growth in desalination for agricultural use established?,1932,[],1,"musique_4hop2__71753_158985_70784_61381_3,musique_4hop2__71753_158985_70784_61381_7,musique_4hop2__71753_158985_70784_61381_8,musique_4hop2__71753_158985_70784_61381_11","[""Geography of Saudi Arabia"", ""Israel"", ""Water resources"", ""Saudi Arabia""]","[3, 7, 8, 11]",4
4hop2__71753_261673_70784_61381,When was the region that lies to the north of where Israel is located and where Shamal is located established?,1932,[],1,"musique_4hop2__71753_261673_70784_61381_1,musique_4hop2__71753_261673_70784_61381_7,musique_4hop2__71753_261673_70784_61381_14,musique_4hop2__71753_261673_70784_61381_15","[""Shamal (wind)"", ""Israel"", ""Geography of Saudi Arabia"", ""Saudi Arabia""]","[1, 7, 14, 15]",4
4hop1__178366_229349_66759_75165,There is a state A where Storm of the Century was filmed based on the book by the author who wrote a short story featuring the author of This Is My God. What is the population of state A?,"1,335,907",[],1,"musique_4hop1__178366_229349_66759_75165_13,musique_4hop1__178366_229349_66759_75165_16,musique_4hop1__178366_229349_66759_75165_18,musique_4hop1__178366_229349_66759_75165_19","[""This Is My God"", ""Storm of the Century"", ""Herman Wouk Is Still Alive"", ""Maine""]","[13, 16, 18, 19]",4
4hop3__373866_5189_38229_86687,A group of nations of which the People's Socialist Republic of Albania was a member was controlled by one country. When did that country agree to a unified Germany inside of the organization Eisenhower would not discuss during the campaign?,May 1990,"[""1990""]",1,"musique_4hop3__373866_5189_38229_86687_1,musique_4hop3__373866_5189_38229_86687_5,musique_4hop3__373866_5189_38229_86687_11,musique_4hop3__373866_5189_38229_86687_12","[""German reunification"", ""Dwight D. Eisenhower"", ""Hero of Socialist Labour (Albania)"", ""Warsaw Pact""]","[1, 5, 11, 12]",4
4hop1__151650_5274_458768_33637,How many ethnic minorities were looked at differently in the city where the headquarters of the only group larger than Desde El Principio's record label is located?,two,[],1,"musique_4hop1__151650_5274_458768_33637_7,musique_4hop1__151650_5274_458768_33637_8,musique_4hop1__151650_5274_458768_33637_14,musique_4hop1__151650_5274_458768_33637_15","[""Santa Monica, California"", ""Sony Music"", ""The Right Stuff Records"", ""Desde El Principio""]","[7, 8, 14, 15]",4
4hop1__151903_5274_458768_33637,How many ethnic minorities were looked at differently where the only group larger than the record label of The Lost Trident Sessions is headquartered?,two,[],1,"musique_4hop1__151903_5274_458768_33637_6,musique_4hop1__151903_5274_458768_33637_8,musique_4hop1__151903_5274_458768_33637_17,musique_4hop1__151903_5274_458768_33637_19","[""The Right Stuff Records"", ""The Lost Trident Sessions"", ""Sony Music"", ""Santa Monica, California""]","[6, 8, 17, 19]",4
4hop1__152146_5274_458768_33637,How many ethnic minorities were looked at differently in the city where the headquarters of the only group larger than Långa nätter's record label is located?,two,[],1,"musique_4hop1__152146_5274_458768_33637_5,musique_4hop1__152146_5274_458768_33637_14,musique_4hop1__152146_5274_458768_33637_15,musique_4hop1__152146_5274_458768_33637_19","[""The Right Stuff Records"", ""Santa Monica, California"", ""Sony Music"", ""L\u00e5nga n\u00e4tter""]","[5, 14, 15, 19]",4
4hop1__3496_5274_458768_33637,How many ethnic minorities were looked at differently where the only group larger than BMG's partner from 2005 to 2007 is headquartered?,two,[],1,"musique_4hop1__3496_5274_458768_33637_9,musique_4hop1__3496_5274_458768_33637_10,musique_4hop1__3496_5274_458768_33637_11,musique_4hop1__3496_5274_458768_33637_17","[""The Right Stuff Records"", ""Santa Monica, California"", ""Sony Music"", ""American Idol""]","[9, 10, 11, 17]",4
4hop1__625463_229349_66759_54221,Storm of the Century filmed in state A based on the book by the author who wrote a story featuring the author of The Hope. When do alcohol sales start in state A?,5am,[],1,"musique_4hop1__625463_229349_66759_54221_4,musique_4hop1__625463_229349_66759_54221_13,musique_4hop1__625463_229349_66759_54221_14,musique_4hop1__625463_229349_66759_54221_18","[""Storm of the Century"", ""Herman Wouk Is Still Alive"", ""Alcohol laws of Maine"", ""The Hope (novel)""]","[4, 13, 14, 18]",4
4hop1__152562_5274_458768_33637,How many ethnic minorities were looked at differently in the city where the headquarters of the only group larger than Vilaiyaadu Mankatha's record label is located?,two,[],1,"musique_4hop1__152562_5274_458768_33637_0,musique_4hop1__152562_5274_458768_33637_9,musique_4hop1__152562_5274_458768_33637_12,musique_4hop1__152562_5274_458768_33637_13","[""Sony Music"", ""Santa Monica, California"", ""The Right Stuff Records"", ""Vilaiyaadu Mankatha""]","[0, 9, 12, 13]",4
4hop1__567737_141375_458768_33637,How many ethnic minorities were looked at differently in the city where the headquarters of the company that Study in Brown's record label is a part of?,two,[],1,"musique_4hop1__567737_141375_458768_33637_1,musique_4hop1__567737_141375_458768_33637_5,musique_4hop1__567737_141375_458768_33637_9,musique_4hop1__567737_141375_458768_33637_14","[""Santa Monica, California"", ""EmArcy Records"", ""Study in Brown"", ""The Right Stuff Records""]","[1, 5, 9, 14]",4
4hop1__342858_131850_33952_34088,Where does the second largest city in the state where Yuma's Library District is located hold NASCAR races?,Tucson Raceway Park,"[""Tucson, Arizona"", ""Tucson""]",1,"musique_4hop1__342858_131850_33952_34088_9,musique_4hop1__342858_131850_33952_34088_10,musique_4hop1__342858_131850_33952_34088_13,musique_4hop1__342858_131850_33952_34088_14","[""Yuma County Library District"", ""Yuma, Colorado"", ""Tucson, Arizona"", ""Tucson, Arizona""]","[9, 10, 13, 14]",4
4hop1__342858_131850_33952_34099,How long are the city council terms in the second largest city in the state where Yuma is located?,four-year,[],1,"musique_4hop1__342858_131850_33952_34099_8,musique_4hop1__342858_131850_33952_34099_9,musique_4hop1__342858_131850_33952_34099_12,musique_4hop1__342858_131850_33952_34099_14","[""Yuma County Library District"", ""Tucson, Arizona"", ""Tucson, Arizona"", ""Yuma, Colorado""]","[8, 9, 12, 14]",4
4hop1__726391_153080_33952_33939,"In 1900, what was the population of the second largest city in the state where the Oh Yeah performer is from?","7,531",[],1,"musique_4hop1__726391_153080_33952_33939_4,musique_4hop1__726391_153080_33952_33939_6,musique_4hop1__726391_153080_33952_33939_9,musique_4hop1__726391_153080_33952_33939_19","[""Charles Mingus"", ""Oh Yeah (Charles Mingus album)"", ""Tucson, Arizona"", ""Tucson, Arizona""]","[4, 6, 9, 19]",4
4hop1__726391_153080_33952_34109,What is the PBS station in the second largest city in the state where Oh Yeah's performer is from?,KUAT-TV 6,"[""KUAT-TV""]",1,"musique_4hop1__726391_153080_33952_34109_4,musique_4hop1__726391_153080_33952_34109_13,musique_4hop1__726391_153080_33952_34109_14,musique_4hop1__726391_153080_33952_34109_19","[""Charles Mingus"", ""Tucson, Arizona"", ""Tucson, Arizona"", ""Oh Yeah (Charles Mingus album)""]","[4, 13, 14, 19]",4
4hop1__342858_131850_33952_33939,What was the population in 1900 of the second largest city in the US state having the Library District of the county containing Yuma?,"7,531",[],1,"musique_4hop1__342858_131850_33952_33939_4,musique_4hop1__342858_131850_33952_33939_11,musique_4hop1__342858_131850_33952_33939_12,musique_4hop1__342858_131850_33952_33939_17","[""Tucson, Arizona"", ""Tucson, Arizona"", ""Yuma County Library District"", ""Yuma, Colorado""]","[4, 11, 12, 17]",4
4hop1__342858_131850_33952_34053,What was the wettest year in the second largest city in the state where Yuma's Library District is located?,1905,[],1,"musique_4hop1__342858_131850_33952_34053_1,musique_4hop1__342858_131850_33952_34053_6,musique_4hop1__342858_131850_33952_34053_10,musique_4hop1__342858_131850_33952_34053_15","[""Yuma, Colorado"", ""Tucson, Arizona"", ""Yuma County Library District"", ""Tucson, Arizona""]","[1, 6, 10, 15]",4
4hop1__342858_131850_33952_34109,What is the PBS station in the second largest city in the state where Yuma's Library District is located?,KUAT-TV 6,"[""KUAT-TV""]",1,"musique_4hop1__342858_131850_33952_34109_7,musique_4hop1__342858_131850_33952_34109_15,musique_4hop1__342858_131850_33952_34109_16,musique_4hop1__342858_131850_33952_34109_18","[""Yuma, Colorado"", ""Tucson, Arizona"", ""Tucson, Arizona"", ""Yuma County Library District""]","[7, 15, 16, 18]",4
4hop1__726391_153080_33952_34053,What was the wettest year in the second largest city of the state where the Oh Yeah performer is from?,1905,[],1,"musique_4hop1__726391_153080_33952_34053_1,musique_4hop1__726391_153080_33952_34053_10,musique_4hop1__726391_153080_33952_34053_13,musique_4hop1__726391_153080_33952_34053_19","[""Oh Yeah (Charles Mingus album)"", ""Tucson, Arizona"", ""Tucson, Arizona"", ""Charles Mingus""]","[1, 10, 13, 19]",4
4hop1__846600_153080_159767_81096,Who won the Indy car race in the largest city and the capital of the state of origin of the performer of A Modern Jazz Symposium of Music and Poetry?,Mario Andretti,[],1,"musique_4hop1__846600_153080_159767_81096_3,musique_4hop1__846600_153080_159767_81096_6,musique_4hop1__846600_153080_159767_81096_13,musique_4hop1__846600_153080_159767_81096_17","[""Charles Mingus"", ""Desert Diamond West Valley Phoenix Grand Prix"", ""A Modern Jazz Symposium of Music and Poetry"", ""Arizona""]","[3, 6, 13, 17]",4
4hop1__708184_153080_159767_81096,Who won the Indy car race in the largest city and the capital of the US state of origin of the performer of The Black Saint and the Sinner Lady?,Mario Andretti,[],1,"musique_4hop1__708184_153080_159767_81096_2,musique_4hop1__708184_153080_159767_81096_5,musique_4hop1__708184_153080_159767_81096_11,musique_4hop1__708184_153080_159767_81096_13","[""Desert Diamond West Valley Phoenix Grand Prix"", ""The Black Saint and the Sinner Lady"", ""Charles Mingus"", ""Arizona""]","[2, 5, 11, 13]",4
4hop1__310029_153080_33897_81096,Who won the Indy car race in the largest populated city in the state where the Jazz Portraits: Mingus in Wonderland performer is from?,Mario Andretti,[],1,"musique_4hop1__310029_153080_33897_81096_0,musique_4hop1__310029_153080_33897_81096_6,musique_4hop1__310029_153080_33897_81096_7,musique_4hop1__310029_153080_33897_81096_8","[""Tucson, Arizona"", ""Desert Diamond West Valley Phoenix Grand Prix"", ""Charles Mingus"", ""Jazz Portraits: Mingus in Wonderland""]","[0, 6, 7, 8]",4
4hop1__842143_153080_159767_81096,Who won the 1993 Indy Car Race in the largest city of the state containing the city where the performer of the album Mingus Three is from?,Mario Andretti,[],1,"musique_4hop1__842143_153080_159767_81096_3,musique_4hop1__842143_153080_159767_81096_9,musique_4hop1__842143_153080_159767_81096_11,musique_4hop1__842143_153080_159767_81096_18","[""Mingus Three"", ""Arizona"", ""Charles Mingus"", ""Desert Diamond West Valley Phoenix Grand Prix""]","[3, 9, 11, 18]",4
4hop1__726152_153080_159767_81096,Who won the Indy car race in the largest city and capital of the state where the performer of Tijuana Moods was born?,Mario Andretti,[],1,"musique_4hop1__726152_153080_159767_81096_0,musique_4hop1__726152_153080_159767_81096_5,musique_4hop1__726152_153080_159767_81096_12,musique_4hop1__726152_153080_159767_81096_13","[""Arizona"", ""Desert Diamond West Valley Phoenix Grand Prix"", ""Tijuana Moods"", ""Charles Mingus""]","[0, 5, 12, 13]",4
4hop1__802394_153080_159767_81096,An Indy car race was held in the capital of the state where the performer of Mingus Plays Piano was born. Who won the race?,Mario Andretti,[],1,"musique_4hop1__802394_153080_159767_81096_2,musique_4hop1__802394_153080_159767_81096_10,musique_4hop1__802394_153080_159767_81096_11,musique_4hop1__802394_153080_159767_81096_13","[""Arizona"", ""Mingus Plays Piano"", ""Charles Mingus"", ""Desert Diamond West Valley Phoenix Grand Prix""]","[2, 10, 11, 13]",4
4hop1__846600_153080_33897_81096,Who won the Indy car race in the largest populated city in the state where the performer of A Modern Jazz Symposium of Music and Poetry is from?,Mario Andretti,[],1,"musique_4hop1__846600_153080_33897_81096_7,musique_4hop1__846600_153080_33897_81096_8,musique_4hop1__846600_153080_33897_81096_9,musique_4hop1__846600_153080_33897_81096_15","[""Charles Mingus"", ""A Modern Jazz Symposium of Music and Poetry"", ""Tucson, Arizona"", ""Desert Diamond West Valley Phoenix Grand Prix""]","[7, 8, 9, 15]",4
4hop1__236903_153080_33897_81096,Who won the indy car race in the most populated city of the state where the performer of East Coasting is from?,Mario Andretti,[],1,"musique_4hop1__236903_153080_33897_81096_11,musique_4hop1__236903_153080_33897_81096_14,musique_4hop1__236903_153080_33897_81096_16,musique_4hop1__236903_153080_33897_81096_19","[""Charles Mingus"", ""Desert Diamond West Valley Phoenix Grand Prix"", ""Tucson, Arizona"", ""East Coasting""]","[11, 14, 16, 19]",4
4hop1__752321_153080_33897_81096,Who won the Indy car race in the largest populated city in the state where the Pithecanthropus Erectus performer is from?,Mario Andretti,[],1,"musique_4hop1__752321_153080_33897_81096_9,musique_4hop1__752321_153080_33897_81096_10,musique_4hop1__752321_153080_33897_81096_13,musique_4hop1__752321_153080_33897_81096_16","[""Tucson, Arizona"", ""Pithecanthropus Erectus (album)"", ""Charles Mingus"", ""Desert Diamond West Valley Phoenix Grand Prix""]","[9, 10, 13, 16]",4
4hop1__813171_153080_33897_81096,Who won the indy car race in the largest populated city in the state that the performer of Changes Two is from?,Mario Andretti,[],1,"musique_4hop1__813171_153080_33897_81096_3,musique_4hop1__813171_153080_33897_81096_4,musique_4hop1__813171_153080_33897_81096_13,musique_4hop1__813171_153080_33897_81096_16","[""Changes Two"", ""Charles Mingus"", ""Desert Diamond West Valley Phoenix Grand Prix"", ""Tucson, Arizona""]","[3, 4, 13, 16]",4
4hop1__726391_153080_159767_81096,Who won the Indy car race in the largest city and capitol of the state where the Oh Yeah performer is from?,Mario Andretti,[],1,"musique_4hop1__726391_153080_159767_81096_2,musique_4hop1__726391_153080_159767_81096_9,musique_4hop1__726391_153080_159767_81096_17,musique_4hop1__726391_153080_159767_81096_19","[""Charles Mingus"", ""Desert Diamond West Valley Phoenix Grand Prix"", ""Arizona"", ""Oh Yeah (Charles Mingus album)""]","[2, 9, 17, 19]",4
4hop1__726391_153080_33897_81096,Who won the Indy car race in the largest populated city in the state where the Oh Yeah performer is from?,Mario Andretti,[],1,"musique_4hop1__726391_153080_33897_81096_0,musique_4hop1__726391_153080_33897_81096_6,musique_4hop1__726391_153080_33897_81096_7,musique_4hop1__726391_153080_33897_81096_14","[""Charles Mingus"", ""Desert Diamond West Valley Phoenix Grand Prix"", ""Tucson, Arizona"", ""Oh Yeah (Charles Mingus album)""]","[0, 6, 7, 14]",4
4hop1__342858_131850_159767_81096,Who won the 1993 Indy Car Race in the largest city of the state where the library district and the city of Yuma share the same county?,Mario Andretti,[],1,"musique_4hop1__342858_131850_159767_81096_4,musique_4hop1__342858_131850_159767_81096_8,musique_4hop1__342858_131850_159767_81096_9,musique_4hop1__342858_131850_159767_81096_11","[""Yuma, Colorado"", ""Yuma County Library District"", ""Desert Diamond West Valley Phoenix Grand Prix"", ""Arizona""]","[4, 8, 9, 11]",4
4hop1__752321_153080_159767_81096,The largest city in the state the performer of Pithecanthropus Erectus was from is also the state capital. Who won the indy car race in that city?,Mario Andretti,[],1,"musique_4hop1__752321_153080_159767_81096_0,musique_4hop1__752321_153080_159767_81096_3,musique_4hop1__752321_153080_159767_81096_7,musique_4hop1__752321_153080_159767_81096_14","[""Desert Diamond West Valley Phoenix Grand Prix"", ""Arizona"", ""Charles Mingus"", ""Pithecanthropus Erectus (album)""]","[0, 3, 7, 14]",4
4hop1__236903_153080_159767_81096,Who won the Indy Car Race in the largest city and state of the state where the performer of East Coasting is from?,Mario Andretti,[],1,"musique_4hop1__236903_153080_159767_81096_2,musique_4hop1__236903_153080_159767_81096_5,musique_4hop1__236903_153080_159767_81096_12,musique_4hop1__236903_153080_159767_81096_17","[""Arizona"", ""East Coasting"", ""Desert Diamond West Valley Phoenix Grand Prix"", ""Charles Mingus""]","[2, 5, 12, 17]",4
4hop1__842143_153080_33897_81096,Who won the Indy Car Race in the largest populated city of the state where the performer of Mingus Three is from?,Mario Andretti,[],1,"musique_4hop1__842143_153080_33897_81096_5,musique_4hop1__842143_153080_33897_81096_8,musique_4hop1__842143_153080_33897_81096_16,musique_4hop1__842143_153080_33897_81096_19","[""Mingus Three"", ""Tucson, Arizona"", ""Desert Diamond West Valley Phoenix Grand Prix"", ""Charles Mingus""]","[5, 8, 16, 19]",4
4hop1__708184_153080_33897_81096,Who won the Indy Car Race in the largest populated city of the state where the performer of The Black Saint and the Sinner Lady is from?,Mario Andretti,[],1,"musique_4hop1__708184_153080_33897_81096_0,musique_4hop1__708184_153080_33897_81096_12,musique_4hop1__708184_153080_33897_81096_18,musique_4hop1__708184_153080_33897_81096_19","[""The Black Saint and the Sinner Lady"", ""Desert Diamond West Valley Phoenix Grand Prix"", ""Charles Mingus"", ""Tucson, Arizona""]","[0, 12, 18, 19]",4
4hop1__720201_153080_159767_81096,Who won the 1993 Indy Car Race in the largest city of the state containing the city where the performer of the album Something Like a Bird is from?,Mario Andretti,[],1,"musique_4hop1__720201_153080_159767_81096_4,musique_4hop1__720201_153080_159767_81096_16,musique_4hop1__720201_153080_159767_81096_18,musique_4hop1__720201_153080_159767_81096_19","[""Desert Diamond West Valley Phoenix Grand Prix"", ""Arizona"", ""Charles Mingus"", ""Something Like a Bird""]","[4, 16, 18, 19]",4
4hop1__802394_153080_33897_81096,Who won the Indy Car Race in the largest populated city of the state where the performer of Mingus Plays Piano is from?,Mario Andretti,[],1,"musique_4hop1__802394_153080_33897_81096_3,musique_4hop1__802394_153080_33897_81096_6,musique_4hop1__802394_153080_33897_81096_8,musique_4hop1__802394_153080_33897_81096_18","[""Tucson, Arizona"", ""Charles Mingus"", ""Mingus Plays Piano"", ""Desert Diamond West Valley Phoenix Grand Prix""]","[3, 6, 8, 18]",4
4hop1__310029_153080_159767_81096,Who won the Indy Car Race in the largest city and capital of the state where the performer of Jazz Portraits: Mingus in Wonderland is from?,Mario Andretti,[],1,"musique_4hop1__310029_153080_159767_81096_3,musique_4hop1__310029_153080_159767_81096_5,musique_4hop1__310029_153080_159767_81096_9,musique_4hop1__310029_153080_159767_81096_14","[""Jazz Portraits: Mingus in Wonderland"", ""Desert Diamond West Valley Phoenix Grand Prix"", ""Charles Mingus"", ""Arizona""]","[3, 5, 9, 14]",4
4hop1__813171_153080_159767_81096,Who won the Indy car race in the largest city and capitol of the state where the Changes Two performer is from?,Mario Andretti,[],1,"musique_4hop1__813171_153080_159767_81096_2,musique_4hop1__813171_153080_159767_81096_6,musique_4hop1__813171_153080_159767_81096_9,musique_4hop1__813171_153080_159767_81096_13","[""Arizona"", ""Desert Diamond West Valley Phoenix Grand Prix"", ""Charles Mingus"", ""Changes Two""]","[2, 6, 9, 13]",4
4hop1__342858_131850_33897_81096,Who won the Indy Car Race in the largest populated city of the state where Yuma's Library District is located?,Mario Andretti,[],1,"musique_4hop1__342858_131850_33897_81096_4,musique_4hop1__342858_131850_33897_81096_10,musique_4hop1__342858_131850_33897_81096_16,musique_4hop1__342858_131850_33897_81096_18","[""Tucson, Arizona"", ""Yuma, Colorado"", ""Yuma County Library District"", ""Desert Diamond West Valley Phoenix Grand Prix""]","[4, 10, 16, 18]",4
4hop1__726152_153080_33897_81096,Who won the Indy Car Race in the largest populated city of the state where the performer of Tijuana Moods is from?,Mario Andretti,[],1,"musique_4hop1__726152_153080_33897_81096_5,musique_4hop1__726152_153080_33897_81096_9,musique_4hop1__726152_153080_33897_81096_10,musique_4hop1__726152_153080_33897_81096_14","[""Charles Mingus"", ""Tijuana Moods"", ""Tucson, Arizona"", ""Desert Diamond West Valley Phoenix Grand Prix""]","[5, 9, 10, 14]",4
4hop1__343844_17130_70784_79935,When was the region immediately north of the region where Urim's country is located and the Persian Gulf created?,1930,[],1,"musique_4hop1__343844_17130_70784_79935_0,musique_4hop1__343844_17130_70784_79935_3,musique_4hop1__343844_17130_70784_79935_14,musique_4hop1__343844_17130_70784_79935_18","[""Israel"", ""History of Saudi Arabia"", ""Joe Flexer"", ""Geography of Saudi Arabia""]","[0, 3, 14, 18]",4
4hop1__443274_17130_70784_79935,When was the region immediately north of the region where the country in which Sar-El can be found is located and the Persian Gulf created?,1930,[],1,"musique_4hop1__443274_17130_70784_79935_1,musique_4hop1__443274_17130_70784_79935_4,musique_4hop1__443274_17130_70784_79935_11,musique_4hop1__443274_17130_70784_79935_18","[""History of Saudi Arabia"", ""Sar-El"", ""Israel"", ""Geography of Saudi Arabia""]","[1, 4, 11, 18]",4
4hop1__105401_17130_70784_79935,When was the region that lies to the north of the region where Strangers No More took place and the Persian Gulf created?,1930,[],1,"musique_4hop1__105401_17130_70784_79935_0,musique_4hop1__105401_17130_70784_79935_9,musique_4hop1__105401_17130_70784_79935_17,musique_4hop1__105401_17130_70784_79935_18","[""Strangers No More"", ""Geography of Saudi Arabia"", ""History of Saudi Arabia"", ""Israel""]","[0, 9, 17, 18]",4
4hop1__638988_17130_70784_79935,When was the region that lies to the north of the region where Aluf is located and the Persian Gulf created?,1930,[],1,"musique_4hop1__638988_17130_70784_79935_1,musique_4hop1__638988_17130_70784_79935_3,musique_4hop1__638988_17130_70784_79935_4,musique_4hop1__638988_17130_70784_79935_7","[""Israel"", ""History of Saudi Arabia"", ""Geography of Saudi Arabia"", ""Chaim Herzog""]","[1, 3, 4, 7]",4
4hop1__105688_17130_70784_79935,When was the region that lies to the north of where Eyal Golan is located and the Persian Gulf created?,1930,[],1,"musique_4hop1__105688_17130_70784_79935_0,musique_4hop1__105688_17130_70784_79935_14,musique_4hop1__105688_17130_70784_79935_16,musique_4hop1__105688_17130_70784_79935_19","[""Eyal Golan"", ""History of Saudi Arabia"", ""Israel"", ""Geography of Saudi Arabia""]","[0, 14, 16, 19]",4
4hop1__17192_17130_70784_79935,When was the region immediately north of the region where the country that secured southern Lebanon is located and the Persian Gulf created?,1930,[],1,"musique_4hop1__17192_17130_70784_79935_0,musique_4hop1__17192_17130_70784_79935_4,musique_4hop1__17192_17130_70784_79935_16,musique_4hop1__17192_17130_70784_79935_17","[""History of Saudi Arabia"", ""Israel"", ""Geography of Saudi Arabia"", ""Israel""]","[0, 4, 16, 17]",4
4hop1__105401_17130_70784_61381,When was the region immediately north of the region of the country in Strangers No More and the Persian Gulf established?,1932,[],1,"musique_4hop1__105401_17130_70784_61381_4,musique_4hop1__105401_17130_70784_61381_11,musique_4hop1__105401_17130_70784_61381_14,musique_4hop1__105401_17130_70784_61381_16","[""Israel"", ""Saudi Arabia"", ""Geography of Saudi Arabia"", ""Strangers No More""]","[4, 11, 14, 16]",4
4hop1__343844_17130_70784_61381,When was the country established that lies immediately north of the Persian Gulf and the region where the country containing Urim is located?,1932,[],1,"musique_4hop1__343844_17130_70784_61381_0,musique_4hop1__343844_17130_70784_61381_9,musique_4hop1__343844_17130_70784_61381_10,musique_4hop1__343844_17130_70784_61381_17","[""Saudi Arabia"", ""Israel"", ""Geography of Saudi Arabia"", ""Joe Flexer""]","[0, 9, 10, 17]",4
4hop1__17192_17130_70784_61381,When was the region immediately north of the region where the country that secured southern Lebanon is located and the Persian Gulf established?,1932,[],1,"musique_4hop1__17192_17130_70784_61381_2,musique_4hop1__17192_17130_70784_61381_6,musique_4hop1__17192_17130_70784_61381_9,musique_4hop1__17192_17130_70784_61381_18","[""Israel"", ""Saudi Arabia"", ""Israel"", ""Geography of Saudi Arabia""]","[2, 6, 9, 18]",4
4hop1__443274_17130_70784_61381,When was the region that lies to the north of the country where Sar-El is located and the Persian Gulf established?,1932,[],1,"musique_4hop1__443274_17130_70784_61381_0,musique_4hop1__443274_17130_70784_61381_4,musique_4hop1__443274_17130_70784_61381_8,musique_4hop1__443274_17130_70784_61381_11","[""Geography of Saudi Arabia"", ""Saudi Arabia"", ""Israel"", ""Sar-El""]","[0, 4, 8, 11]",4
4hop1__105002_17130_70784_61381,When was the region immediately north of the area where the country that released Atalia is located and the Persian Gulf established?,1932,[],1,"musique_4hop1__105002_17130_70784_61381_0,musique_4hop1__105002_17130_70784_61381_8,musique_4hop1__105002_17130_70784_61381_11,musique_4hop1__105002_17130_70784_61381_12","[""Israel"", ""Geography of Saudi Arabia"", ""Saudi Arabia"", ""Atalia""]","[0, 8, 11, 12]",4
4hop1__105688_17130_70784_61381,The country that Eyal Golan is from lies within a certain region. When was the area that lies immediately to the north of that region established?,1932,[],1,"musique_4hop1__105688_17130_70784_61381_1,musique_4hop1__105688_17130_70784_61381_2,musique_4hop1__105688_17130_70784_61381_9,musique_4hop1__105688_17130_70784_61381_19","[""Eyal Golan"", ""Geography of Saudi Arabia"", ""Saudi Arabia"", ""Israel""]","[1, 2, 9, 19]",4
4hop1__638988_17130_70784_61381,When was the region immediately north of the region where the country in which Aluf can be found is located and the Persian Gulf established?,1932,[],1,"musique_4hop1__638988_17130_70784_61381_5,musique_4hop1__638988_17130_70784_61381_9,musique_4hop1__638988_17130_70784_61381_14,musique_4hop1__638988_17130_70784_61381_15","[""Chaim Herzog"", ""Israel"", ""Geography of Saudi Arabia"", ""Saudi Arabia""]","[5, 9, 14, 15]",4
4hop3__661103_698586_1926_54362,Who burned down the city where Dunn Dunn's artist died in the war after which black people declined living in NYC?,Confederate Gen. John Bell Hood,[],1,"musique_4hop3__661103_698586_1926_54362_0,musique_4hop3__661103_698586_1926_54362_1,musique_4hop3__661103_698586_1926_54362_3,musique_4hop3__661103_698586_1926_54362_18","[""New York City"", ""Shawty Lo discography"", ""Atlanta in the American Civil War"", ""Dunn Dunn""]","[0, 1, 3, 18]",4
4hop3__152056_698586_1926_54362,Who burned down the death city of the artist responsible for Dunn Dunn in the war after which the first time black people declined in living in NYC?,Confederate Gen. John Bell Hood,[],1,"musique_4hop3__152056_698586_1926_54362_7,musique_4hop3__152056_698586_1926_54362_13,musique_4hop3__152056_698586_1926_54362_17,musique_4hop3__152056_698586_1926_54362_18","[""Dunn Dunn"", ""Atlanta in the American Civil War"", ""New York City"", ""Shawty Lo discography""]","[7, 13, 17, 18]",4
4hop1__131611_32392_823060_610794,In which county is the city sharing a border with the capitol of the state where Ocean Forest Country Club is located?,Richland County,"[""Richland County, South Carolina""]",1,"musique_4hop1__131611_32392_823060_610794_6,musique_4hop1__131611_32392_823060_610794_11,musique_4hop1__131611_32392_823060_610794_16,musique_4hop1__131611_32392_823060_610794_19","[""Charleston, South Carolina"", ""Ocean Forest Country Club"", ""Forest Acres, South Carolina"", ""WWNQ""]","[6, 11, 16, 19]",4
4hop1__161605_32392_823060_610794,What county is the city that shares a border with the state capital of the state where Darlington County located in?,Richland County,"[""Richland County, South Carolina""]",1,"musique_4hop1__161605_32392_823060_610794_8,musique_4hop1__161605_32392_823060_610794_10,musique_4hop1__161605_32392_823060_610794_11,musique_4hop1__161605_32392_823060_610794_14","[""Forest Acres, South Carolina"", ""WWNQ"", ""Darlington County, South Carolina"", ""Charleston, South Carolina""]","[8, 10, 11, 14]",4
4hop1__130623_32392_823060_610794,What county has a city that is adjacent to the capital city of Erskine College's state?,Richland County,"[""Richland County, South Carolina""]",1,"musique_4hop1__130623_32392_823060_610794_3,musique_4hop1__130623_32392_823060_610794_6,musique_4hop1__130623_32392_823060_610794_9,musique_4hop1__130623_32392_823060_610794_14","[""Forest Acres, South Carolina"", ""Charleston, South Carolina"", ""WWNQ"", ""Erskine College""]","[3, 6, 9, 14]",4
4hop1__13170_32392_823060_610794,In which county is the city sharing a border with the capitol of the first state to formally secede?,Richland County,"[""Richland County, South Carolina""]",1,"musique_4hop1__13170_32392_823060_610794_5,musique_4hop1__13170_32392_823060_610794_12,musique_4hop1__13170_32392_823060_610794_13,musique_4hop1__13170_32392_823060_610794_19","[""Forest Acres, South Carolina"", ""WWNQ"", ""Military history of the United States"", ""Charleston, South Carolina""]","[5, 12, 13, 19]",4
4hop1__129721_32392_823060_610794,What county is the city that shares a border with the state capital of the state where Zubly Cemetery is located in?,Richland County,"[""Richland County, South Carolina""]",1,"musique_4hop1__129721_32392_823060_610794_2,musique_4hop1__129721_32392_823060_610794_4,musique_4hop1__129721_32392_823060_610794_9,musique_4hop1__129721_32392_823060_610794_17","[""WWNQ"", ""Zubly Cemetery"", ""Forest Acres, South Carolina"", ""Charleston, South Carolina""]","[2, 4, 9, 17]",4
4hop1__130508_32392_823060_610794,In which county is the city sharing a border with the capitol of the state where Borough House Plantation is located?,Richland County,"[""Richland County, South Carolina""]",1,"musique_4hop1__130508_32392_823060_610794_4,musique_4hop1__130508_32392_823060_610794_9,musique_4hop1__130508_32392_823060_610794_15,musique_4hop1__130508_32392_823060_610794_16","[""Forest Acres, South Carolina"", ""Borough House Plantation"", ""Charleston, South Carolina"", ""WWNQ""]","[4, 9, 15, 16]",4
4hop1__145087_32392_823060_610794,What county is the city that shares a border with the state capital of the state where Velma Barfield was born located in?,Richland County,"[""Richland County, South Carolina""]",1,"musique_4hop1__145087_32392_823060_610794_5,musique_4hop1__145087_32392_823060_610794_11,musique_4hop1__145087_32392_823060_610794_14,musique_4hop1__145087_32392_823060_610794_17","[""Velma Barfield"", ""WWNQ"", ""Forest Acres, South Carolina"", ""Charleston, South Carolina""]","[5, 11, 14, 17]",4
4hop1__44149_32392_823060_610794,What county is the city that shares a border with the state capital of the state where the RBC Heritage Golf Tournament is played in?,Richland County,"[""Richland County, South Carolina""]",1,"musique_4hop1__44149_32392_823060_610794_0,musique_4hop1__44149_32392_823060_610794_2,musique_4hop1__44149_32392_823060_610794_3,musique_4hop1__44149_32392_823060_610794_10","[""Charleston, South Carolina"", ""WWNQ"", ""RBC Heritage"", ""Forest Acres, South Carolina""]","[0, 2, 3, 10]",4
4hop1__131632_32392_823060_610794,What county contains the city with a radio station that broadcasts to the capital city of the state where the Peace center is located?,Richland County,"[""Richland County, South Carolina""]",1,"musique_4hop1__131632_32392_823060_610794_3,musique_4hop1__131632_32392_823060_610794_5,musique_4hop1__131632_32392_823060_610794_13,musique_4hop1__131632_32392_823060_610794_17","[""Forest Acres, South Carolina"", ""WWNQ"", ""Charleston, South Carolina"", ""Peace Center""]","[3, 5, 13, 17]",4
4hop1__56226_32392_823060_610794,In which county is the city sharing a border with the capitol of the state that won the Battle of Sullivan's Island?,Richland County,"[""Richland County, South Carolina""]",1,"musique_4hop1__56226_32392_823060_610794_3,musique_4hop1__56226_32392_823060_610794_9,musique_4hop1__56226_32392_823060_610794_10,musique_4hop1__56226_32392_823060_610794_16","[""Charleston, South Carolina"", ""Forest Acres, South Carolina"", ""WWNQ"", ""Battle of Sullivan's Island""]","[3, 9, 10, 16]",4
4hop1__89632_32392_823060_610794,Which country contains the city sharing border with the state capital of the US state filming the movie the patriot?,Richland County,"[""Richland County, South Carolina""]",1,"musique_4hop1__89632_32392_823060_610794_1,musique_4hop1__89632_32392_823060_610794_2,musique_4hop1__89632_32392_823060_610794_12,musique_4hop1__89632_32392_823060_610794_13","[""Forest Acres, South Carolina"", ""WWNQ"", ""Charleston, South Carolina"", ""The Patriot (2000 film)""]","[1, 2, 12, 13]",4
4hop1__73810_32392_823060_610794,In what county is located the city that shares a border with the capital of the state that won the 2017 NCAA Basketball Tournament?,Richland County,"[""Richland County, South Carolina""]",1,"musique_4hop1__73810_32392_823060_610794_0,musique_4hop1__73810_32392_823060_610794_4,musique_4hop1__73810_32392_823060_610794_6,musique_4hop1__73810_32392_823060_610794_13","[""2017 NCAA Division I Women's Basketball Tournament"", ""WWNQ"", ""Forest Acres, South Carolina"", ""Charleston, South Carolina""]","[0, 4, 6, 13]",4
4hop1__37608_32392_823060_610794,Which county has the location that shares a border with the city that became the state capital of where Representative Thomas Tucker was from?,Richland County,"[""Richland County, South Carolina""]",1,"musique_4hop1__37608_32392_823060_610794_1,musique_4hop1__37608_32392_823060_610794_13,musique_4hop1__37608_32392_823060_610794_14,musique_4hop1__37608_32392_823060_610794_19","[""Separation of church and state in the United States"", ""Forest Acres, South Carolina"", ""Charleston, South Carolina"", ""WWNQ""]","[1, 13, 14, 19]",4
4hop1__777217_32392_823060_610794,What county is the city that shares a border with the state capital of the state where Andrew Deveaux was born located in?,Richland County,"[""Richland County, South Carolina""]",1,"musique_4hop1__777217_32392_823060_610794_1,musique_4hop1__777217_32392_823060_610794_5,musique_4hop1__777217_32392_823060_610794_12,musique_4hop1__777217_32392_823060_610794_18","[""Forest Acres, South Carolina"", ""Charleston, South Carolina"", ""Andrew Deveaux"", ""WWNQ""]","[1, 5, 12, 18]",4
4hop1__429751_32392_823060_610794,What county is the city that shares a border with the state capital of the state where Purrysburg is located?,Richland County,"[""Richland County, South Carolina""]",1,"musique_4hop1__429751_32392_823060_610794_1,musique_4hop1__429751_32392_823060_610794_11,musique_4hop1__429751_32392_823060_610794_12,musique_4hop1__429751_32392_823060_610794_18","[""Charleston, South Carolina"", ""Forest Acres, South Carolina"", ""WWNQ"", ""Purrysburg, South Carolina""]","[1, 11, 12, 18]",4
4hop1__788226_32392_823060_610794,The capital of the state where Mary Boykin Chesnut lived borders a city within which county?,Richland County,"[""Richland County, South Carolina""]",1,"musique_4hop1__788226_32392_823060_610794_1,musique_4hop1__788226_32392_823060_610794_3,musique_4hop1__788226_32392_823060_610794_18,musique_4hop1__788226_32392_823060_610794_19","[""Charleston, South Carolina"", ""Forest Acres, South Carolina"", ""WWNQ"", ""Mary Chesnut's Civil War""]","[1, 3, 18, 19]",4
4hop1__408432_32392_823060_610794,In which county is the city sharing a border with the capitol of the state where WYFG is located?,Richland County,"[""Richland County, South Carolina""]",1,"musique_4hop1__408432_32392_823060_610794_2,musique_4hop1__408432_32392_823060_610794_6,musique_4hop1__408432_32392_823060_610794_13,musique_4hop1__408432_32392_823060_610794_19","[""WYFG"", ""WWNQ"", ""Forest Acres, South Carolina"", ""Charleston, South Carolina""]","[2, 6, 13, 19]",4
4hop1__444892_32392_823060_610794,In what county is the city that shares a border with the capital of the state where Levi Casey was born?,Richland County,"[""Richland County, South Carolina""]",1,"musique_4hop1__444892_32392_823060_610794_2,musique_4hop1__444892_32392_823060_610794_9,musique_4hop1__444892_32392_823060_610794_13,musique_4hop1__444892_32392_823060_610794_15","[""Forest Acres, South Carolina"", ""WWNQ"", ""Levi Casey (politician)"", ""Charleston, South Carolina""]","[2, 9, 13, 15]",4
4hop1__433767_32392_823060_610794,In what county is located the city that shares a border with the capital of the state where Mike Dow was born?,Richland County,"[""Richland County, South Carolina""]",1,"musique_4hop1__433767_32392_823060_610794_3,musique_4hop1__433767_32392_823060_610794_8,musique_4hop1__433767_32392_823060_610794_14,musique_4hop1__433767_32392_823060_610794_18","[""Forest Acres, South Carolina"", ""Charleston, South Carolina"", ""WWNQ"", ""Mike Dow""]","[3, 8, 14, 18]",4
4hop1__819901_32392_823060_610794,In which county is the city sharing a border with the capitol of the state where Johnson Hagood died?,Richland County,"[""Richland County, South Carolina""]",1,"musique_4hop1__819901_32392_823060_610794_9,musique_4hop1__819901_32392_823060_610794_11,musique_4hop1__819901_32392_823060_610794_13,musique_4hop1__819901_32392_823060_610794_18","[""WWNQ"", ""John Doby Kennedy"", ""Charleston, South Carolina"", ""Forest Acres, South Carolina""]","[9, 11, 13, 18]",4
4hop3__129682_29339_508306_70744,Who won more national championships between the university that contains Fort Hill and the university of the state where Edwards won the primary besides the state where WSFN is located?,University of South Carolina,"[""USC"", ""SC""]",1,"musique_4hop3__129682_29339_508306_70744_3,musique_4hop3__129682_29339_508306_70744_4,musique_4hop3__129682_29339_508306_70744_8,musique_4hop3__129682_29339_508306_70744_12","[""2004 United States presidential election"", ""Fort Hill (Clemson, South Carolina)"", ""WSFN"", ""Clemson\u2013South Carolina rivalry""]","[3, 4, 8, 12]",4
4hop3__130404_29339_508306_70744,"Who has more national championships, the university where Fort Hill is, or the university in the state where Edwards won the primary, along with winning in the state containing WDXQ?",University of South Carolina,"[""USC"", ""SC""]",1,"musique_4hop3__130404_29339_508306_70744_0,musique_4hop3__130404_29339_508306_70744_2,musique_4hop3__130404_29339_508306_70744_10,musique_4hop3__130404_29339_508306_70744_11","[""WDXQ"", ""Fort Hill (Clemson, South Carolina)"", ""Clemson\u2013South Carolina rivalry"", ""2004 United States presidential election""]","[0, 2, 10, 11]",4
4hop3__129456_29339_508306_70744,Between the state university in the state without North Point Mall and where Edwards won the primary and the university in Fort Hill's town which has the more national championships?,University of South Carolina,"[""SC""]",1,"musique_4hop3__129456_29339_508306_70744_8,musique_4hop3__129456_29339_508306_70744_9,musique_4hop3__129456_29339_508306_70744_11,musique_4hop3__129456_29339_508306_70744_17","[""Fort Hill (Clemson, South Carolina)"", ""2004 United States presidential election"", ""North Point Mall"", ""Clemson\u2013South Carolina rivalry""]","[8, 9, 11, 17]",4
4hop3__39836_29339_508306_70744,Who won more national championships between the university featuring Fort Hill and the university of the state where Edwards won the primary besides the state where the Richmond Braves moved?,University of South Carolina,"[""SC""]",1,"musique_4hop3__39836_29339_508306_70744_0,musique_4hop3__39836_29339_508306_70744_7,musique_4hop3__39836_29339_508306_70744_8,musique_4hop3__39836_29339_508306_70744_10","[""Richmond, Virginia"", ""Fort Hill (Clemson, South Carolina)"", ""Clemson\u2013South Carolina rivalry"", ""2004 United States presidential election""]","[0, 7, 8, 10]",4
4hop3__131820_29339_508306_70744,"Which university has more national championships, university of the state having Fort Hill or university of the state whose primary was won by Edwards besides the state having WEKL?",University of South Carolina,"[""USC"", ""SC""]",1,"musique_4hop3__131820_29339_508306_70744_4,musique_4hop3__131820_29339_508306_70744_8,musique_4hop3__131820_29339_508306_70744_9,musique_4hop3__131820_29339_508306_70744_11","[""Fort Hill (Clemson, South Carolina)"", ""2004 United States presidential election"", ""WEKL"", ""Clemson\u2013South Carolina rivalry""]","[4, 8, 9, 11]",4
4hop3__131775_29339_508306_70744,"Which has more national championships, university of the state having Fort Hill or university of the state whose primary was won by Edwards besides the state having Ted Wright Stadium?",University of South Carolina,"[""USC"", ""SC""]",1,"musique_4hop3__131775_29339_508306_70744_0,musique_4hop3__131775_29339_508306_70744_3,musique_4hop3__131775_29339_508306_70744_10,musique_4hop3__131775_29339_508306_70744_17","[""Fort Hill (Clemson, South Carolina)"", ""Ted Wright Stadium"", ""2004 United States presidential election"", ""Clemson\u2013South Carolina rivalry""]","[0, 3, 10, 17]",4
4hop3__129754_29339_508306_70744,"Who has more national championships than the school with Fort Hill or the facility in the location Edwards won the primary, but not the state with the 404 area code?",University of South Carolina,"[""USC"", ""SC""]",1,"musique_4hop3__129754_29339_508306_70744_0,musique_4hop3__129754_29339_508306_70744_1,musique_4hop3__129754_29339_508306_70744_5,musique_4hop3__129754_29339_508306_70744_12","[""Area code 404"", ""Fort Hill (Clemson, South Carolina)"", ""Clemson\u2013South Carolina rivalry"", ""2004 United States presidential election""]","[0, 1, 5, 12]",4
4hop3__31333_29339_508306_70744,Edwards won the primary in a state excluding the state that sent the most tourists in to Tennessee in 2013. Who has the most national championships between that state's university and Fort Hill's city's university?,University of South Carolina,"[""SC""]",1,"musique_4hop3__31333_29339_508306_70744_5,musique_4hop3__31333_29339_508306_70744_6,musique_4hop3__31333_29339_508306_70744_8,musique_4hop3__31333_29339_508306_70744_18","[""Tennessee"", ""Fort Hill (Clemson, South Carolina)"", ""2004 United States presidential election"", ""Clemson\u2013South Carolina rivalry""]","[5, 6, 8, 18]",4
4hop3__130276_29339_508306_70744,Who won more national championships between the university featuring Fort Hill and the university of the state where Edwards won the primary besides the state containing Redan High School?,University of South Carolina,"[""SC""]",1,"musique_4hop3__130276_29339_508306_70744_1,musique_4hop3__130276_29339_508306_70744_6,musique_4hop3__130276_29339_508306_70744_12,musique_4hop3__130276_29339_508306_70744_18","[""Redan High School"", ""Clemson\u2013South Carolina rivalry"", ""2004 United States presidential election"", ""Fort Hill (Clemson, South Carolina)""]","[1, 6, 12, 18]",4
4hop3__129318_29339_508306_70744,University of the state having Fort Hill or university of the state whose primary was won by Edwards besides the state having James B. Simmons House has more national championships?,University of South Carolina,"[""SCar"", ""USC"", ""SC""]",1,"musique_4hop3__129318_29339_508306_70744_2,musique_4hop3__129318_29339_508306_70744_5,musique_4hop3__129318_29339_508306_70744_6,musique_4hop3__129318_29339_508306_70744_15","[""Clemson\u2013South Carolina rivalry"", ""Fort Hill (Clemson, South Carolina)"", ""James B. Simmons House"", ""2004 United States presidential election""]","[2, 5, 6, 15]",4
4hop3__15567_29339_508306_70744,Edwards won a primary in a state excluding the state where a jury sentenced Demarcus Sears to death. Who has more national championships between that state's university and Fort Hill's city's university?,University of South Carolina,"[""SC""]",1,"musique_4hop3__15567_29339_508306_70744_4,musique_4hop3__15567_29339_508306_70744_10,musique_4hop3__15567_29339_508306_70744_13,musique_4hop3__15567_29339_508306_70744_16","[""Capital punishment in the United States"", ""Fort Hill (Clemson, South Carolina)"", ""Clemson\u2013South Carolina rivalry"", ""2004 United States presidential election""]","[4, 10, 13, 16]",4
4hop1__131113_59747_211319_557671,Which county shares a border with the county where the most populous city in the state where Washington State Prison can be found is located?,Presque Isle County,[],1,"musique_4hop1__131113_59747_211319_557671_3,musique_4hop1__131113_59747_211319_557671_12,musique_4hop1__131113_59747_211319_557671_13,musique_4hop1__131113_59747_211319_557671_18","[""Sno*Drift"", ""List of municipalities in Georgia (U.S. state)"", ""Washington State Prison"", ""Alpena Power Company""]","[3, 12, 13, 18]",4
4hop1__130404_59747_211319_557671,Which county shares a border with the county where the most populous city in the state where WDXQ can be found is located?,Presque Isle County,[],1,"musique_4hop1__130404_59747_211319_557671_1,musique_4hop1__130404_59747_211319_557671_2,musique_4hop1__130404_59747_211319_557671_9,musique_4hop1__130404_59747_211319_557671_10","[""WDXQ"", ""Sno*Drift"", ""List of municipalities in Georgia (U.S. state)"", ""Alpena Power Company""]","[1, 2, 9, 10]",4
4hop3__152056_698586_57596_54362,Who burned down the city where Dunn Dunn's artist died in the war during which income tax started?,Confederate Gen. John Bell Hood,[],1,"musique_4hop3__152056_698586_57596_54362_2,musique_4hop3__152056_698586_57596_54362_5,musique_4hop3__152056_698586_57596_54362_10,musique_4hop3__152056_698586_57596_54362_18","[""History of taxation in the United States"", ""Atlanta in the American Civil War"", ""Dunn Dunn"", ""Shawty Lo discography""]","[2, 5, 10, 18]",4
4hop1__71715_59747_211319_557671,Which county shares a border with the county where the most populous city in the state where the Dukes of Hazzard took place is located?,Presque Isle County,[],1,"musique_4hop1__71715_59747_211319_557671_0,musique_4hop1__71715_59747_211319_557671_2,musique_4hop1__71715_59747_211319_557671_15,musique_4hop1__71715_59747_211319_557671_17","[""Sno*Drift"", ""List of municipalities in Georgia (U.S. state)"", ""The Dukes of Hazzard"", ""Alpena Power Company""]","[0, 2, 15, 17]",4
4hop3__152056_698586_89595_54362,Who burned down the city where Dunn Dunn's recording artist died during the conflict after which the historical time period of A Rose for Emily occurred?,Confederate Gen. John Bell Hood,[],1,"musique_4hop3__152056_698586_89595_54362_12,musique_4hop3__152056_698586_89595_54362_15,musique_4hop3__152056_698586_89595_54362_17,musique_4hop3__152056_698586_89595_54362_19","[""Dunn Dunn"", ""Shawty Lo discography"", ""A Rose for Emily"", ""Atlanta in the American Civil War""]","[12, 15, 17, 19]",4
4hop1__60000_59747_211319_557671,What county borders the county with the largest city in the state where Birth of a Nation was filmed?,Presque Isle County,[],1,"musique_4hop1__60000_59747_211319_557671_5,musique_4hop1__60000_59747_211319_557671_10,musique_4hop1__60000_59747_211319_557671_13,musique_4hop1__60000_59747_211319_557671_19","[""Sno*Drift"", ""The Birth of a Nation (2016 film)"", ""List of municipalities in Georgia (U.S. state)"", ""Alpena Power Company""]","[5, 10, 13, 19]",4
4hop1__93661_59747_211319_557671,Which county shares a border with the county where the most populous city in the state where season 8 of The Walking Dead was filmed is located?,Presque Isle County,[],1,"musique_4hop1__93661_59747_211319_557671_0,musique_4hop1__93661_59747_211319_557671_14,musique_4hop1__93661_59747_211319_557671_18,musique_4hop1__93661_59747_211319_557671_19","[""Alpena Power Company"", ""The Walking Dead (TV series)"", ""Sno*Drift"", ""List of municipalities in Georgia (U.S. state)""]","[0, 14, 18, 19]",4
4hop3__152056_698586_91248_54362,Who burned down the city where Dunn Dunn's artist died in the war after which the government got involved in healthcare?,Confederate Gen. John Bell Hood,[],1,"musique_4hop3__152056_698586_91248_54362_4,musique_4hop3__152056_698586_91248_54362_12,musique_4hop3__152056_698586_91248_54362_16,musique_4hop3__152056_698586_91248_54362_17","[""Shawty Lo discography"", ""Atlanta in the American Civil War"", ""Dunn Dunn"", ""History of health care reform in the United States""]","[4, 12, 16, 17]",4
4hop1__129682_59747_211319_557671,Which county shares a border with the county where the most populous city in the state where WSFN can be found is located?,Presque Isle County,[],1,"musique_4hop1__129682_59747_211319_557671_3,musique_4hop1__129682_59747_211319_557671_4,musique_4hop1__129682_59747_211319_557671_10,musique_4hop1__129682_59747_211319_557671_13","[""Sno*Drift"", ""List of municipalities in Georgia (U.S. state)"", ""WSFN"", ""Alpena Power Company""]","[3, 4, 10, 13]",4
4hop1__131820_59747_211319_557671,Which county shares a border with the county where the most populous city in the state where WEKL operates is located?,Presque Isle County,[],1,"musique_4hop1__131820_59747_211319_557671_7,musique_4hop1__131820_59747_211319_557671_11,musique_4hop1__131820_59747_211319_557671_15,musique_4hop1__131820_59747_211319_557671_17","[""Alpena Power Company"", ""WEKL"", ""List of municipalities in Georgia (U.S. state)"", ""Sno*Drift""]","[7, 11, 15, 17]",4
4hop1__31333_59747_211319_557671,Which county shares a border with the county where the most populous city in the other state that sent Tennessee the most tourists in 2013 is located?,Presque Isle County,[],1,"musique_4hop1__31333_59747_211319_557671_0,musique_4hop1__31333_59747_211319_557671_4,musique_4hop1__31333_59747_211319_557671_6,musique_4hop1__31333_59747_211319_557671_8","[""Alpena Power Company"", ""Tennessee"", ""Sno*Drift"", ""List of municipalities in Georgia (U.S. state)""]","[0, 4, 6, 8]",4
4hop1__130276_59747_211319_557671,Which county shares a border with the county where the most populous city in the state where Redan High School is located?,Presque Isle County,[],1,"musique_4hop1__130276_59747_211319_557671_0,musique_4hop1__130276_59747_211319_557671_5,musique_4hop1__130276_59747_211319_557671_11,musique_4hop1__130276_59747_211319_557671_16","[""Alpena Power Company"", ""List of municipalities in Georgia (U.S. state)"", ""Redan High School"", ""Sno*Drift""]","[0, 5, 11, 16]",4
4hop1__15607_59747_211319_557671,Which county shares a border with the county where the most populous city in the state where armed robbery is a capital crime is located?,Presque Isle County,[],1,"musique_4hop1__15607_59747_211319_557671_5,musique_4hop1__15607_59747_211319_557671_6,musique_4hop1__15607_59747_211319_557671_15,musique_4hop1__15607_59747_211319_557671_18","[""Capital punishment in the United States"", ""List of municipalities in Georgia (U.S. state)"", ""Alpena Power Company"", ""Sno*Drift""]","[5, 6, 15, 18]",4
4hop1__15567_59747_211319_557671,Which county shares a border with the county where the most populous city in the state that sentenced Demarcus Sears to death is located?,Presque Isle County,[],1,"musique_4hop1__15567_59747_211319_557671_3,musique_4hop1__15567_59747_211319_557671_7,musique_4hop1__15567_59747_211319_557671_12,musique_4hop1__15567_59747_211319_557671_14","[""Sno*Drift"", ""List of municipalities in Georgia (U.S. state)"", ""Alpena Power Company"", ""Capital punishment in the United States""]","[3, 7, 12, 14]",4
4hop3__661103_698586_89595_54362,Who burned down the city where Dunn Dunn's recording artist died during the conflict after which occurred the historical period of A Rose for Emily?,Confederate Gen. John Bell Hood,[],1,"musique_4hop3__661103_698586_89595_54362_5,musique_4hop3__661103_698586_89595_54362_6,musique_4hop3__661103_698586_89595_54362_8,musique_4hop3__661103_698586_89595_54362_12","[""Dunn Dunn"", ""Atlanta in the American Civil War"", ""A Rose for Emily"", ""Shawty Lo discography""]","[5, 6, 8, 12]",4
4hop3__661103_698586_57596_54362,"Who burned down the city where the artist who recorded Dunn Dunn died, during the war that saw the introduction of income tax in the U.S.?",Confederate Gen. John Bell Hood,[],1,"musique_4hop3__661103_698586_57596_54362_5,musique_4hop3__661103_698586_57596_54362_9,musique_4hop3__661103_698586_57596_54362_13,musique_4hop3__661103_698586_57596_54362_18","[""Dunn Dunn"", ""Shawty Lo discography"", ""Atlanta in the American Civil War"", ""History of taxation in the United States""]","[5, 9, 13, 18]",4
4hop3__661103_698586_91248_54362,Who burned down the city where Dunn Dunn's recording artist died during the conflict after which the government got involved in healthcare?,Confederate Gen. John Bell Hood,[],1,"musique_4hop3__661103_698586_91248_54362_9,musique_4hop3__661103_698586_91248_54362_10,musique_4hop3__661103_698586_91248_54362_11,musique_4hop3__661103_698586_91248_54362_15","[""Atlanta in the American Civil War"", ""Dunn Dunn"", ""History of health care reform in the United States"", ""Shawty Lo discography""]","[9, 10, 11, 15]",4
4hop3__160230_470287_128875_72134,When did the town WLUJ is licensed in become capitol of the state in which a statue of a Latin mother goddess is located?,1839,[],1,"musique_4hop3__160230_470287_128875_72134_10,musique_4hop3__160230_470287_128875_72134_11,musique_4hop3__160230_470287_128875_72134_12,musique_4hop3__160230_470287_128875_72134_13","[""Alma Mater (Illinois sculpture)"", ""WLUJ"", ""Springfield, Illinois"", ""Alma mater""]","[10, 11, 12, 13]",4
4hop1__152146_5274_458768_33677,When was the most recent Bicycle Friendly Community Award given to the city where the headquarters of the only group larger than Långa nätter's record label is located?,2013,[],1,"musique_4hop1__152146_5274_458768_33677_4,musique_4hop1__152146_5274_458768_33677_5,musique_4hop1__152146_5274_458768_33677_14,musique_4hop1__152146_5274_458768_33677_16","[""Sony Music"", ""L\u00e5nga n\u00e4tter"", ""The Right Stuff Records"", ""Santa Monica, California""]","[4, 5, 14, 16]",4
4hop1__151650_5274_458768_33677,When was the most recent Bicycle Friendly Community Award given to the city where the only group larger than the record label of Desde El Principio is headquartered?,2013,[],1,"musique_4hop1__151650_5274_458768_33677_3,musique_4hop1__151650_5274_458768_33677_8,musique_4hop1__151650_5274_458768_33677_10,musique_4hop1__151650_5274_458768_33677_13","[""Desde El Principio"", ""Sony Music"", ""Santa Monica, California"", ""The Right Stuff Records""]","[3, 8, 10, 13]",4
4hop1__152562_5274_458768_33677,Vilaiyaadu Mankatha's record label has just one company that is larger than it. When was the most recent Bicycle Friendly Community award given to the city where the headquarters of that larger company lies?,2013,[],1,"musique_4hop1__152562_5274_458768_33677_5,musique_4hop1__152562_5274_458768_33677_11,musique_4hop1__152562_5274_458768_33677_14,musique_4hop1__152562_5274_458768_33677_16","[""Sony Music"", ""Santa Monica, California"", ""Vilaiyaadu Mankatha"", ""The Right Stuff Records""]","[5, 11, 14, 16]",4
4hop3__524186_219173_128875_72134,When did the town WLUJ is licensed in become the capital of the state where The Poor Boob's screenwriter was born?,1839,[],1,"musique_4hop3__524186_219173_128875_72134_5,musique_4hop3__524186_219173_128875_72134_9,musique_4hop3__524186_219173_128875_72134_11,musique_4hop3__524186_219173_128875_72134_18","[""Margaret Mayo (playwright)"", ""WLUJ"", ""Springfield, Illinois"", ""The Poor Boob""]","[5, 9, 11, 18]",4
4hop1__3496_5274_458768_33677,When was the most recent Bicycle Friendly Community Award given to the city where the headquarters of the only group larger than the company BMG partnered with in 2005-07?,2013,[],1,"musique_4hop1__3496_5274_458768_33677_2,musique_4hop1__3496_5274_458768_33677_4,musique_4hop1__3496_5274_458768_33677_13,musique_4hop1__3496_5274_458768_33677_18","[""American Idol"", ""Santa Monica, California"", ""The Right Stuff Records"", ""Sony Music""]","[2, 4, 13, 18]",4
4hop3__160230_470287_862998_72134,When did the city where Hillcrest High School is located become capitol of the state in which a statue of a Latin mother goddess is located?,1839,[],1,"musique_4hop3__160230_470287_862998_72134_4,musique_4hop3__160230_470287_862998_72134_16,musique_4hop3__160230_470287_862998_72134_17,musique_4hop3__160230_470287_862998_72134_18","[""Alma mater"", ""Hillcrest High School (Springfield, Missouri)"", ""Alma Mater (Illinois sculpture)"", ""Springfield, Illinois""]","[4, 16, 17, 18]",4
4hop1__151903_5274_458768_33677,When was the most recent BFC award given to the city where the only record music group larger than the recording label for The Lost Trident Sessions is located?,2013,[],1,"musique_4hop1__151903_5274_458768_33677_5,musique_4hop1__151903_5274_458768_33677_11,musique_4hop1__151903_5274_458768_33677_15,musique_4hop1__151903_5274_458768_33677_18","[""The Lost Trident Sessions"", ""Santa Monica, California"", ""Sony Music"", ""The Right Stuff Records""]","[5, 11, 15, 18]",4
4hop3__160230_470287_345497_72134,When did the death city of Taito Kantonen become the capital of the US state having the statue being the title of the various Latin Mother goddess?,1839,[],1,"musique_4hop3__160230_470287_345497_72134_1,musique_4hop3__160230_470287_345497_72134_8,musique_4hop3__160230_470287_345497_72134_17,musique_4hop3__160230_470287_345497_72134_19","[""Alma mater"", ""Alma Mater (Illinois sculpture)"", ""Springfield, Illinois"", ""Taito Kantonen""]","[1, 8, 17, 19]",4
4hop3__193820_466199_128875_72134,When did the town WLUJ is licensed in become capitol of the state where Brantley York was born?,1839,[],1,"musique_4hop3__193820_466199_128875_72134_1,musique_4hop3__193820_466199_128875_72134_3,musique_4hop3__193820_466199_128875_72134_7,musique_4hop3__193820_466199_128875_72134_8","[""Randolph County, Illinois"", ""Brantley York"", ""WLUJ"", ""Springfield, Illinois""]","[1, 3, 7, 8]",4
4hop1__567737_141375_458768_33677,When was the most recent Bicycle Friendly Community Award given to the city where the company Study in Brown's record label is part of is headquartered?,2013,[],1,"musique_4hop1__567737_141375_458768_33677_1,musique_4hop1__567737_141375_458768_33677_5,musique_4hop1__567737_141375_458768_33677_8,musique_4hop1__567737_141375_458768_33677_11","[""EmArcy Records"", ""Santa Monica, California"", ""Study in Brown"", ""The Right Stuff Records""]","[1, 5, 8, 11]",4
4hop3__524186_219173_638950_72134,When did the city where Greenwood Laboratory School is located become capitol of the state where the screenwriter of The Poor Boob was born?,1839,[],1,"musique_4hop3__524186_219173_638950_72134_10,musique_4hop3__524186_219173_638950_72134_12,musique_4hop3__524186_219173_638950_72134_14,musique_4hop3__524186_219173_638950_72134_16","[""Greenwood Laboratory School"", ""Margaret Mayo (playwright)"", ""The Poor Boob"", ""Springfield, Illinois""]","[10, 12, 14, 16]",4
4hop3__524186_219173_548463_72134,When did the city where Superior Drill Company is located become capitol of the state where the screenwriter of The Poor Boob was born?,1839,[],1,"musique_4hop3__524186_219173_548463_72134_1,musique_4hop3__524186_219173_548463_72134_2,musique_4hop3__524186_219173_548463_72134_8,musique_4hop3__524186_219173_548463_72134_15","[""Springfield, Illinois"", ""The Poor Boob"", ""Superior Drill Company"", ""Margaret Mayo (playwright)""]","[1, 2, 8, 15]",4
4hop3__524186_219173_862998_72134,When did the city where Hillcrest High School is located become capitol of the state where the screenwriter of The Poor Boob was born?,1839,[],1,"musique_4hop3__524186_219173_862998_72134_0,musique_4hop3__524186_219173_862998_72134_4,musique_4hop3__524186_219173_862998_72134_8,musique_4hop3__524186_219173_862998_72134_15","[""Hillcrest High School (Springfield, Missouri)"", ""Margaret Mayo (playwright)"", ""The Poor Boob"", ""Springfield, Illinois""]","[0, 4, 8, 15]",4
4hop3__322354_466199_695123_72134,"When did the city that WIZE is licensed to broadcast to, become the capital of the state, that contains the county where the Battle of Rich Mountain occurred?",1839,[],1,"musique_4hop3__322354_466199_695123_72134_0,musique_4hop3__322354_466199_695123_72134_1,musique_4hop3__322354_466199_695123_72134_2,musique_4hop3__322354_466199_695123_72134_18","[""WIZE"", ""Springfield, Illinois"", ""Randolph County, Illinois"", ""Battle of Rich Mountain""]","[0, 1, 2, 18]",4
4hop3__771862_466199_695123_72134,When did the town WIZE is licensed in become capitol of the state where Jackson Township is located?,1839,[],1,"musique_4hop3__771862_466199_695123_72134_2,musique_4hop3__771862_466199_695123_72134_4,musique_4hop3__771862_466199_695123_72134_11,musique_4hop3__771862_466199_695123_72134_15","[""WIZE"", ""Jackson Township, Randolph County, Indiana"", ""Randolph County, Illinois"", ""Springfield, Illinois""]","[2, 4, 11, 15]",4
4hop3__678814_466199_695123_72134,When did the town WIZE is licensed in become capitol of the state where Stoney Creek Township is located?,1839,[],1,"musique_4hop3__678814_466199_695123_72134_3,musique_4hop3__678814_466199_695123_72134_15,musique_4hop3__678814_466199_695123_72134_18,musique_4hop3__678814_466199_695123_72134_19","[""WIZE"", ""Springfield, Illinois"", ""Stoney Creek Township, Randolph County, Indiana"", ""Randolph County, Illinois""]","[3, 15, 18, 19]",4
4hop3__794915_466199_695123_72134,When did the town WIZE is licensed in become capitol of the state where Ward Township is located?,1839,[],1,"musique_4hop3__794915_466199_695123_72134_3,musique_4hop3__794915_466199_695123_72134_6,musique_4hop3__794915_466199_695123_72134_15,musique_4hop3__794915_466199_695123_72134_17","[""Ward Township, Randolph County, Indiana"", ""Randolph County, Illinois"", ""Springfield, Illinois"", ""WIZE""]","[3, 6, 15, 17]",4
4hop3__601548_836463_161616_77103,When did the birthplace of the Live and Beyond performer become the capitol of the state Knowles was from?,1839,[],1,"musique_4hop3__601548_836463_161616_77103_3,musique_4hop3__601548_836463_161616_77103_7,musique_4hop3__601548_836463_161616_77103_10,musique_4hop3__601548_836463_161616_77103_17","[""Suga Mama"", ""Live from Austin, TX (Eric Johnson album)"", ""History of Austin, Texas"", ""Live and Beyond""]","[3, 7, 10, 17]",4
4hop3__773800_152874_161616_77103,When did the city the 2010 Sony Ericsson Open – Men's Singles winner is from become the capitol of the state Knowles is from?,1839,[],1,"musique_4hop3__773800_152874_161616_77103_8,musique_4hop3__773800_152874_161616_77103_9,musique_4hop3__773800_152874_161616_77103_15,musique_4hop3__773800_152874_161616_77103_19","[""Andy Roddick"", ""Suga Mama"", ""History of Austin, Texas"", ""2010 Sony Ericsson Open \u2013 Men's Singles""]","[8, 9, 15, 19]",4
4hop3__324979_836463_161616_77103,When did the birthplace of Ah Via Musicom's performer become the capital of the state Knowles is from?,1839,[],1,"musique_4hop3__324979_836463_161616_77103_7,musique_4hop3__324979_836463_161616_77103_11,musique_4hop3__324979_836463_161616_77103_17,musique_4hop3__324979_836463_161616_77103_18","[""Suga Mama"", ""History of Austin, Texas"", ""Ah Via Musicom"", ""Live from Austin, TX (Eric Johnson album)""]","[7, 11, 17, 18]",4
4hop3__531933_836463_161616_77103,When did the city where Souvenir's performer was born become the capitol of the state Knowles was from?,1839,[],1,"musique_4hop3__531933_836463_161616_77103_0,musique_4hop3__531933_836463_161616_77103_1,musique_4hop3__531933_836463_161616_77103_3,musique_4hop3__531933_836463_161616_77103_5","[""Souvenir (Eric Johnson album)"", ""History of Austin, Texas"", ""Live from Austin, TX (Eric Johnson album)"", ""Suga Mama""]","[0, 1, 3, 5]",4
4hop1__28352_53706_795904_580996,What shares a border with the city where the person who went to the state where the planes were originally going on 9/11 during the gold rush works?,Rio Linda,[],1,"musique_4hop1__28352_53706_795904_580996_4,musique_4hop1__28352_53706_795904_580996_10,musique_4hop1__28352_53706_795904_580996_16,musique_4hop1__28352_53706_795904_580996_18","[""California Gold Rush"", ""War on Terror"", ""History of Sacramento, California"", ""Rio Linda High School""]","[4, 10, 16, 18]",4
4hop1__57467_53706_795904_580996,What city shares a border with the city where a person worked during the gold rush in the state that has the most house of representatives seat?,Rio Linda,[],1,"musique_4hop1__57467_53706_795904_580996_0,musique_4hop1__57467_53706_795904_580996_5,musique_4hop1__57467_53706_795904_580996_7,musique_4hop1__57467_53706_795904_580996_9","[""Rio Linda High School"", ""United States House of Representatives"", ""History of Sacramento, California"", ""California Gold Rush""]","[0, 5, 7, 9]",4
4hop1__161765_53706_795904_580996,What city shares a border with the city where the person who went to the state where Englebart died during the gold rush works?,Rio Linda,[],1,"musique_4hop1__161765_53706_795904_580996_4,musique_4hop1__161765_53706_795904_580996_5,musique_4hop1__161765_53706_795904_580996_9,musique_4hop1__161765_53706_795904_580996_16","[""History of Sacramento, California"", ""Rio Linda High School"", ""California Gold Rush"", ""Douglas Engelbart""]","[4, 5, 9, 16]",4
4hop3__800262_466199_695123_72134,When did the town WIZE is licensed in become capitol of the state where Green Township is located?,1839,[],1,"musique_4hop3__800262_466199_695123_72134_2,musique_4hop3__800262_466199_695123_72134_3,musique_4hop3__800262_466199_695123_72134_10,musique_4hop3__800262_466199_695123_72134_18","[""Springfield, Illinois"", ""WIZE"", ""Green Township, Randolph County, Indiana"", ""Randolph County, Illinois""]","[2, 3, 10, 18]",4
4hop1__33012_53706_795904_580996,What city shares a border with the place where the person who went to the state known for its Mediterranean climate during the gold rush worked?,Rio Linda,[],1,"musique_4hop1__33012_53706_795904_580996_5,musique_4hop1__33012_53706_795904_580996_10,musique_4hop1__33012_53706_795904_580996_11,musique_4hop1__33012_53706_795904_580996_19","[""Geography of the United States"", ""Rio Linda High School"", ""California Gold Rush"", ""History of Sacramento, California""]","[5, 10, 11, 19]",4
4hop1__131002_53706_795904_580996,What city shares a border with the city where a person went to work during the gold rush in the state where the Shakespeare Bridge is located?,Rio Linda,[],1,"musique_4hop1__131002_53706_795904_580996_4,musique_4hop1__131002_53706_795904_580996_5,musique_4hop1__131002_53706_795904_580996_7,musique_4hop1__131002_53706_795904_580996_13","[""History of Sacramento, California"", ""Shakespeare Bridge"", ""California Gold Rush"", ""Rio Linda High School""]","[4, 5, 7, 13]",4
4hop3__193820_466199_695123_72134,When did the town WIZE is licensed in become capitol of the state where Brantley York was born?,1839,[],1,"musique_4hop3__193820_466199_695123_72134_3,musique_4hop3__193820_466199_695123_72134_13,musique_4hop3__193820_466199_695123_72134_14,musique_4hop3__193820_466199_695123_72134_16","[""Brantley York"", ""Springfield, Illinois"", ""Randolph County, Illinois"", ""WIZE""]","[3, 13, 14, 16]",4
4hop1__83058_53706_795904_580996,"What area shares a border, with the city that was the work location of an individual, who went to the U.S. state with a Mediterranean climate, during the Gold Rush?",Rio Linda,[],1,"musique_4hop1__83058_53706_795904_580996_10,musique_4hop1__83058_53706_795904_580996_12,musique_4hop1__83058_53706_795904_580996_13,musique_4hop1__83058_53706_795904_580996_16","[""California Gold Rush"", ""Rio Linda High School"", ""Climate of the United States"", ""History of Sacramento, California""]","[10, 12, 13, 16]",4
4hop1__158877_53706_795904_580996,What shares a border with the city where the person who went to the state where Baskin-Robbins was founded during the gold rush works?,Rio Linda,[],1,"musique_4hop1__158877_53706_795904_580996_3,musique_4hop1__158877_53706_795904_580996_6,musique_4hop1__158877_53706_795904_580996_10,musique_4hop1__158877_53706_795904_580996_12","[""Baskin-Robbins"", ""California Gold Rush"", ""History of Sacramento, California"", ""Rio Linda High School""]","[3, 6, 10, 12]",4
4hop1__130480_53706_795904_580996,What shares a border with the city where someone worked who went to the state where Atwell Mill Grove is located during the gold rush?,Rio Linda,[],1,"musique_4hop1__130480_53706_795904_580996_2,musique_4hop1__130480_53706_795904_580996_16,musique_4hop1__130480_53706_795904_580996_17,musique_4hop1__130480_53706_795904_580996_19","[""Rio Linda High School"", ""History of Sacramento, California"", ""Atwell Mill Grove"", ""California Gold Rush""]","[2, 16, 17, 19]",4
4hop1__93316_53706_795904_580996,What city shares a border with the city where a person went to work during the gold in the state that used the most geothermal energy in the US?,Rio Linda,[],1,"musique_4hop1__93316_53706_795904_580996_2,musique_4hop1__93316_53706_795904_580996_10,musique_4hop1__93316_53706_795904_580996_12,musique_4hop1__93316_53706_795904_580996_16","[""History of Sacramento, California"", ""Rio Linda High School"", ""Geothermal energy in the United States"", ""California Gold Rush""]","[2, 10, 12, 16]",4
4hop1__56270_53706_795904_580996,What shares a border with the city where the person who went to the state where the 951 area code is used during the gold rush works?,Rio Linda,[],1,"musique_4hop1__56270_53706_795904_580996_6,musique_4hop1__56270_53706_795904_580996_7,musique_4hop1__56270_53706_795904_580996_11,musique_4hop1__56270_53706_795904_580996_16","[""History of Sacramento, California"", ""California Gold Rush"", ""Rio Linda High School"", ""Area code 951""]","[6, 7, 11, 16]",4
4hop3__312119_132409_146285_35031,"Among the top five largest urban areas in the state where Getting Away with Murder's performer was formed, where does city in which Alexander Golitzen died rank?",third-largest,[],1,"musique_4hop3__312119_132409_146285_35031_3,musique_4hop3__312119_132409_146285_35031_9,musique_4hop3__312119_132409_146285_35031_12,musique_4hop3__312119_132409_146285_35031_13","[""Alexander Golitzen"", ""Papa Roach"", ""San Diego"", ""Getting Away with Murder (song)""]","[3, 9, 12, 13]",4
4hop1__47210_53706_795904_580996,What location borders the city founded by a former newspaper publisher selling supplies in the state where the valley girl accent originated?,Rio Linda,[],1,"musique_4hop1__47210_53706_795904_580996_0,musique_4hop1__47210_53706_795904_580996_5,musique_4hop1__47210_53706_795904_580996_10,musique_4hop1__47210_53706_795904_580996_14","[""Valley girl"", ""California Gold Rush"", ""History of Sacramento, California"", ""Rio Linda High School""]","[0, 5, 10, 14]",4
4hop1__51465_53706_795904_580996,What shares a border with the city where the person who went to the state where most billionaires in America live during the gold rush works?,Rio Linda,[],1,"musique_4hop1__51465_53706_795904_580996_0,musique_4hop1__51465_53706_795904_580996_11,musique_4hop1__51465_53706_795904_580996_12,musique_4hop1__51465_53706_795904_580996_14","[""Rio Linda High School"", ""List of U.S. states by the number of billionaires"", ""History of Sacramento, California"", ""California Gold Rush""]","[0, 11, 12, 14]",4
4hop3__668721_132409_146285_35031,"In the top five largest urban areas in the state where the performer of The Paramour Sessions was from, where does the place of death for Alexander Golitzen rank?",third-largest,[],1,"musique_4hop3__668721_132409_146285_35031_1,musique_4hop3__668721_132409_146285_35031_2,musique_4hop3__668721_132409_146285_35031_6,musique_4hop3__668721_132409_146285_35031_7","[""...To Be Loved"", ""Alexander Golitzen"", ""San Diego"", ""Papa Roach""]","[1, 2, 6, 7]",4
4hop1__61681_53706_795904_580996,What city shares a border with the city where a person went to work during the gold rush in the biggest state in the USA by population?,Rio Linda,[],1,"musique_4hop1__61681_53706_795904_580996_1,musique_4hop1__61681_53706_795904_580996_3,musique_4hop1__61681_53706_795904_580996_5,musique_4hop1__61681_53706_795904_580996_11","[""List of states and territories of the United States by population"", ""Rio Linda High School"", ""History of Sacramento, California"", ""California Gold Rush""]","[1, 3, 5, 11]",4
4hop3__673447_132409_145082_35031,"Among the top five largest urban areas in the state where Infest's performer was formed, where does Tammy Leitner's birth city rank?",third-largest,[],1,"musique_4hop3__673447_132409_145082_35031_4,musique_4hop3__673447_132409_145082_35031_6,musique_4hop3__673447_132409_145082_35031_13,musique_4hop3__673447_132409_145082_35031_16","[""Infest (album)"", ""Papa Roach"", ""Tammy Leitner"", ""San Diego""]","[4, 6, 13, 16]",4
4hop3__387712_132409_146285_35031,Where does the city where Alexander Golitzen died rank in the top five largest urban areas of the state where the band that Jacoby Shaddix is a member of formed?,third-largest,[],1,"musique_4hop3__387712_132409_146285_35031_3,musique_4hop3__387712_132409_146285_35031_7,musique_4hop3__387712_132409_146285_35031_10,musique_4hop3__387712_132409_146285_35031_15","[""Jacoby Shaddix"", ""San Diego"", ""Alexander Golitzen"", ""Papa Roach""]","[3, 7, 10, 15]",4
4hop3__673447_132409_371500_35031,"Among the top five largest urban areas in the state where Infest's performer was formed, where does Veoh's headquarters city rank?",third-largest,[],1,"musique_4hop3__673447_132409_371500_35031_4,musique_4hop3__673447_132409_371500_35031_5,musique_4hop3__673447_132409_371500_35031_10,musique_4hop3__673447_132409_371500_35031_14","[""Papa Roach"", ""San Diego"", ""Veoh"", ""Infest (album)""]","[4, 5, 10, 14]",4
4hop3__719125_132409_371500_35031,Where does the city where Veoh's headquarters is located rank in the top five largest urban areas of the state where Scars' performers were formed?,third-largest,[],1,"musique_4hop3__719125_132409_371500_35031_0,musique_4hop3__719125_132409_371500_35031_2,musique_4hop3__719125_132409_371500_35031_4,musique_4hop3__719125_132409_371500_35031_8","[""Papa Roach"", ""Veoh"", ""Scars (Papa Roach song)"", ""San Diego""]","[0, 2, 4, 8]",4
4hop3__373573_132409_146285_35031,Where does the city where Alexander Golitzen died rank in the top five largest urban areas of the state where Still Swingin's performers were formed?,third-largest,[],1,"musique_4hop3__373573_132409_146285_35031_9,musique_4hop3__373573_132409_146285_35031_12,musique_4hop3__373573_132409_146285_35031_14,musique_4hop3__373573_132409_146285_35031_17","[""Papa Roach"", ""San Diego"", ""Still Swingin'"", ""Alexander Golitzen""]","[9, 12, 14, 17]",4
4hop3__668721_132409_371500_35031,Where does the city where Veoh's headquarters is located rank in the top five largest urban areas of the state where The Paramour Sessions' performers were formed?,third-largest,[],1,"musique_4hop3__668721_132409_371500_35031_1,musique_4hop3__668721_132409_371500_35031_6,musique_4hop3__668721_132409_371500_35031_12,musique_4hop3__668721_132409_371500_35031_18","[""San Diego"", ""Papa Roach"", ""...To Be Loved"", ""Veoh""]","[1, 6, 12, 18]",4
4hop3__719125_132409_223216_35031,"In the top five largest urban areas in the US state in which the band performing Scars was formed, where does the city having Pathology rank?",third-largest,[],1,"musique_4hop3__719125_132409_223216_35031_4,musique_4hop3__719125_132409_223216_35031_5,musique_4hop3__719125_132409_223216_35031_7,musique_4hop3__719125_132409_223216_35031_18","[""Scars (Papa Roach song)"", ""Papa Roach"", ""San Diego"", ""Pathology (band)""]","[4, 5, 7, 18]",4
4hop3__312119_132409_371500_35031,"Among the top five largest urban areas in the state where Getting Away with Murder's performer was formed, where does Veoh's headquarters city rank?",third-largest,[],1,"musique_4hop3__312119_132409_371500_35031_2,musique_4hop3__312119_132409_371500_35031_7,musique_4hop3__312119_132409_371500_35031_12,musique_4hop3__312119_132409_371500_35031_14","[""Papa Roach"", ""San Diego"", ""Getting Away with Murder (song)"", ""Veoh""]","[2, 7, 12, 14]",4
4hop3__387712_132409_223216_35031,Ordering by the size the urban areas in the state where Jacoby Shaddix's band formed in what position is Pathology's city's area?,third-largest,[],1,"musique_4hop3__387712_132409_223216_35031_5,musique_4hop3__387712_132409_223216_35031_14,musique_4hop3__387712_132409_223216_35031_16,musique_4hop3__387712_132409_223216_35031_19","[""San Diego"", ""Pathology (band)"", ""Papa Roach"", ""Jacoby Shaddix""]","[5, 14, 16, 19]",4
4hop3__827497_354093_254885_76356,The Pee Dee River leads to a bay which leads to an ocean. Who led an attempt to link that ocean with the Pacific via a canal through the continental region containing the El Valle volcano?,Ferdinand de Lesseps,[],1,"musique_4hop3__827497_354093_254885_76356_1,musique_4hop3__827497_354093_254885_76356_2,musique_4hop3__827497_354093_254885_76356_5,musique_4hop3__827497_354093_254885_76356_6","[""Winyah Bay"", ""El Valle (volcano)"", ""History of the Panama Canal"", ""Hobcaw Barony""]","[1, 2, 5, 6]",4
4hop1__360072_508773_85832_745702,Who is the child of the Italian navigator who sailed for England and explored the eastern coast of the continent Francisco Bojado's birthplace is located?,Sebastian Cabot,[],1,"musique_4hop1__360072_508773_85832_745702_9,musique_4hop1__360072_508773_85832_745702_12,musique_4hop1__360072_508773_85832_745702_14,musique_4hop1__360072_508773_85832_745702_17","[""Francisco Bojado"", ""Paula Santiago"", ""John Cabot"", ""Sebastian Cabot (explorer)""]","[9, 12, 14, 17]",4
4hop1__608132_508773_85832_745702,Who's the son of the Italian navigator who explored the eastern coast of the continent where Christian Sánchez was born?,Sebastian Cabot,[],1,"musique_4hop1__608132_508773_85832_745702_3,musique_4hop1__608132_508773_85832_745702_9,musique_4hop1__608132_508773_85832_745702_10,musique_4hop1__608132_508773_85832_745702_12","[""Christian S\u00e1nchez (Mexican footballer)"", ""Sebastian Cabot (explorer)"", ""John Cabot"", ""Paula Santiago""]","[3, 9, 10, 12]",4
4hop1__58323_375563_161848_83118,When does daylight savings end in the country near the country where the author of The Book Thief is from?,the first Sunday in April,[],1,"musique_4hop1__58323_375563_161848_83118_3,musique_4hop1__58323_375563_161848_83118_6,musique_4hop1__58323_375563_161848_83118_8,musique_4hop1__58323_375563_161848_83118_11","[""The Messenger (Zusak novel)"", ""1952 Winter Olympics"", ""Time in New Zealand"", ""The Book Thief (film)""]","[3, 6, 8, 11]",4
4hop1__370129_621192_10659_42311,"What is the largest medical school in the nation where, along with the country of citizenship of the mother of Marie Antoinette, many expelled French Jews relocated?",Medical University of Warsaw,[],1,"musique_4hop1__370129_621192_10659_42311_2,musique_4hop1__370129_621192_10659_42311_11,musique_4hop1__370129_621192_10659_42311_13,musique_4hop1__370129_621192_10659_42311_17","[""Warsaw"", ""C\u00e9sar Gabriel de Choiseul"", ""Middle Ages"", ""Florimond Claude, Comte de Mercy-Argenteau""]","[2, 11, 13, 17]",4
4hop3__387712_132409_371500_35031,"Among the top five largest urban areas in the state Jacoby Shaddix' band formed in, where does the city Veoh's headquarters are located rank?",third-largest,[],1,"musique_4hop3__387712_132409_371500_35031_3,musique_4hop3__387712_132409_371500_35031_7,musique_4hop3__387712_132409_371500_35031_13,musique_4hop3__387712_132409_371500_35031_15","[""Veoh"", ""Papa Roach"", ""Jacoby Shaddix"", ""San Diego""]","[3, 7, 13, 15]",4
4hop1__606685_508773_85832_745702,Whose father was a navigator who explored the east coast of the continental region where Sergio Villanueva would later be born?,Sebastian Cabot,[],1,"musique_4hop1__606685_508773_85832_745702_13,musique_4hop1__606685_508773_85832_745702_15,musique_4hop1__606685_508773_85832_745702_16,musique_4hop1__606685_508773_85832_745702_18","[""Sebastian Cabot (explorer)"", ""John Cabot"", ""Sergio Villanueva"", ""Paula Santiago""]","[13, 15, 16, 18]",4
4hop1__711773_508773_85832_745702,Who's the son of the Italian navigator who explored the eastern coast of the continent Manuel Balbi was born in?,Sebastian Cabot,[],1,"musique_4hop1__711773_508773_85832_745702_0,musique_4hop1__711773_508773_85832_745702_9,musique_4hop1__711773_508773_85832_745702_11,musique_4hop1__711773_508773_85832_745702_16","[""Sebastian Cabot (explorer)"", ""Paula Santiago"", ""Manuel Balbi"", ""John Cabot""]","[0, 9, 11, 16]",4
4hop1__58323_375563_161848_67585,"How many stars are on the flag of the nation that first participated in the 1952 Olympics, located near the citizen country of the author of the 2005 novel Thief?",four,[],1,"musique_4hop1__58323_375563_161848_67585_6,musique_4hop1__58323_375563_161848_67585_7,musique_4hop1__58323_375563_161848_67585_11,musique_4hop1__58323_375563_161848_67585_14","[""The Messenger (Zusak novel)"", ""The Book Thief (film)"", ""1952 Winter Olympics"", ""Flag of New Zealand""]","[6, 7, 11, 14]",4
4hop1__58323_375563_161848_61344,What continent is the country located near the country of citizenship of The Book Thief's author part of?,submerged continent of Zealandia,"[""Zealandia""]",1,"musique_4hop1__58323_375563_161848_61344_4,musique_4hop1__58323_375563_161848_61344_13,musique_4hop1__58323_375563_161848_61344_14,musique_4hop1__58323_375563_161848_61344_16","[""1952 Winter Olympics"", ""Australia (continent)"", ""The Book Thief (film)"", ""The Messenger (Zusak novel)""]","[4, 13, 14, 16]",4
4hop3__373573_132409_223216_35031,The band Pathology formed in a city whose urban area ranks where by size among the urban areas of the state where the Still Swingin' song's band formed?,third-largest,[],1,"musique_4hop3__373573_132409_223216_35031_9,musique_4hop3__373573_132409_223216_35031_11,musique_4hop3__373573_132409_223216_35031_15,musique_4hop3__373573_132409_223216_35031_16","[""San Diego"", ""Papa Roach"", ""Still Swingin'"", ""Pathology (band)""]","[9, 11, 15, 16]",4
4hop1__341777_508773_85832_745702,"Who was the child of the Italian navigator who sailed for England, and explored the eastern coast of the continent where the birthplace of Eduardo Cuervo is found?",Sebastian Cabot,[],1,"musique_4hop1__341777_508773_85832_745702_0,musique_4hop1__341777_508773_85832_745702_4,musique_4hop1__341777_508773_85832_745702_12,musique_4hop1__341777_508773_85832_745702_19","[""Paula Santiago"", ""Eduardo Cuervo"", ""Sebastian Cabot (explorer)"", ""John Cabot""]","[0, 4, 12, 19]",4
4hop1__58323_375563_161848_53331,When was the death penalty abolished in the country near the country where the writer of The Book Thief is a citizen of?,1989,[],1,"musique_4hop1__58323_375563_161848_53331_3,musique_4hop1__58323_375563_161848_53331_6,musique_4hop1__58323_375563_161848_53331_10,musique_4hop1__58323_375563_161848_53331_13","[""1952 Winter Olympics"", ""The Messenger (Zusak novel)"", ""The Book Thief (film)"", ""Capital punishment in New Zealand""]","[3, 6, 10, 13]",4
4hop3__673447_132409_223216_35031,"Among the top five largest urban areas in the state Infest's performers were formed, what is the ranking of the city Pathology was formed in?",third-largest,[],1,"musique_4hop3__673447_132409_223216_35031_2,musique_4hop3__673447_132409_223216_35031_12,musique_4hop3__673447_132409_223216_35031_16,musique_4hop3__673447_132409_223216_35031_17","[""San Diego"", ""Pathology (band)"", ""Papa Roach"", ""Infest (album)""]","[2, 12, 16, 17]",4
4hop1__39871_314549_131976_90181,What is the deepest part of the ocean by the state where Main Street Station is located?,Milwaukee Deep,[],1,"musique_4hop1__39871_314549_131976_90181_9,musique_4hop1__39871_314549_131976_90181_11,musique_4hop1__39871_314549_131976_90181_14,musique_4hop1__39871_314549_131976_90181_17","[""Virginia"", ""Puerto Rico Trench"", ""Newport News, Virginia"", ""Richmond, Virginia""]","[9, 11, 14, 17]",4
4hop3__312119_132409_223216_35031,Where does the city where Pathology was formed rank among the top five largest urban areas of the state where the performer of Getting Away With Murder was formed?,third-largest,[],1,"musique_4hop3__312119_132409_223216_35031_2,musique_4hop3__312119_132409_223216_35031_6,musique_4hop3__312119_132409_223216_35031_8,musique_4hop3__312119_132409_223216_35031_18","[""Papa Roach"", ""Pathology (band)"", ""San Diego"", ""Getting Away with Murder (song)""]","[2, 6, 8, 18]",4
4hop1__364476_439408_131976_90181,"What is the deepest part of the ocean, near the state, where the county that holds the city of Winchester is found?",Milwaukee Deep,[],1,"musique_4hop1__364476_439408_131976_90181_8,musique_4hop1__364476_439408_131976_90181_10,musique_4hop1__364476_439408_131976_90181_12,musique_4hop1__364476_439408_131976_90181_19","[""Puerto Rico Trench"", ""Winchester, Illinois"", ""Virginia"", ""Trial of Daniel Dean""]","[8, 10, 12, 19]",4
4hop1__512794_508773_85832_745702,What's the name of the son of the Italian navigator who sailed for the English to explore the eastern coast of the continent Armando Robles was born in?,Sebastian Cabot,[],1,"musique_4hop1__512794_508773_85832_745702_5,musique_4hop1__512794_508773_85832_745702_8,musique_4hop1__512794_508773_85832_745702_14,musique_4hop1__512794_508773_85832_745702_17","[""Armando Robles"", ""John Cabot"", ""Paula Santiago"", ""Sebastian Cabot (explorer)""]","[5, 8, 14, 17]",4
4hop1__320457_508773_85832_745702,Who is the son of the Italian navigator who explored the eastern coast of the continent Ulises Solís' birthplace is located in for England?,Sebastian Cabot,[],1,"musique_4hop1__320457_508773_85832_745702_12,musique_4hop1__320457_508773_85832_745702_14,musique_4hop1__320457_508773_85832_745702_17,musique_4hop1__320457_508773_85832_745702_19","[""Sebastian Cabot (explorer)"", ""John Cabot"", ""Ulises Sol\u00eds"", ""Paula Santiago""]","[12, 14, 17, 19]",4
4hop1__726675_508773_85832_745702,Who is the child of the Italian navigator who explored the eastern coast of the continent César Gaytan was born in for the English?,Sebastian Cabot,[],1,"musique_4hop1__726675_508773_85832_745702_6,musique_4hop1__726675_508773_85832_745702_10,musique_4hop1__726675_508773_85832_745702_12,musique_4hop1__726675_508773_85832_745702_18","[""C\u00e9sar Gaytan"", ""Paula Santiago"", ""John Cabot"", ""Sebastian Cabot (explorer)""]","[6, 10, 12, 18]",4
4hop1__39871_314549_131976_56103,"When do hurricanes occur in the ocean that borders the state where Williamsburg, Main Street Station and another share a track?",usually in the summer or fall,[],1,"musique_4hop1__39871_314549_131976_56103_8,musique_4hop1__39871_314549_131976_56103_11,musique_4hop1__39871_314549_131976_56103_13,musique_4hop1__39871_314549_131976_56103_19","[""Virginia"", ""Newport News, Virginia"", ""Atlantic hurricane"", ""Richmond, Virginia""]","[8, 11, 13, 19]",4
4hop1__39871_314549_131976_44892,"A line with Williamsburg, Main Street and another station are in a state that's next to an ocean. When did that ocean start to open up?",around 140 million years ago,[],1,"musique_4hop1__39871_314549_131976_44892_3,musique_4hop1__39871_314549_131976_44892_6,musique_4hop1__39871_314549_131976_44892_11,musique_4hop1__39871_314549_131976_44892_16","[""Newport News, Virginia"", ""Virginia"", ""Opening of the North Atlantic Ocean"", ""Richmond, Virginia""]","[3, 6, 11, 16]",4
4hop1__39871_314549_131976_44528,"Williamsburg, Main Street station and another station share a track in a state bounded by an ocean. Where does that ocean meet the Gulf of Mexico?",Florida Straits,"[""FL"", ""Florida""]",1,"musique_4hop1__39871_314549_131976_44528_7,musique_4hop1__39871_314549_131976_44528_10,musique_4hop1__39871_314549_131976_44528_14,musique_4hop1__39871_314549_131976_44528_16","[""Virginia"", ""Newport News, Virginia"", ""Richmond, Virginia"", ""Gulf of Mexico""]","[7, 10, 14, 16]",4
4hop1__483807_508773_85832_745702,Who's the son of the Italian navigator who explored the eastern coast of the continent Hugo Casillas was born in?,Sebastian Cabot,[],1,"musique_4hop1__483807_508773_85832_745702_6,musique_4hop1__483807_508773_85832_745702_8,musique_4hop1__483807_508773_85832_745702_11,musique_4hop1__483807_508773_85832_745702_18","[""Paula Santiago"", ""Sebastian Cabot (explorer)"", ""Hugo Casillas"", ""John Cabot""]","[6, 8, 11, 18]",4
4hop1__58323_375563_161848_44231,"During WW2, who was the leader of the country near the country of citizenship of the writer of The Book Thief?",Michael Joseph Savage,[],1,"musique_4hop1__58323_375563_161848_44231_8,musique_4hop1__58323_375563_161848_44231_13,musique_4hop1__58323_375563_161848_44231_16,musique_4hop1__58323_375563_161848_44231_19","[""The Messenger (Zusak novel)"", ""1952 Winter Olympics"", ""The Book Thief (film)"", ""Military history of New Zealand during World War II""]","[8, 13, 16, 19]",4
4hop1__271272_508773_85832_745702,What is the name of the child of the Italian navigator who sailed for England and explored the east coast of the continent Francisco Vázquez' birthplace is located?,Sebastian Cabot,[],1,"musique_4hop1__271272_508773_85832_745702_4,musique_4hop1__271272_508773_85832_745702_6,musique_4hop1__271272_508773_85832_745702_9,musique_4hop1__271272_508773_85832_745702_12","[""Francisco H. V\u00e1zquez"", ""John Cabot"", ""Paula Santiago"", ""Sebastian Cabot (explorer)""]","[4, 6, 9, 12]",4
4hop1__58323_375563_161848_28750,Where was Popper's academic appointment in the country near the country of citizenship of the person who wrote The Book Thief?,Canterbury University College of the University of New Zealand,[],1,"musique_4hop1__58323_375563_161848_28750_2,musique_4hop1__58323_375563_161848_28750_6,musique_4hop1__58323_375563_161848_28750_10,musique_4hop1__58323_375563_161848_28750_17","[""The Messenger (Zusak novel)"", ""The Book Thief (film)"", ""Karl Popper"", ""1952 Winter Olympics""]","[2, 6, 10, 17]",4
4hop1__58323_375563_161848_84681,When did the Dutch arrive in the country near the country where the author of The Book Thief is a citizen of?,13 December 1642,[],1,"musique_4hop1__58323_375563_161848_84681_9,musique_4hop1__58323_375563_161848_84681_10,musique_4hop1__58323_375563_161848_84681_16,musique_4hop1__58323_375563_161848_84681_19","[""1952 Winter Olympics"", ""History of New Zealand"", ""The Book Thief (film)"", ""The Messenger (Zusak novel)""]","[9, 10, 16, 19]",4
4hop1__58323_375563_161848_20546,Who discovered the country near the country of citizenship of the author of The Book Thief for the Dutch?,Abel Tasman,[],1,"musique_4hop1__58323_375563_161848_20546_0,musique_4hop1__58323_375563_161848_20546_5,musique_4hop1__58323_375563_161848_20546_12,musique_4hop1__58323_375563_161848_20546_19","[""British Empire"", ""1952 Winter Olympics"", ""The Messenger (Zusak novel)"", ""The Book Thief (film)""]","[0, 5, 12, 19]",4
4hop1__373866_5186_10659_23296,"The People's Socialist Republic of Albania was a member of an organization which was dissolved in Country A. Who invaded the country where many expelled French Jews relocated, other than Country A?",Soviet,"[""USSR"", ""the Soviet Union"", ""SU"", ""the Union of Soviet Socialist Republics"", ""Soviet Union"", ""Union of Soviet Socialist Republics""]",1,"musique_4hop1__373866_5186_10659_23296_0,musique_4hop1__373866_5186_10659_23296_8,musique_4hop1__373866_5186_10659_23296_13,musique_4hop1__373866_5186_10659_23296_18","[""Middle Ages"", ""Warsaw Pact"", ""Molotov\u2013Ribbentrop Pact"", ""Hero of Socialist Labour (Albania)""]","[0, 8, 13, 18]",4
4hop1__370129_621192_10659_59955,"What country is between Lithuania and the country many expelled French Jews relocated to, along with the country of citizenship of Marie Antoinette's mother?",Kaliningrad Oblast,[],1,"musique_4hop1__370129_621192_10659_59955_10,musique_4hop1__370129_621192_10659_59955_12,musique_4hop1__370129_621192_10659_59955_13,musique_4hop1__370129_621192_10659_59955_14","[""C\u00e9sar Gabriel de Choiseul"", ""Middle Ages"", ""Kaliningrad"", ""Florimond Claude, Comte de Mercy-Argenteau""]","[10, 12, 13, 14]",4
4hop3__710473_354093_254885_76356,Who pushed for a canal crossing across the continent El Valle is located linking the Pacific Ocean and the ocean Sampit River leads to?,Ferdinand de Lesseps,[],1,"musique_4hop3__710473_354093_254885_76356_1,musique_4hop3__710473_354093_254885_76356_3,musique_4hop3__710473_354093_254885_76356_6,musique_4hop3__710473_354093_254885_76356_18","[""Hobcaw Barony"", ""Winyah Bay"", ""El Valle (volcano)"", ""History of the Panama Canal""]","[1, 3, 6, 18]",4
4hop1__455862_508773_85832_745702,Whose navigator father explored the east coast of the region where Ignacio Esparza was later born?,Sebastian Cabot,[],1,"musique_4hop1__455862_508773_85832_745702_0,musique_4hop1__455862_508773_85832_745702_10,musique_4hop1__455862_508773_85832_745702_11,musique_4hop1__455862_508773_85832_745702_18","[""Ignacio Esparza"", ""Paula Santiago"", ""John Cabot"", ""Sebastian Cabot (explorer)""]","[0, 10, 11, 18]",4
2hop__40970_90367,What was the role of God in the Biblical crossing of the sea where herbivorous fishes have been seen feeding on gelatinous zooplankton?,the Red Sea was parted by God,"[""The red sea"", ""Red Sea""]",1,"musique_2hop__40970_90367_15,musique_2hop__40970_90367_18","[""Crossing the Red Sea"", ""Ctenophora""]","[15, 18]",2
2hop__106864_80460,What was the 2017 population of the country where Bedari was made?,207.77 million people,[],1,"musique_2hop__106864_80460_16,musique_2hop__106864_80460_17","[""Demographics of Pakistan"", ""Bedari""]","[16, 17]",2
2hop__145203_34088,Where does Ulysses Kay's birth city hold NASCAR races?,Tucson Raceway Park,"[""Tucson, Arizona"", ""Tucson""]",1,"musique_2hop__145203_34088_7,musique_2hop__145203_34088_11","[""Ulysses Kay"", ""Tucson, Arizona""]","[7, 11]",2
2hop__89632_40480,Where did Huguenot nobility settle in the state where the Patriot was filmed?,Charleston Orange district,[],1,"musique_2hop__89632_40480_1,musique_2hop__89632_40480_11","[""Huguenots"", ""The Patriot (2000 film)""]","[1, 11]",2
2hop__130508_32379,What is the oldest college in the state that contains Borough House Plantation?,College of Charles Towne,"[""Charles Towne""]",1,"musique_2hop__130508_32379_3,musique_2hop__130508_32379_9","[""Charleston, South Carolina"", ""Borough House Plantation""]","[3, 9]",2
2hop__24441_36630,What countries found their economic growth in the period young boys were employed in the glass making industries?,United Kingdom and Prussia,"[""United Kingdom"", ""UK""]",1,"musique_2hop__24441_36630_2,musique_2hop__24441_36630_16","[""Child labour"", ""Great power""]","[2, 16]",2
2hop__23297_23366,Why did the leader who broke the Molotov–Ribbentrop Pact by invading Bukovina first sign it?,reinforce a public affection for Germany,"[""Germany"", ""de"", ""GER""]",1,"musique_2hop__23297_23366_0,musique_2hop__23297_23366_1","[""Molotov\u2013Ribbentrop Pact"", ""Molotov\u2013Ribbentrop Pact""]","[0, 1]",2
2hop__71715_50429,What is the population of the state where Dukes of Hazzard took place?,"10,310,371 (2016 est.)",[],1,"musique_2hop__71715_50429_14,musique_2hop__71715_50429_18","[""The Dukes of Hazzard"", ""Georgia (U.S. state)""]","[14, 18]",2
2hop__176_51164,When was the signing of the treaty named for the city where Beyoncé got pregnant?,"September 3, 1783",[],1,"musique_2hop__176_51164_0,musique_2hop__176_51164_18","[""Beyonc\u00e9"", ""Treaty of Paris (1783)""]","[0, 18]",2
2hop__62311_62279,When did Germany launch an air attack on the country the U.S. fought during the American Revolution?,10 July -- 31 October 1940,[],1,"musique_2hop__62311_62279_7,musique_2hop__62311_62279_17","[""American Revolutionary War"", ""Battle of Britain""]","[7, 17]",2
2hop__131275_72870,Who did the state where Christian Science Pleasant View Home was located vote for in 2016?,Hillary Clinton,"[""Clinton"", ""Hillary""]",1,"musique_2hop__131275_72870_6,musique_2hop__131275_72870_8","[""2016 United States presidential election in New Hampshire"", ""Christian Science Pleasant View Home""]","[6, 8]",2
2hop__68981_39234,What empire brought the practices of the most common religion in Southeast Asia?,"Hephthalite Empire,","[""Hephthalite Empire"", ""Ephthalite Empire""]",1,"musique_2hop__68981_39234_16,musique_2hop__68981_39234_17","[""Tajikistan"", ""Religion in Asia""]","[16, 17]",2
2hop__43283_86694,Who has the most wins in the league that wins the All Star Game more often?,New York Yankees,"[""Yankees""]",1,"musique_2hop__43283_86694_7,musique_2hop__43283_86694_8","[""List of Major League Baseball All-Star Games"", ""World Series""]","[7, 8]",2
2hop__33288_157788,What is an example of a railroad line in the country first to invade Manchuria?,Yamanote Line loop,"[""Yamanote Line""]",1,"musique_2hop__33288_157788_0,musique_2hop__33288_157788_6","[""Modern history"", ""Tokyo""]","[0, 6]",2
2hop__131455_11960,What is the tallest building in the state where KZAR is located?,JPMorgan Chase Tower,"[""Texas Commerce Tower""]",1,"musique_2hop__131455_11960_8,musique_2hop__131455_11960_19","[""KZAR"", ""Houston""]","[8, 19]",2
2hop__56270_68396,What percentage of the nation's population lives in the state that includes the 951 area code?,more than 12 percent,[],1,"musique_2hop__56270_68396_4,musique_2hop__56270_68396_6","[""Area code 951"", ""Demographics of California""]","[4, 6]",2
2hop__81268_85407,What was the 2018 population of the Italian city that's underwater?,"260,897",[],1,"musique_2hop__81268_85407_4,musique_2hop__81268_85407_15","[""Venice"", ""Venice""]","[4, 15]",2
2hop__160092_80144,"In 1990, who became the president of the country that Germany invaded?",Lech Wałęsa,[],1,"musique_2hop__160092_80144_12,musique_2hop__160092_80144_13","[""1990 Polish presidential election"", ""Gleiwitz incident""]","[12, 13]",2
2hop__158247_71142,Who led the muslim forces to retake the proposed embassy destination?,Abu Ubaidah,[],1,"musique_2hop__158247_71142_15,musique_2hop__158247_71142_16","[""United Nations General Assembly resolution ES-10/L.22"", ""Siege of Jerusalem (636\u2013637)""]","[15, 16]",2
2hop__146919_29244,What is the busiest airport in the city where Marcel Bich died?,Charles de Gaulle Airport,[],1,"musique_2hop__146919_29244_4,musique_2hop__146919_29244_18","[""Marcel Bich"", ""Paris""]","[4, 18]",2
2hop__82378_158266,The top ballet company in the top bauxite producing country is what?,The Australian Ballet,[],1,"musique_2hop__82378_158266_4,musique_2hop__82378_158266_11","[""Australia"", ""List of countries by bauxite production""]","[4, 11]",2
2hop__15368_17873,What happened to Buckingham palace after the queen Elizabeth surpassed as the longest lived British monarch left?,"palace was seldom used, even neglected","[""palace"", ""Palace""]",1,"musique_2hop__15368_17873_7,musique_2hop__15368_17873_16","[""Buckingham Palace"", ""Elizabeth II""]","[7, 16]",2
2hop__55129_80460,What is the current population in 2017 of the country being the defending champions of champions trophy?,207.77 million people,[],1,"musique_2hop__55129_80460_5,musique_2hop__55129_80460_18","[""ICC Champions Trophy"", ""Demographics of Pakistan""]","[5, 18]",2
2hop__80375_90181,what is the deepest part of the ocean off the east coast of the united states?,Milwaukee Deep,[],1,"musique_2hop__80375_90181_3,musique_2hop__80375_90181_12","[""East Coast of the United States"", ""Puerto Rico Trench""]","[3, 12]",2
2hop__9512_36630,Which countries found economic growth while cog-railways were built in the Alps?,United Kingdom and Prussia,"[""United Kingdom""]",1,"musique_2hop__9512_36630_1,musique_2hop__9512_36630_9","[""Great power"", ""Alps""]","[1, 9]",2
2hop__130984_55721,What place gets the most rain where Sandy High School is?,the Coast Range,[],1,"musique_2hop__130984_55721_7,musique_2hop__130984_55721_14","[""Climate of Oregon"", ""Sandy High School""]","[7, 14]",2
2hop__107238_64918,Who was president when congress declared war on the country where Glumpers was filmed?,President McKinley,[],1,"musique_2hop__107238_64918_4,musique_2hop__107238_64918_8","[""Spanish\u2013American War"", ""Glumpers""]","[4, 8]",2
2hop__34734_92852,When did the U.S. stop trading with the country that started hostilities?,1940,[],1,"musique_2hop__34734_92852_4,musique_2hop__34734_92852_17","[""Events leading to the attack on Pearl Harbor"", ""Pacific War""]","[4, 17]",2
2hop__91248_84207,Who was the last soldier of the conflict that saw the government getting involved in healthcare to die?,Albert Henry Woolson,"[""Albert Woolson""]",1,"musique_2hop__91248_84207_1,musique_2hop__91248_84207_14","[""History of health care reform in the United States"", ""Albert Woolson""]","[1, 14]",2
2hop__13574_13498,How many UEFA Super Cup awards have been received by the team that has won the treble competitions twice?,five,[],1,"musique_2hop__13574_13498_0,musique_2hop__13574_13498_4","[""FC Barcelona"", ""FC Barcelona""]","[0, 4]",2
2hop__80070_89752,What is the largest state in the region where the Handmaid's Tale takes place?,Maine,"[""ME""]",1,"musique_2hop__80070_89752_15,musique_2hop__80070_89752_17","[""The Handmaid's Tale"", ""New England""]","[15, 17]",2
2hop__19007_60935,Who was the first person to do a full translation of the Bible into the script in which Hokkien is sometimes written?,St Jerome,"[""Jerome""]",1,"musique_2hop__19007_60935_18,musique_2hop__19007_60935_19","[""Vulgate"", ""Hokkien""]","[18, 19]",2
2hop__129499_85379,When did the region where Poachie Range is located achieve U.S. statehood?,"February 14, 1912",[],1,"musique_2hop__129499_85379_6,musique_2hop__129499_85379_10","[""Arizona"", ""Poachie Range""]","[6, 10]",2
2hop__77233_33207,How did did the people fare during the reign of the abolisher of sati partha in India?,a long period of prosperity for the British people,[],1,"musique_2hop__77233_33207_4,musique_2hop__77233_33207_6","[""Sati (practice)"", ""Modern history""]","[4, 6]",2
2hop__30390_92972,What was an economic effect of the war during which Hayek started working on Abuse of Reason?,much of the European industrial infrastructure had been destroyed,[],1,"musique_2hop__30390_92972_1,musique_2hop__30390_92972_11","[""Friedrich Hayek"", ""Aftermath of World War II""]","[1, 11]",2
2hop__129721_40482,From whom did the Huguenots in the state encompassing Zubly Cemetery purchase land from?,Edmund Bellinger,[],1,"musique_2hop__129721_40482_14,musique_2hop__129721_40482_18","[""Huguenots"", ""Zubly Cemetery""]","[14, 18]",2
2hop__147171_27537,Why did Roncalli leave the place where Francesco Fontebasso resided when he died?,for the conclave in Rome,"[""Rome"", ""Roma""]",1,"musique_2hop__147171_27537_15,musique_2hop__147171_27537_19","[""Pope John XXIII"", ""Francesco Fontebasso""]","[15, 19]",2
2hop__12039_11957,What geological event caused the foundations of the land beneath the city where most university graduates stay after acquiring a degree?,erosion of the Rocky Mountains,"[""Rocky Mountains""]",1,"musique_2hop__12039_11957_4,musique_2hop__12039_11957_13","[""Houston"", ""Houston""]","[4, 13]",2
2hop__35566_17873,What happened to Buckingham after the departure of the queen who Martha Ann Ricks presented the famed Liberian coffee tree to?,"palace was seldom used, even neglected","[""palace"", ""Palace""]",1,"musique_2hop__35566_17873_4,musique_2hop__35566_17873_13","[""Liberia"", ""Buckingham Palace""]","[4, 13]",2
2hop__130404_59180,What date saw the writing of the song where the devil went down to the state where WDXQ is located?,"May 21, 1979",[],1,"musique_2hop__130404_59180_2,musique_2hop__130404_59180_8","[""WDXQ"", ""The Devil Went Down to Georgia""]","[2, 8]",2
2hop__161507_77849,Who is the newly elected Chief Justice of the country where Masherbrum is located?,Mian Saqib Nisar,[],1,"musique_2hop__161507_77849_9,musique_2hop__161507_77849_19","[""Masherbrum"", ""Chief Justice of Pakistan""]","[9, 19]",2
2hop__30390_36634,How many groups were involved in the war when Hayek started working on Abuse of Reason?,two alliances,[],1,"musique_2hop__30390_36634_8,musique_2hop__30390_36634_12","[""Friedrich Hayek"", ""Great power""]","[8, 12]",2
2hop__29191_59955,What country is between Lithuania and Frederic Chopin's home country?,Kaliningrad Oblast,[],1,"musique_2hop__29191_59955_11,musique_2hop__29191_59955_19","[""Paris"", ""Kaliningrad""]","[11, 19]",2
2hop__51881_20590,When was self-government achieved in the location where Lord of the Rings was filmed?,after 1900,[],1,"musique_2hop__51881_20590_0,musique_2hop__51881_20590_10","[""The Lord of the Rings (film series)"", ""British Empire""]","[0, 10]",2
2hop__145282_21711,When was the Palau de la Generalitat constructed in the location where Paco Godia was born?,built in the 15th century,"[""15th century""]",1,"musique_2hop__145282_21711_10,musique_2hop__145282_21711_16","[""Gothic architecture"", ""Paco Godia""]","[10, 16]",2
2hop__9285_42311,What's the largest med school in what was the nobilities commonwealth?,Medical University of Warsaw,[],1,"musique_2hop__9285_42311_5,musique_2hop__9285_42311_19","[""Szlachta"", ""Warsaw""]","[5, 19]",2
2hop__103889_86452,"When did Burma change its name to the country of origin of Zaw Win Thet, that he represented at the 2012 Olympics?",1989,[],1,"musique_2hop__103889_86452_13,musique_2hop__103889_86452_17","[""Zaw Win Thet"", ""Names of Myanmar""]","[13, 17]",2
2hop__53433_59035,The beautiful country used as a backdrop for the movie The Lord of the Rings was founded on what date?,6 February 1840,[],1,"musique_2hop__53433_59035_2,musique_2hop__53433_59035_11","[""The Lord of the Rings (film series)"", ""History of New Zealand""]","[2, 11]",2
2hop__46862_68042,"When did the political party that favored harsh punishment of southern states after the Civil War, gain control of the House?",the 2010 election,[],1,"musique_2hop__46862_68042_6,musique_2hop__46862_68042_10","[""2010 United States House of Representatives elections"", ""Reconstruction era""]","[6, 10]",2
2hop__145220_58439,Notre Dame is located is what section of Camille Cottin's birthplace?,The Île de la Cité,"[""\u00eele de la Cit\u00e9"", ""\u00cele de la Cit\u00e9""]",1,"musique_2hop__145220_58439_5,musique_2hop__145220_58439_18","[""Camille Cottin"", ""\u00cele de la Cit\u00e9""]","[5, 18]",2
2hop__31995_8583,Who did the Slavs have contact with in the country that Steven Spielberg's grandparents were from?,Iranic Sarmatians and the Germanic Goths,"[""Sarmatians""]",1,"musique_2hop__31995_8583_1,musique_2hop__31995_8583_15","[""Slavs"", ""Steven Spielberg""]","[1, 15]",2
2hop__29339_40482,Who did the Huguenots in the state primary Edwards won outside of Georgia buy land from?,Edmund Bellinger,[],1,"musique_2hop__29339_40482_0,musique_2hop__29339_40482_19","[""2004 United States presidential election"", ""Huguenots""]","[0, 19]",2
2hop__13539_13493,"In 2009, what series of wins did the team who won the first match in the 1943 Copa del Generalissimo achieve?",continental treble,[],1,"musique_2hop__13539_13493_4,musique_2hop__13539_13493_19","[""FC Barcelona"", ""FC Barcelona""]","[4, 19]",2
2hop__32541_85460,What is the median household income for people today of the same country as the witness to the Blitz?,"$59,039",[],1,"musique_2hop__32541_85460_4,musique_2hop__32541_85460_11","[""The Blitz"", ""Household income in the United States""]","[4, 11]",2
2hop__17192_77606,"In ancient times, why was the geographical location of the country that secured southern Lebanon in 1978 strategic?",its elevation makes it Israel's primary strategic early warning system,"[""il"", ""Israel"", ""ISR""]",1,"musique_2hop__17192_77606_8,musique_2hop__17192_77606_12","[""Mount Hermon"", ""Israel""]","[8, 12]",2
2hop__67057_52871,"After WWII, when did the US leave the nation it defeated at the Battle of Guadalcanal?","April 28, 1952",[],1,"musique_2hop__67057_52871_8,musique_2hop__67057_52871_14","[""Occupation of Japan"", ""Naval Battle of Guadalcanal""]","[8, 14]",2
2hop__131061_54221,How early can you buy alcohol in the state encompassing Tracy-Causer Block?,5am,[],1,"musique_2hop__131061_54221_14,musique_2hop__131061_54221_16","[""Alcohol laws of Maine"", ""Tracy-Causer Block""]","[14, 16]",2
2hop__15416_58040,What is the highest city in the state where Dell ranks sixth by revenue?,Fort Davis,[],1,"musique_2hop__15416_58040_3,musique_2hop__15416_58040_18","[""Fort Davis, Texas"", ""Dell""]","[3, 18]",2
2hop__15650_77173,Where are the Ozark Mountains located within the state where Robert Patton worked in May 2014?,northeastern Oklahoma,"[""OK"", ""Oklahoma""]",1,"musique_2hop__15650_77173_10,musique_2hop__15650_77173_16","[""Capital punishment in the United States"", ""Ozarks""]","[10, 16]",2
2hop__130867_54221,What time of day can you start purchasing alcohol in the state that includes Narraguagus High School?,5am,[],1,"musique_2hop__130867_54221_8,musique_2hop__130867_54221_16","[""Narraguagus Jr/Sr High School"", ""Alcohol laws of Maine""]","[8, 16]",2
2hop__15258_54866,What actress plays the princess who England proposed to affiliate with Wales to quell a rebellion?,Jodie Comer,[],1,"musique_2hop__15258_54866_10,musique_2hop__15258_54866_19","[""Elizabeth II"", ""The White Princess (miniseries)""]","[10, 19]",2
2hop__159737_27110,During what time span were there findings of habitation in India and the country that withdrew its forces in accordance with the UN resolution of August 1948?,7000–9000 BCE,[],1,"musique_2hop__159737_27110_0,musique_2hop__159737_27110_15","[""History of India"", ""Indo-Pakistani War of 1947\u20131948""]","[0, 15]",2
2hop__1845_38366,What is the population of the borough that contains the neighborhood of Riverdale?,"1,438,159",[],1,"musique_2hop__1845_38366_2,musique_2hop__1845_38366_16","[""New York City"", ""The Bronx""]","[2, 16]",2
2hop__145082_35034,What was the population density of Tammy Leitner's city of birth in 2009?,"3,771.9 people per square mile (1,456.4/km2)",[],1,"musique_2hop__145082_35034_5,musique_2hop__145082_35034_13","[""Tammy Leitner"", ""San Diego""]","[5, 13]",2
2hop__85753_64503,How deep is the Riverwalk in San Antonio in the state that still uses electric chair?,one level down from the automobile street,[],1,"musique_2hop__85753_64503_16,musique_2hop__85753_64503_19","[""Capital punishment in Texas"", ""San Antonio River Walk""]","[16, 19]",2
2hop__17854_17873,What happened to Buckingham Palace after the first monarch to reside there left?,"palace was seldom used, even neglected","[""palace"", ""Palace""]",1,"musique_2hop__17854_17873_3,musique_2hop__17854_17873_5","[""Buckingham Palace"", ""Buckingham Palace""]","[3, 5]",2
2hop__29191_80144,Who became the president of Frederic Chopin's original country in 1990?,Lech Wałęsa,[],1,"musique_2hop__29191_80144_1,musique_2hop__29191_80144_19","[""Paris"", ""1990 Polish presidential election""]","[1, 19]",2
2hop__38229_84500,What does the name of the topic that Eisenhower didn't discuss during the campaign stand for?,North Atlantic Treaty Organization,"[""NATO"", ""North Atlantic Alliance""]",1,"musique_2hop__38229_84500_12,musique_2hop__38229_84500_17","[""NATO"", ""Dwight D. Eisenhower""]","[12, 17]",2
2hop__7855_7794,What is the population in 2010 of they city popular with tourists?,8.005 million,[],1,"musique_2hop__7855_7794_2,musique_2hop__7855_7794_11","[""Nanjing"", ""Nanjing""]","[2, 11]",2
2hop__153009_44880,Who is the mayor presiding now where Merrill Elam was born?,Lance Bottoms,[],1,"musique_2hop__153009_44880_0,musique_2hop__153009_44880_12","[""Merrill Elam"", ""2017 Atlanta mayoral election""]","[0, 12]",2
2hop__228_90265,"Who played the artist that influenced Beyonce, in The Jackson 5 American Dream?",Wylie Draper,[],1,"musique_2hop__228_90265_2,musique_2hop__228_90265_16","[""Beyonc\u00e9"", ""The Jacksons: An American Dream""]","[2, 16]",2
2hop__137061_45752,Why does the place where Step Up Revolution takes place have a duck for a mascot?,when the school's yearbook chose its name to be ``The Ibis,[],1,"musique_2hop__137061_45752_1,musique_2hop__137061_45752_15","[""Step Up Revolution"", ""Sebastian the Ibis""]","[1, 15]",2
2hop__128945_47686,From where do buses leave the city CKIS-FM serves?,Toronto Coach Terminal,[],1,"musique_2hop__128945_47686_0,musique_2hop__128945_47686_10","[""Toronto Coach Terminal"", ""CKIS-FM""]","[0, 10]",2
3hop1__19768_19788_19761,Which missionary helped spread the religion widely practiced in region having the second largest rain-forest in the world?,The Sufi missionaries,"[""Sufi""]",1,"musique_3hop1__19768_19788_19761_1,musique_3hop1__19768_19788_19761_4,musique_3hop1__19768_19788_19761_6","[""Southeast Asia"", ""Southeast Asia"", ""Southeast Asia""]","[1, 4, 6]",3
3hop1__146155_131905_41948,"Besides the body of water by the city where Nicolaus Schuback died and the Irish Channel, what else was lowered in the last cold phase?",English Channel,"[""The Channel""]",1,"musique_3hop1__146155_131905_41948_6,musique_3hop1__146155_131905_41948_10,musique_3hop1__146155_131905_41948_15","[""Hamburg"", ""Rhine"", ""Nicolaus Schuback""]","[6, 10, 15]",3
3hop1__160324_131905_41948,"What body of water was dry land during the last ice age, besides the Irish Channel and the sea near the former Atlantic Hotel?",English Channel,"[""The Channel""]",1,"musique_3hop1__160324_131905_41948_5,musique_3hop1__160324_131905_41948_9,musique_3hop1__160324_131905_41948_19","[""Rhine"", ""Islamic Centre Hamburg"", ""Hamburg""]","[5, 9, 19]",3
3hop1__131820_59747_43101,The Real Housewives series from the largest city of the state where WEKL transmits started when?,"October 7, 2008",[],1,"musique_3hop1__131820_59747_43101_4,musique_3hop1__131820_59747_43101_5,musique_3hop1__131820_59747_43101_10","[""WEKL"", ""The Real Housewives of Atlanta"", ""List of municipalities in Georgia (U.S. state)""]","[4, 5, 10]",3
3hop2__9988_73205_70784,What region is to the north of what used to be known as Near East and the body of water between east africa and Arabian Peninsula?,Kingdom of Saudi Arabia,"[""sa"", ""Saudi Arabia""]",1,"musique_3hop2__9988_73205_70784_3,musique_3hop2__9988_73205_70784_16,musique_3hop2__9988_73205_70784_19","[""Arabian Peninsula"", ""Geography of Saudi Arabia"", ""Near East""]","[3, 16, 19]",3
3hop1__131102_39743_24526,"What is the average winter daytime temperature in the region containing Richmond, in the state where WUSH operates?",upper 40s–lower 50s °F,[],1,"musique_3hop1__131102_39743_24526_8,musique_3hop1__131102_39743_24526_16,musique_3hop1__131102_39743_24526_17","[""North Carolina"", ""WUSH"", ""Richmond, Virginia""]","[8, 16, 17]",3
3hop1__106042_64399_59680,"How many Stations of the Cross happened in the city originating Christianity in Rome, Egypt, Judea and the country for Vasilopita?",fourteen,[],1,"musique_3hop1__106042_64399_59680_1,musique_3hop1__106042_64399_59680_11,musique_3hop1__106042_64399_59680_16","[""Stations of the Cross"", ""Vasilopita"", ""Early centers of Christianity""]","[1, 11, 16]",3
3hop2__69814_76873_64554,"After the war that provides the setting for Memoirs of a Geisha, a conflict in which Germany was divided into two countries, developed between the U.S. and what nation?",Union of Soviet Socialist Republics,"[""The Soviets"", ""Soviets"", ""the Soviet Union"", ""SU"", ""the Union of Soviet Socialist Republics"", ""Soviet Union""]",1,"musique_3hop2__69814_76873_64554_5,musique_3hop2__69814_76873_64554_7,musique_3hop2__69814_76873_64554_17","[""Memoirs of a Geisha"", ""Soviet Union\u2013United States relations"", ""History of Germany (1945\u20131990)""]","[5, 7, 17]",3
3hop1__68981_91191_16530,Who was appointed arbitrator by the first convert to the faith that is the most common religion in Southeast Asia?,Abu Musa Ashaari,[],1,"musique_3hop1__68981_91191_16530_6,musique_3hop1__68981_91191_16530_10,musique_3hop1__68981_91191_16530_15","[""Religion in Asia"", ""Identity of the first male Muslim"", ""Umayyad Caliphate""]","[6, 10, 15]",3
3hop1__158139_19788_15107,What percentage of Eritrea adheres to the religion widely practiced where suicides by females are more common in young than old?,48%,[],1,"musique_3hop1__158139_19788_15107_1,musique_3hop1__158139_19788_15107_9,musique_3hop1__158139_19788_15107_19","[""Southeast Asia"", ""Suicide"", ""Eritrea""]","[1, 9, 19]",3
3hop1__68981_91191_156667,The first to convert to the now most practiced religion in Southeast Asia was married to whom?,Khawlah bint Ja'far,"[""Fatimah"", ""Fatima""]",1,"musique_3hop1__68981_91191_156667_2,musique_3hop1__68981_91191_156667_15,musique_3hop1__68981_91191_156667_18","[""Identity of the first male Muslim"", ""Religion in Asia"", ""Ali""]","[2, 15, 18]",3
3hop2__6989_37759_74563,"When did the religious order that founded Harvard College, arrive in the region of the U.S. served by the Rainbow Times?",1630,[],1,"musique_3hop2__6989_37759_74563_2,musique_3hop2__6989_37759_74563_5,musique_3hop2__6989_37759_74563_10","[""Boston"", ""History of the Puritans in North America"", ""Protestantism""]","[2, 5, 10]",3
3hop1__145924_131905_41948,"Besides the Irish Channel and the body of water by the city Caspar Voght died in, what else lowered in the last cold phase?",English Channel,"[""The Channel""]",1,"musique_3hop1__145924_131905_41948_2,musique_3hop1__145924_131905_41948_9,musique_3hop1__145924_131905_41948_15","[""Rhine"", ""Caspar Voght"", ""Hamburg""]","[2, 9, 15]",3
3hop1__68802_89752_49923,How many counties are there in the largest state in the region where the film The Family Stone was set?,sixteen,[],1,"musique_3hop1__68802_89752_49923_5,musique_3hop1__68802_89752_49923_7,musique_3hop1__68802_89752_49923_15","[""New England"", ""The Family Stone"", ""List of counties in Maine""]","[5, 7, 15]",3
3hop1__139773_88110_21193,What compression method is part of the CAB format used by one of the original partners in the TV channel that hosts Rachel Maddow's show?,LZX,[],1,"musique_3hop1__139773_88110_21193_7,musique_3hop1__139773_88110_21193_15,musique_3hop1__139773_88110_21193_19","[""The Rachel Maddow Show"", ""MSNBC"", ""Data compression""]","[7, 15, 19]",3
3hop1__145427_106426_77199,When did the USA declare war on the country that produced The Longest Night in the city where You Wenhui was born?,"December 8, 1941",[],1,"musique_3hop1__145427_106426_77199_3,musique_3hop1__145427_106426_77199_17,musique_3hop1__145427_106426_77199_19","[""The Longest Night in Shanghai"", ""United States declaration of war on Japan"", ""You Wenhui""]","[3, 17, 19]",3
3hop2__101905_30152_20999,How were the people that the Ajuran Empire declared independence from by minting coins expelled from David Htan's country?,The dynasty regrouped and defeated the Portuguese,[],1,"musique_3hop2__101905_30152_20999_4,musique_3hop2__101905_30152_20999_11,musique_3hop2__101905_30152_20999_19","[""Ottoman Empire"", ""Myanmar"", ""David Htan""]","[4, 11, 19]",3
3hop2__28476_14777_9331,"What dissolved the privileges in Poland of the empire that controlled Estonia during The Great Awakening, the Kingdom that acquired some Thuringian territory in 1815, and the Habsburg Monarchy?",March Constitution of Poland,"[""PL"", ""POL"", ""Poland""]",1,"musique_3hop2__28476_14777_9331_0,musique_3hop2__28476_14777_9331_12,musique_3hop2__28476_14777_9331_17","[""Estonia"", ""Franco-Prussian War"", ""Szlachta""]","[0, 12, 17]",3
3hop2__30956_65244_84681,"When did the people who controlled New York before it became an English colony, come to the country where John Kerry's yacht was built?",13 December 1642,[],1,"musique_3hop2__30956_65244_84681_3,musique_3hop2__30956_65244_84681_10,musique_3hop2__30956_65244_84681_12","[""New Amsterdam"", ""History of New Zealand"", ""John Kerry""]","[3, 10, 12]",3
3hop1__103890_10659_83548,"Who led the movement against communism, in the country where, along with the nation that Ágnes Konkoly is from, many expelled French Jews relocated to?",Lech Wałęsa,[],1,"musique_3hop1__103890_10659_83548_7,musique_3hop1__103890_10659_83548_9,musique_3hop1__103890_10659_83548_11","[""\u00c1gnes Konkoly"", ""Solidarity (Polish trade union)"", ""Middle Ages""]","[7, 9, 11]",3
3hop1__128554_39743_24526,"What is the average winter daytime temperature in the region where Richmond is found, in the state where WIRR operates?",upper 40s–lower 50s °F,[],1,"musique_3hop1__128554_39743_24526_2,musique_3hop1__128554_39743_24526_6,musique_3hop1__128554_39743_24526_15","[""WIRR"", ""Richmond, Virginia"", ""North Carolina""]","[2, 6, 15]",3
3hop2__49541_140712_51068,Who is the actress who played the woman who was the Queen of England in 1890 on the network that produced Monsterpiece Theater?,Jenna - Louise Coleman,"[""Jenna Coleman""]",1,"musique_3hop2__49541_140712_51068_2,musique_3hop2__49541_140712_51068_4,musique_3hop2__49541_140712_51068_16","[""Jenna Coleman"", ""Monsterpiece Theater"", ""Queen Victoria""]","[2, 4, 16]",3
3hop2__57238_1926_54362,"Who burned down the city where Keeping Up with the Joneses is set, during the war marking the first time that the number of black people living in NYC declined?",Confederate Gen. John Bell Hood,[],1,"musique_3hop2__57238_1926_54362_2,musique_3hop2__57238_1926_54362_13,musique_3hop2__57238_1926_54362_18","[""Atlanta in the American Civil War"", ""New York City"", ""Keeping Up with the Joneses (film)""]","[2, 13, 18]",3
3hop1__23058_20608_36327,What did Bloomberg name the country formerly known as the region where the Spanish and Portuguese took most of their slaves from?,top emerging market economy in Africa,"[""Africa""]",1,"musique_3hop1__23058_20608_36327_1,musique_3hop1__23058_20608_36327_5,musique_3hop1__23058_20608_36327_8","[""Namibia"", ""Bermuda"", ""British Empire""]","[1, 5, 8]",3
3hop1__30390_36635_87083,"Who holds veto power in the organization that the victors of the conflict active when Hayek began ""Abuse of power"" were given permanent seats in.",permanent members of the United Nations Security Council,"[""United Nations Security Council"", ""UN Security Council""]",1,"musique_3hop1__30390_36635_87083_5,musique_3hop1__30390_36635_87083_18,musique_3hop1__30390_36635_87083_19","[""Great power"", ""United Nations Security Council veto power"", ""Friedrich Hayek""]","[5, 18, 19]",3
3hop1__64694_34179_23375,What year was the publication of the version of the Molotov–Ribbentrop Pact by the successor of the president and general secretary of the soviet communist party during the early 1920s?,1948,[],1,"musique_3hop1__64694_34179_23375_6,musique_3hop1__64694_34179_23375_7,musique_3hop1__64694_34179_23375_13","[""Armenia"", ""Molotov\u2013Ribbentrop Pact"", ""List of leaders of the Soviet Union""]","[6, 7, 13]",3
3hop1__127821_157828_162309,When did the country using Olivera Marković's native language as one of its official languages first have its own Olympic team?,2016,[],1,"musique_3hop1__127821_157828_162309_2,musique_3hop1__127821_157828_162309_14,musique_3hop1__127821_157828_162309_18","[""Olivera Markovi\u0107"", ""Serbian language"", ""Yugoslavia at the Olympics""]","[2, 14, 18]",3
3hop1__9285_5188_23307,"What month did the Tripartite discussions begin between Britain, France, and the country where, despite being headquartered in the nation called the nobilities commonwealth, the top-ranking Warsaw Pact operatives originated?",mid-June,[],1,"musique_3hop1__9285_5188_23307_2,musique_3hop1__9285_5188_23307_9,musique_3hop1__9285_5188_23307_15","[""Szlachta"", ""Molotov\u2013Ribbentrop Pact"", ""Warsaw Pact""]","[2, 9, 15]",3
3hop2__20335_82856_9331,"What dissolved the privileges in Poland of the empire that helped the patriots during the Revolutionary War, the Kingdom that acquired some Thuringian territory in 1815, and the Habsburg Monarchy?",March Constitution of Poland,"[""PL"", ""POL"", ""Poland""]",1,"musique_3hop2__20335_82856_9331_1,musique_3hop2__20335_82856_9331_7,musique_3hop2__20335_82856_9331_17","[""Thuringia"", ""Szlachta"", ""Russia and the American Revolution""]","[1, 7, 17]",3
3hop2__140194_49541_51068,"Who is the actress who plays the role of the Queen of England in 1890, on the network that aired The Dinosaurs!?",Jenna - Louise Coleman,"[""Jenna Coleman""]",1,"musique_3hop2__140194_49541_51068_1,musique_3hop2__140194_49541_51068_2,musique_3hop2__140194_49541_51068_13","[""Jenna Coleman"", ""The Dinosaurs!"", ""Queen Victoria""]","[1, 2, 13]",3
3hop2__11282_57233_56883,The native country of emu birds started conscription. This occurred during the war depicted in The Things They Carried. What year did the draft start?,1964,[],1,"musique_3hop2__11282_57233_56883_12,musique_3hop2__11282_57233_56883_16,musique_3hop2__11282_57233_56883_18","[""Conscription in Australia"", ""The Things They Carried"", ""Bird migration""]","[12, 16, 18]",3
3hop1__68732_39743_24526,"What is the average winter daytime temperature in the region where Richmond is found, in the state where the Battle of Fredericksburg was fought?",upper 40s–lower 50s °F,[],1,"musique_3hop1__68732_39743_24526_0,musique_3hop1__68732_39743_24526_9,musique_3hop1__68732_39743_24526_18","[""Richmond, Virginia"", ""Battle of Fredericksburg"", ""North Carolina""]","[0, 9, 18]",3
3hop1__157807_19788_15107,What percentage of Eritrea is estimated to adhere to the religion widely practiced in the region that the tentacled snake is native to?,48%,[],1,"musique_3hop1__157807_19788_15107_12,musique_3hop1__157807_19788_15107_15,musique_3hop1__157807_19788_15107_17","[""Southeast Asia"", ""Tentacled snake"", ""Eritrea""]","[12, 15, 17]",3
3hop2__20335_8533_9331,"What dissolved the privileges of the empire using Pan-Slavism as a political tool, the kingdom acquiring some Thuringian territory or Habsburg Monarchy?",March Constitution of Poland,"[""PL"", ""POL"", ""Poland""]",1,"musique_3hop2__20335_8533_9331_2,musique_3hop2__20335_8533_9331_4,musique_3hop2__20335_8533_9331_6","[""Thuringia"", ""Szlachta"", ""Slavs""]","[2, 4, 6]",3
3hop2__140194_16797_51068,What actress plays the first reigning monarch from Britain to set foot in Spain on the network that aired The Dinosaurs?,Jenna - Louise Coleman,"[""Jenna Coleman""]",1,"musique_3hop2__140194_16797_51068_0,musique_3hop2__140194_16797_51068_3,musique_3hop2__140194_16797_51068_19","[""The Dinosaurs!"", ""Queen Victoria"", ""Jenna Coleman""]","[0, 3, 19]",3
3hop2__49541_121067_51068,The queen of england in 1890 is portrayed on the network that broadcast The Pacific Century by whom?,Jenna - Louise Coleman,"[""Jenna Coleman""]",1,"musique_3hop2__49541_121067_51068_3,musique_3hop2__49541_121067_51068_5,musique_3hop2__49541_121067_51068_17","[""The Pacific Century"", ""Queen Victoria"", ""Jenna Coleman""]","[3, 5, 17]",3
3hop2__43892_23308_28343,When did the troops of the country blamed for the stagnation and failure of the Tripartite discussion leave the country that receives the most U.S. foreign aid?,February 1989,[],1,"musique_3hop2__43892_23308_28343_2,musique_3hop2__43892_23308_28343_8,musique_3hop2__43892_23308_28343_16","[""Molotov\u2013Ribbentrop Pact"", ""War on Terror"", ""United States foreign aid""]","[2, 8, 16]",3
3hop1__68802_89752_75165,How many people live in the largest state of the region where The Family Stone takes place?,"1,335,907",[],1,"musique_3hop1__68802_89752_75165_2,musique_3hop1__68802_89752_75165_3,musique_3hop1__68802_89752_75165_7","[""Maine"", ""The Family Stone"", ""New England""]","[2, 3, 7]",3
3hop1__49236_89752_49923,How many counties does the largest state in the region where the fictional Gilead in the Handmaid's Tale takes place have?,sixteen,[],1,"musique_3hop1__49236_89752_49923_5,musique_3hop1__49236_89752_49923_7,musique_3hop1__49236_89752_49923_11","[""New England"", ""List of counties in Maine"", ""The Handmaid's Tale""]","[5, 7, 11]",3
3hop2__14253_76873_64554,"Following the conflict that's the setting for Memoirs of a Geisha, the struggle in which some airfield runways were painted green, developed between the U.S. and what nation?",Union of Soviet Socialist Republics,"[""the Soviet Union"", ""Soviet Union"", ""SU"", ""the Union of Soviet Socialist Republics""]",1,"musique_3hop2__14253_76873_64554_10,musique_3hop2__14253_76873_64554_13,musique_3hop2__14253_76873_64554_15","[""Soviet Union\u2013United States relations"", ""Anti-aircraft warfare"", ""Memoirs of a Geisha""]","[10, 13, 15]",3
3hop2__43283_12039_93690,"When did the baseball team from the city where most university graduates stay after acquiring a degree, go the league that wins the All Stars more frequently?",2013,[],1,"musique_3hop2__43283_12039_93690_0,musique_3hop2__43283_12039_93690_7,musique_3hop2__43283_12039_93690_13","[""Houston Astros"", ""List of Major League Baseball All-Star Games"", ""Houston""]","[0, 7, 13]",3
3hop1__159728_91191_156667,What was the name of the spouse of the first convert to the most prevalent religion in Jordan?,Khawlah bint Ja'far,"[""Fatimah"", ""Fatima""]",1,"musique_3hop1__159728_91191_156667_6,musique_3hop1__159728_91191_156667_15,musique_3hop1__159728_91191_156667_17","[""Religion in Jordan"", ""Ali"", ""Identity of the first male Muslim""]","[6, 15, 17]",3
3hop1__129499_33897_81096,Who won the 1993 Indy Car race in the city with the largest population in the state where Poachie Range is located?,Mario Andretti,[],1,"musique_3hop1__129499_33897_81096_1,musique_3hop1__129499_33897_81096_3,musique_3hop1__129499_33897_81096_16","[""Poachie Range"", ""Tucson, Arizona"", ""Desert Diamond West Valley Phoenix Grand Prix""]","[1, 3, 16]",3
3hop1__103890_10659_23296,"After the Nazis, who invaded the country where, along with the nation that Ágnes Konkoly is from, many expelled French Jews relocated to?",Soviet,"[""the Soviet Union"", ""Soviet Union"", ""SU""]",1,"musique_3hop1__103890_10659_23296_7,musique_3hop1__103890_10659_23296_13,musique_3hop1__103890_10659_23296_18","[""Middle Ages"", ""\u00c1gnes Konkoly"", ""Molotov\u2013Ribbentrop Pact""]","[7, 13, 18]",3
3hop1__104762_24918_24991,What went down after the Soviet president visiting the country of citizenship of Yasyn Khamid while the protests were taking place departed from the Kremlin?,Soviet flag,"[""USSR"", ""Soviet Union"", ""SU"", ""the Soviet Union""]",1,"musique_3hop1__104762_24918_24991_8,musique_3hop1__104762_24918_24991_13,musique_3hop1__104762_24918_24991_16","[""Dissolution of the Soviet Union"", ""Dissolution of the Soviet Union"", ""Yasyn Khamid""]","[8, 13, 16]",3
3hop1__145427_106426_157788,What is one railway line in the country the produced The Longest Night in the city where You Wenhui was born?,Yamanote Line loop,"[""Yamanote Line""]",1,"musique_3hop1__145427_106426_157788_1,musique_3hop1__145427_106426_157788_11,musique_3hop1__145427_106426_157788_14","[""The Longest Night in Shanghai"", ""You Wenhui"", ""Tokyo""]","[1, 11, 14]",3
3hop2__104979_23308_28343,When did the troops of the country blamed for the stagnation and failure of the Tripartite discussion leave the country known for Afghan bread?,February 1989,[],1,"musique_3hop2__104979_23308_28343_2,musique_3hop2__104979_23308_28343_9,musique_3hop2__104979_23308_28343_19","[""Molotov\u2013Ribbentrop Pact"", ""War on Terror"", ""Afghan bread""]","[2, 9, 19]",3
3hop2__106842_30645_84681,When did the people who first settled the Delaware Valley come to the country which produced the show @Seven?,13 December 1642,[],1,"musique_3hop2__106842_30645_84681_8,musique_3hop2__106842_30645_84681_15,musique_3hop2__106842_30645_84681_18","[""Philadelphia"", ""@Seven"", ""History of New Zealand""]","[8, 15, 18]",3
3hop2__76873_69814_64554,"Following the war where Memoirs of a Geisha is set, a conflict in which Germany was divided into two countries developed, between the U.S. and what nation?",Union of Soviet Socialist Republics,"[""The Soviets"", ""Soviets"", ""the Soviet Union"", ""SU"", ""the Union of Soviet Socialist Republics"", ""Soviet Union""]",1,"musique_3hop2__76873_69814_64554_0,musique_3hop2__76873_69814_64554_11,musique_3hop2__76873_69814_64554_17","[""Soviet Union\u2013United States relations"", ""History of Germany (1945\u20131990)"", ""Memoirs of a Geisha""]","[0, 11, 17]",3
3hop1__131820_59747_90139,"Which star of the Real Housewives show, set in the largest city by population in the state where WEKL is located, is married to an NFL player?",Kim Zolciak,[],1,"musique_3hop1__131820_59747_90139_3,musique_3hop1__131820_59747_90139_5,musique_3hop1__131820_59747_90139_12","[""Kroy Biermann"", ""List of municipalities in Georgia (U.S. state)"", ""WEKL""]","[3, 5, 12]",3
3hop2__9951_20335_9331,"What dissolved the privileges in Poland of the empire that the British sided with against the Ottomans, the Kingdom that acquired some Thuringian territory in 1815, and the Habsburg Monarchy?",March Constitution of Poland,"[""PL"", ""POL"", ""Poland""]",1,"musique_3hop2__9951_20335_9331_4,musique_3hop2__9951_20335_9331_18,musique_3hop2__9951_20335_9331_19","[""Thuringia"", ""Near East"", ""Szlachta""]","[4, 18, 19]",3
3hop1__77966_91191_156667,Who was the spouse of the first convert to the faith that is the most common religion in Lebanon?,Khawlah bint Ja'far,"[""Fatimah"", ""Fatima""]",1,"musique_3hop1__77966_91191_156667_11,musique_3hop1__77966_91191_156667_15,musique_3hop1__77966_91191_156667_19","[""Ali"", ""Identity of the first male Muslim"", ""Religion in Lebanon""]","[11, 15, 19]",3
3hop1__31995_24918_24939,The leader visiting where Steven Spielberg's grandparents are from met with whom on November 22?,Pope John Paul II,"[""John Paul II""]",1,"musique_3hop1__31995_24918_24939_6,musique_3hop1__31995_24918_24939_7,musique_3hop1__31995_24918_24939_14","[""Steven Spielberg"", ""Dissolution of the Soviet Union"", ""Dissolution of the Soviet Union""]","[6, 7, 14]",3
3hop1__5544_34179_23375,What year saw the publication of the version of the Molotov–Ribbentrop Pact established by the man who succeeded the leader of the group which created the Soviet state?,1948,[],1,"musique_3hop1__5544_34179_23375_8,musique_3hop1__5544_34179_23375_11,musique_3hop1__5544_34179_23375_13","[""Armenia"", ""Molotov\u2013Ribbentrop Pact"", ""Russian Soviet Federative Socialist Republic""]","[8, 11, 13]",3
3hop1__8148_24918_24939,"On November 22, who met with the Russian leader that visited the country where the Surzhyk dialect is spoken, when the protests were taking place?",Pope John Paul II,"[""John Paul II""]",1,"musique_3hop1__8148_24918_24939_1,musique_3hop1__8148_24918_24939_3,musique_3hop1__8148_24918_24939_8","[""Dialect"", ""Dissolution of the Soviet Union"", ""Dissolution of the Soviet Union""]","[1, 3, 8]",3
3hop2__30152_101802_20999,"How were the people that the Somali Muslim Ajuran Empire made coins to proclaim independence from, expelled from the country that Minyekyawdin lived in?",The dynasty regrouped and defeated the Portuguese,[],1,"musique_3hop2__30152_101802_20999_4,musique_3hop2__30152_101802_20999_6,musique_3hop2__30152_101802_20999_8","[""Ottoman Empire"", ""Myanmar"", ""Minyekyawdin""]","[4, 6, 8]",3
3hop1__131829_39743_24526,"What is the average winter daytime temperature in the region containing Richmond, in the state where WXBX is located?",upper 40s–lower 50s °F,[],1,"musique_3hop1__131829_39743_24526_0,musique_3hop1__131829_39743_24526_6,musique_3hop1__131829_39743_24526_16","[""North Carolina"", ""WXBX"", ""Richmond, Virginia""]","[0, 6, 16]",3
3hop1__103751_24918_24991,What went down after the Soviet President visiting the country of origin of Ethella Chupryk while the protests were taking place departed from the Kremlin?,Soviet flag,"[""USSR"", ""Soviet Union"", ""SU"", ""the Soviet Union""]",1,"musique_3hop1__103751_24918_24991_10,musique_3hop1__103751_24918_24991_11,musique_3hop1__103751_24918_24991_12","[""Ethella Chupryk"", ""Dissolution of the Soviet Union"", ""Dissolution of the Soviet Union""]","[10, 11, 12]",3
3hop2__49541_140875_51068,Who is the actress who plays the Queen of England in 1890 on the station that aired High Feather?,Jenna - Louise Coleman,"[""Jenna Coleman""]",1,"musique_3hop2__49541_140875_51068_3,musique_3hop2__49541_140875_51068_6,musique_3hop2__49541_140875_51068_15","[""High Feather"", ""Queen Victoria"", ""Jenna Coleman""]","[3, 6, 15]",3
3hop1__131110_39743_24526,"In the state that includes Walnut Spring, what's the typical winter daytime temperature range in the region of Richmond?",upper 40s–lower 50s °F,[],1,"musique_3hop1__131110_39743_24526_3,musique_3hop1__131110_39743_24526_13,musique_3hop1__131110_39743_24526_16","[""North Carolina"", ""Richmond, Virginia"", ""Walnut Spring""]","[3, 13, 16]",3
3hop1__49236_89752_54221,What time do alcohol sales begin in the largest state of the region where the fictional Gilead is located in The Handmaid's Tale?,5am,[],1,"musique_3hop1__49236_89752_54221_13,musique_3hop1__49236_89752_54221_14,musique_3hop1__49236_89752_54221_16","[""Alcohol laws of Maine"", ""The Handmaid's Tale"", ""New England""]","[13, 14, 16]",3
3hop1__106042_64399_53006,"What is the great mosque constructed at the site of the old temple in the city originating christianity in Rome, Egypt, Judea and the country for Vasilopita?",Al - Aqsa Mosque,"[""Al-Aqsa Mosque""]",1,"musique_3hop1__106042_64399_53006_5,musique_3hop1__106042_64399_53006_17,musique_3hop1__106042_64399_53006_18","[""Early centers of Christianity"", ""Al-Aqsa Mosque"", ""Vasilopita""]","[5, 17, 18]",3
3hop1__92251_34179_23375,"What year saw the publication of the version of the Molotov–Ribbentrop Pact, engineered by the politician who succeeded the leader of the Bolsheviks in the November Revolution?",1948,[],1,"musique_3hop1__92251_34179_23375_5,musique_3hop1__92251_34179_23375_10,musique_3hop1__92251_34179_23375_14","[""Armenia"", ""Molotov\u2013Ribbentrop Pact"", ""Russian Revolution""]","[5, 10, 14]",3
3hop2__145209_20335_9331,"What dissolved the privileges of the birth empire of Alexey Brodovitch, the kingdom acquiring some Thuringian territory or Habsburg Monarchy?",March Constitution of Poland,"[""PL"", ""POL"", ""Poland""]",1,"musique_3hop2__145209_20335_9331_5,musique_3hop2__145209_20335_9331_12,musique_3hop2__145209_20335_9331_17","[""Alexey Brodovitch"", ""Szlachta"", ""Thuringia""]","[5, 12, 17]",3
3hop1__19768_19788_10117,"Widely practiced in the region having the second largest rain-forest in the world, how long ago did this religion arrive in Zhejiang?","1,400 years",[],1,"musique_3hop1__19768_19788_10117_1,musique_3hop1__19768_19788_10117_3,musique_3hop1__19768_19788_10117_19","[""Southeast Asia"", ""Southeast Asia"", ""Zhejiang""]","[1, 3, 19]",3
3hop1__119402_102039_158266,What is the leading ballet company in the country where the discoverer of C/2014 Q2 (Lovejoy) is a citizen?,The Australian Ballet,[],1,"musique_3hop1__119402_102039_158266_0,musique_3hop1__119402_102039_158266_4,musique_3hop1__119402_102039_158266_15","[""Terry Lovejoy"", ""C/2014 Q2 (Lovejoy)"", ""Australia""]","[0, 4, 15]",3
3hop1__19768_19788_15107,What percentage of Eritrea is estimated to adhere to the religion widely practiced in the region with the 2nd largest rain-forest in the world?,48%,[],1,"musique_3hop1__19768_19788_15107_7,musique_3hop1__19768_19788_15107_8,musique_3hop1__19768_19788_15107_16","[""Southeast Asia"", ""Southeast Asia"", ""Eritrea""]","[7, 8, 16]",3
3hop1__9285_5188_63702,"When did the country where the top-ranking Warsaw Pact operatives originated, despite its being headquartered in the nation known as the nobilities commonwealth, become allies with the US?",June 1941,[],1,"musique_3hop1__9285_5188_63702_3,musique_3hop1__9285_5188_63702_8,musique_3hop1__9285_5188_63702_14","[""Warsaw Pact"", ""Szlachta"", ""Allies of World War II""]","[3, 8, 14]",3
3hop1__17192_78396_157843,"When was Lower Burma annexed by the country that owned the region that secured southern Lebanon in 1978, before it became a nation?",1853,[],1,"musique_3hop1__17192_78396_157843_3,musique_3hop1__17192_78396_157843_4,musique_3hop1__17192_78396_157843_19","[""History of Israel"", ""Israel"", ""Third Anglo-Burmese War""]","[3, 4, 19]",3
3hop1__17192_78396_54865,"When were the American colonies lost by the country that owned the region that secured southern Lebanon in 1978, before it achieved country status?",1776,[],1,"musique_3hop1__17192_78396_54865_1,musique_3hop1__17192_78396_54865_12,musique_3hop1__17192_78396_54865_14","[""History of Israel"", ""Israel"", ""British America""]","[1, 12, 14]",3
3hop2__25177_19506_23299,"After the period which limited the supply of shellac; Białystok, Przemyśl were returned to what country along with the region they had been given in the Treaty of Schönbrunn?",Polish state,[],1,"musique_3hop2__25177_19506_23299_0,musique_3hop2__25177_19506_23299_3,musique_3hop2__25177_19506_23299_6","[""Phonograph record"", ""Molotov\u2013Ribbentrop Pact"", ""Napoleon""]","[0, 3, 6]",3
3hop1__129675_39743_24526,"What is the average daytime temperature in the region where Richmond is found, in the state where WGCK-FM is located?",upper 40s–lower 50s °F,[],1,"musique_3hop1__129675_39743_24526_0,musique_3hop1__129675_39743_24526_6,musique_3hop1__129675_39743_24526_17","[""WGCK-FM"", ""Richmond, Virginia"", ""North Carolina""]","[0, 6, 17]",3
3hop2__14777_8533_9331,"What dissolved privileges in Poland held by the empire that used Pan-Slavism as a tool, the leader of the North German Confederation during the Franco-Prussian War, and the Habsburg Monarchy?",March Constitution of Poland,"[""PL"", ""POL"", ""Poland""]",1,"musique_3hop2__14777_8533_9331_2,musique_3hop2__14777_8533_9331_13,musique_3hop2__14777_8533_9331_15","[""Slavs"", ""Franco-Prussian War"", ""Szlachta""]","[2, 13, 15]",3
3hop1__158848_66089_86107,Which city of the sea linked to another sea that Theodoric was trying to gain access to by attacking Narbo Martius was the main port of Axum?,Adulis,"[""Aduli""]",1,"musique_3hop1__158848_66089_86107_0,musique_3hop1__158848_66089_86107_14,musique_3hop1__158848_66089_86107_17","[""Theodoric I"", ""Kingdom of Aksum"", ""Suez Canal""]","[0, 14, 17]",3
3hop1__49610_89752_75165,What is the population of the largest state where The Handmaid's Tale is set?,"1,335,907",[],1,"musique_3hop1__49610_89752_75165_5,musique_3hop1__49610_89752_75165_8,musique_3hop1__49610_89752_75165_16","[""Maine"", ""New England"", ""The Handmaid's Tale""]","[5, 8, 16]",3
3hop1__147225_30587_83479,What was Germany's goal in the Battle of the ocean adjacent to the city Herbert Saffir died in?,to stem the flow of merchant shipping that enabled Britain to keep fighting,"[""United Kingdom""]",1,"musique_3hop1__147225_30587_83479_4,musique_3hop1__147225_30587_83479_7,musique_3hop1__147225_30587_83479_9","[""Herbert Saffir"", ""Miami"", ""Battle of the Atlantic""]","[4, 7, 9]",3
3hop1__106042_64399_52278,Who controlled the holy land where the brand of Christianity practiced in the country where Vasilopita is lasted up until the 7th century?,Roman then Byzantine,[],1,"musique_3hop1__106042_64399_52278_3,musique_3hop1__106042_64399_52278_8,musique_3hop1__106042_64399_52278_16","[""Vasilopita"", ""History of Jerusalem during the Middle Ages"", ""Early centers of Christianity""]","[3, 8, 16]",3
3hop1__128865_30587_83479,What was Germany's main goal in the battle of the ocean region adjacent to the city where WIOD is licensed?,to stem the flow of merchant shipping that enabled Britain to keep fighting,"[""United Kingdom"", ""UK""]",1,"musique_3hop1__128865_30587_83479_2,musique_3hop1__128865_30587_83479_8,musique_3hop1__128865_30587_83479_13","[""Miami"", ""Battle of the Atlantic"", ""WIOD""]","[2, 8, 13]",3
3hop1__161433_33952_33939,"In 1900, what was the population of the second largest city, in the state that the cross-border transactions committee focuses on?","7,531",[],1,"musique_3hop1__161433_33952_33939_8,musique_3hop1__161433_33952_33939_15,musique_3hop1__161433_33952_33939_17","[""Tucson, Arizona"", ""Tucson, Arizona"", ""Jeffrey Peterson""]","[8, 15, 17]",3
3hop2__103889_30152_20999,How were the people that the Ajuran Empire declared independence from by minting coins expelled from Zaw Win Thet's country?,The dynasty regrouped and defeated the Portuguese,[],1,"musique_3hop2__103889_30152_20999_3,musique_3hop2__103889_30152_20999_7,musique_3hop2__103889_30152_20999_13","[""Zaw Win Thet"", ""Ottoman Empire"", ""Myanmar""]","[3, 7, 13]",3
3hop1__102461_24918_24991,What went down after the Soviet President visiting the the birth country of Andrey Dashkov while the protests were taking place departed from the Kremlin?,Soviet flag,"[""USSR"", ""Soviet Union"", ""SU"", ""the Soviet Union""]",1,"musique_3hop1__102461_24918_24991_0,musique_3hop1__102461_24918_24991_6,musique_3hop1__102461_24918_24991_19","[""Andrey Dashkov"", ""Dissolution of the Soviet Union"", ""Dissolution of the Soviet Union""]","[0, 6, 19]",3
3hop1__136852_30587_83479,What was the main goal of Germany in the battle of the ocean region adjacent to the city where The Golden Palace is set?,to stem the flow of merchant shipping that enabled Britain to keep fighting,"[""United Kingdom"", ""UK""]",1,"musique_3hop1__136852_30587_83479_3,musique_3hop1__136852_30587_83479_4,musique_3hop1__136852_30587_83479_16","[""Battle of the Atlantic"", ""The Golden Palace"", ""Miami""]","[3, 4, 16]",3
3hop1__139773_88110_77129,"What was the first OS to support the Hyper-V protocol, developed by the company that the letters MS stand for, in the network where The Rachel Maddow Show is found?",Windows 8,[],1,"musique_3hop1__139773_88110_77129_0,musique_3hop1__139773_88110_77129_8,musique_3hop1__139773_88110_77129_15","[""Hyper-V"", ""MSNBC"", ""The Rachel Maddow Show""]","[0, 8, 15]",3
3hop2__57233_106716_56883,"When was conscription introduced in the country where Pepsi Live was hosted, during the war where The Things They Carried is set?",1964,[],1,"musique_3hop2__57233_106716_56883_2,musique_3hop2__57233_106716_56883_12,musique_3hop2__57233_106716_56883_13","[""Conscription in Australia"", ""Pepsi Live"", ""The Things They Carried""]","[2, 12, 13]",3
3hop1__106845_5188_86687,"When did the country the top-ranking Warsaw Pact operatives came from, despite it being headquartered in the country where A Generation is set, agree to a unified Germany inside NATO?",May 1990,"[""1990""]",1,"musique_3hop1__106845_5188_86687_4,musique_3hop1__106845_5188_86687_10,musique_3hop1__106845_5188_86687_16","[""A Generation"", ""German reunification"", ""Warsaw Pact""]","[4, 10, 16]",3
3hop2__57233_11282_56883,When was conscription introduced in country having Emus during the war setting The Things They Carried?,1964,[],1,"musique_3hop2__57233_11282_56883_2,musique_3hop2__57233_11282_56883_8,musique_3hop2__57233_11282_56883_18","[""Conscription in Australia"", ""Bird migration"", ""The Things They Carried""]","[2, 8, 18]",3
3hop2__67618_30587_44003,Where does the ocean adjacent to Miami meet the body of water where the Mississippi River empties into the sea?,through the Florida Straits,"[""FL"", ""Florida""]",1,"musique_3hop2__67618_30587_44003_6,musique_3hop2__67618_30587_44003_8,musique_3hop2__67618_30587_44003_19","[""Miami"", ""Mississippi River"", ""Gulf of Mexico""]","[6, 8, 19]",3
3hop2__57233_105140_56883,"During the war in which The Things They Carried is set, when was conscription introduced by the country where the film Grievous Bodily Harm was later released?",1964,[],1,"musique_3hop2__57233_105140_56883_4,musique_3hop2__57233_105140_56883_9,musique_3hop2__57233_105140_56883_19","[""Grievous Bodily Harm"", ""The Things They Carried"", ""Conscription in Australia""]","[4, 9, 19]",3
3hop1__131820_59747_60748,The largest city in the state where WEKL broadcasts had an historic battle that was fought when?,"July 22, 1864",[],1,"musique_3hop1__131820_59747_60748_8,musique_3hop1__131820_59747_60748_14,musique_3hop1__131820_59747_60748_17","[""List of municipalities in Georgia (U.S. state)"", ""Battle of Atlanta"", ""WEKL""]","[8, 14, 17]",3
3hop1__106042_64399_62676,"When did the city that spread Christianity to Rome, Egypt, Judea, and the country where Vasilopita originates, become the capital city of the Hebrews?",c. 1000 BCE,[],1,"musique_3hop1__106042_64399_62676_9,musique_3hop1__106042_64399_62676_12,musique_3hop1__106042_64399_62676_14","[""History of Jerusalem"", ""Early centers of Christianity"", ""Vasilopita""]","[9, 12, 14]",3
3hop2__159979_30587_44003,Where does the ocean adjacent to Miami meet the ocean basin at where the tropical Storm Allison ended up?,through the Florida Straits,"[""FL"", ""Florida"", ""State of Florida""]",1,"musique_3hop2__159979_30587_44003_1,musique_3hop2__159979_30587_44003_4,musique_3hop2__159979_30587_44003_13","[""Miami"", ""Gulf of Mexico"", ""Tropical Storm Allison""]","[1, 4, 13]",3
3hop2__158279_71753_70784,What region is directly north of where Israel and the final destination of export crops is?,Kingdom of Saudi Arabia,"[""sa"", ""Saudi Arabia""]",1,"musique_3hop2__158279_71753_70784_0,musique_3hop2__158279_71753_70784_2,musique_3hop2__158279_71753_70784_19","[""Israel"", ""Geography of Saudi Arabia"", ""Shiraz""]","[0, 2, 19]",3
3hop1__131820_59747_48534,"Who is Grant Park, in the largest city by population in the state where WEKL is found, named after?","Lemuel P. Grant, a successful engineer and businessman",[],1,"musique_3hop1__131820_59747_48534_8,musique_3hop1__131820_59747_48534_14,musique_3hop1__131820_59747_48534_16","[""WEKL"", ""Grant Park, Atlanta"", ""List of municipalities in Georgia (U.S. state)""]","[8, 14, 16]",3
3hop1__17192_78396_42428,What requests were made by Governor Vaudreuil to the people who formerly controlled the country that invaded southern Lebanon in 1978?,French residents who chose to remain in the colony would be given freedom,[],1,"musique_3hop1__17192_78396_42428_3,musique_3hop1__17192_78396_42428_5,musique_3hop1__17192_78396_42428_11","[""History of Israel"", ""French and Indian War"", ""Israel""]","[3, 5, 11]",3
3hop1__159802_39743_24526,"What is the average winter daytime temperature in the region where Richmond is found, in the state once governed by Andros?",upper 40s–lower 50s °F,[],1,"musique_3hop1__159802_39743_24526_0,musique_3hop1__159802_39743_24526_17,musique_3hop1__159802_39743_24526_19","[""Richmond, Virginia"", ""1689 Boston revolt"", ""North Carolina""]","[0, 17, 19]",3
3hop2__103871_20335_9331,"What dissolved the privileges in Poland of the empire where Tamar Abakelia was from, the Kingdom that acquired some Thuringian territory in 1815, and the Habsburg Monarchy?",March Constitution of Poland,"[""PL"", ""POL"", ""Poland""]",1,"musique_3hop2__103871_20335_9331_5,musique_3hop2__103871_20335_9331_12,musique_3hop2__103871_20335_9331_13","[""Tamar Abakelia"", ""Thuringia"", ""Szlachta""]","[5, 12, 13]",3
3hop1__6362_14336_21111,The population of the country that worked with the outfit behind Man in Space Soonest numbers how much?,6 million,[],1,"musique_3hop1__6362_14336_21111_7,musique_3hop1__6362_14336_21111_9,musique_3hop1__6362_14336_21111_17","[""Jews"", ""Anti-aircraft warfare"", ""Space Race""]","[7, 9, 17]",3
3hop1__103890_10659_67187,"Who was the first elected president of the country where, along with the nation where Ágnes Konkoly is from, many expelled French Jews relocated to?",Gabriel Narutowicz,[],1,"musique_3hop1__103890_10659_67187_7,musique_3hop1__103890_10659_67187_8,musique_3hop1__103890_10659_67187_17","[""Middle Ages"", ""President of Poland"", ""\u00c1gnes Konkoly""]","[7, 8, 17]",3
3hop2__30152_105895_20999,What forced the departure from the country responsible for Phoe Pyonn Cho of the people once defied by new coinage?,The dynasty regrouped and defeated the Portuguese,[],1,"musique_3hop2__30152_105895_20999_10,musique_3hop2__30152_105895_20999_11,musique_3hop2__30152_105895_20999_12","[""Ottoman Empire"", ""Myanmar"", ""Phoe Pyonn Cho""]","[10, 11, 12]",3
3hop1__159803_89752_75165,What's the population of the largest state in the region of the U.S. where trading practices were once threatened by the Navigation Acts?,"1,335,907",[],1,"musique_3hop1__159803_89752_75165_5,musique_3hop1__159803_89752_75165_10,musique_3hop1__159803_89752_75165_12","[""1689 Boston revolt"", ""Maine"", ""New England""]","[5, 10, 12]",3
3hop1__9285_5188_86687,"When did the country the top-ranking Warsaw Pact operatives came from, despite it being headquartered in the country known as the nobilities commonwealth, agree to a unified Germany inside NATO?",May 1990,"[""1990""]",1,"musique_3hop1__9285_5188_86687_7,musique_3hop1__9285_5188_86687_8,musique_3hop1__9285_5188_86687_19","[""Warsaw Pact"", ""Szlachta"", ""German reunification""]","[7, 8, 19]",3
3hop1__9285_5188_6375,"Who was the first person to control a spacecraft, from the country the top-ranking Warsaw Pact operatives came from, despite it being headquartered in the country called the nobilities commonwealth?",Gherman Titov,[],1,"musique_3hop1__9285_5188_6375_0,musique_3hop1__9285_5188_6375_3,musique_3hop1__9285_5188_6375_18","[""Szlachta"", ""Warsaw Pact"", ""Space Race""]","[0, 3, 18]",3
3hop1__147135_159767_81096,Who won the Indy car race in the largest city and the state capital of the death state of Cochise?,Mario Andretti,[],1,"musique_3hop1__147135_159767_81096_2,musique_3hop1__147135_159767_81096_3,musique_3hop1__147135_159767_81096_7","[""Desert Diamond West Valley Phoenix Grand Prix"", ""Arizona"", ""Cochise""]","[2, 3, 7]",3
3hop2__79512_16214_84681,"When did the people who first imported slaves to New York, come to the country where Lord of the Rings was filmed?",13 December 1642,[],1,"musique_3hop2__79512_16214_84681_3,musique_3hop2__79512_16214_84681_6,musique_3hop2__79512_16214_84681_12","[""Multiracial Americans"", ""The Lord of the Rings (film series)"", ""History of New Zealand""]","[3, 6, 12]",3
3hop2__131820_132454_61019,"What was the capital of the state where WEKL operates, before the city where Blackberry Smoke was formed?",Milledgeville,[],1,"musique_3hop2__131820_132454_61019_4,musique_3hop2__131820_132454_61019_8,musique_3hop2__131820_132454_61019_14","[""Blackberry Smoke"", ""WEKL"", ""History of Georgia (U.S. state)""]","[4, 8, 14]",3
3hop1__161433_33952_34099,How long are the council terms in the second largest city in the US state focused by the cross-border transactions committee of the Department of Real Estate?,four-year,[],1,"musique_3hop1__161433_33952_34099_3,musique_3hop1__161433_33952_34099_6,musique_3hop1__161433_33952_34099_14","[""Jeffrey Peterson"", ""Tucson, Arizona"", ""Tucson, Arizona""]","[3, 6, 14]",3
3hop1__147162_131905_41948,"Besides the body of water by the city where Erwin Speckler died, and the Irish Channel, what else was lowered in the last cold phase?",English Channel,"[""The Channel""]",1,"musique_3hop1__147162_131905_41948_9,musique_3hop1__147162_131905_41948_12,musique_3hop1__147162_131905_41948_18","[""Rhine"", ""Hamburg"", ""Erwin Speckter""]","[9, 12, 18]",3
3hop1__128516_30587_83479,What was Germany's main goal in the battle of the ocean adjacent to the US city having WEDR?,to stem the flow of merchant shipping that enabled Britain to keep fighting,"[""United Kingdom"", ""UK""]",1,"musique_3hop1__128516_30587_83479_1,musique_3hop1__128516_30587_83479_7,musique_3hop1__128516_30587_83479_19","[""Battle of the Atlantic"", ""WEDR"", ""Miami""]","[1, 7, 19]",3
3hop1__139787_88110_77129,What was the first OS to support Hyper-V from the company the letters MS stands for in the network that broadcasts Buchanan & Press?,Windows 8,[],1,"musique_3hop1__139787_88110_77129_1,musique_3hop1__139787_88110_77129_2,musique_3hop1__139787_88110_77129_14","[""Hyper-V"", ""Buchanan & Press"", ""MSNBC""]","[1, 2, 14]",3
3hop2__101809_30152_20999,How were those people defied by the use of new coins later removed from where Myint Myint Aye is from?,The dynasty regrouped and defeated the Portuguese,[],1,"musique_3hop2__101809_30152_20999_5,musique_3hop2__101809_30152_20999_6,musique_3hop2__101809_30152_20999_19","[""Myanmar"", ""Ottoman Empire"", ""Myint Myint Aye""]","[5, 6, 19]",3
3hop1__41865_55331_34700,Who sent naval ships to the body of water that joins the Atlantic and the sea where the Rhine ends?,Caesar,[],1,"musique_3hop1__41865_55331_34700_7,musique_3hop1__41865_55331_34700_17,musique_3hop1__41865_55331_34700_19","[""Roman Republic"", ""North Sea"", ""Rhine""]","[7, 17, 19]",3
3hop2__30152_105395_20999,"How were the people that the Somali Muslim Ajuran Empire made coins to proclaim independence from, expelled from the country where Star Cola is produced?",The dynasty regrouped and defeated the Portuguese,[],1,"musique_3hop2__30152_105395_20999_6,musique_3hop2__30152_105395_20999_16,musique_3hop2__30152_105395_20999_19","[""Ottoman Empire"", ""Star Cola"", ""Myanmar""]","[6, 16, 19]",3
3hop2__30152_107291_20999,"How were the people that the Somali Muslim Ajuran Empire made coins to proclaim independence from, expelled from the country where Mohinga is eaten?",The dynasty regrouped and defeated the Portuguese,[],1,"musique_3hop2__30152_107291_20999_0,musique_3hop2__30152_107291_20999_4,musique_3hop2__30152_107291_20999_15","[""Myanmar"", ""Ottoman Empire"", ""Mohinga""]","[0, 4, 15]",3
