join_key,dataset,provider,subject,answer_format,question_chars,question_tokens,intermediate_chars,choice_count,avg_choice_chars,max_choice_chars,max_choice_jaccard,avg_choice_question_overlap,named_entity_count,date_number_count,legal_term_count,multi_hop_cue_count,top1_correct,top1_calls,top1_latency_sec,top1_input_tokens,top1_output_tokens,top1_gold_retrieved,top1_evidence_count,top1_max_ce_score,top1_parse_ok,top1_ce_top1,top1_ce_top2,top1_ce_top5,top1_ce_top1_top2_margin,top1_ce_top1_top5_margin,top1_ce_score_entropy,top1_unique_source_count,top1_source_diversity,top1_retrieved_chars,top1_question_evidence_overlap,top1_choice_evidence_overlap_max,top1_choice_evidence_overlap_margin,top1_gold_rank,top1_top1_state_match,top1_any_state_match,top1_all_state_match,top1_state_match_frac,top1_unique_retrieved_states,top1_state_diversity,top5_correct,top5_calls,top5_latency_sec,top5_input_tokens,top5_output_tokens,top5_gold_retrieved,top5_evidence_count,top5_max_ce_score,top5_parse_ok,top5_ce_top1,top5_ce_top2,top5_ce_top5,top5_ce_top1_top2_margin,top5_ce_top1_top5_margin,top5_ce_score_entropy,top5_unique_source_count,top5_source_diversity,top5_retrieved_chars,top5_question_evidence_overlap,top5_choice_evidence_overlap_max,top5_choice_evidence_overlap_margin,top5_gold_rank,top5_top1_state_match,top5_any_state_match,top5_all_state_match,top5_state_match_frac,top5_unique_retrieved_states,top5_state_diversity,top10_correct,top10_calls,top10_latency_sec,top10_input_tokens,top10_output_tokens,top10_gold_retrieved,top10_evidence_count,top10_max_ce_score,top10_parse_ok,top10_ce_top1,top10_ce_top2,top10_ce_top5,top10_ce_top1_top2_margin,top10_ce_top1_top5_margin,top10_ce_score_entropy,top10_unique_source_count,top10_source_diversity,top10_retrieved_chars,top10_question_evidence_overlap,top10_choice_evidence_overlap_max,top10_choice_evidence_overlap_margin,top10_gold_rank,top10_top1_state_match,top10_any_state_match,top10_all_state_match,top10_state_match_frac,top10_unique_retrieved_states,top10_state_diversity,two_call_correct,two_call_calls,two_call_latency_sec,two_call_input_tokens,two_call_output_tokens,two_call_gold_retrieved,two_call_evidence_count,two_call_max_ce_score,two_call_parse_ok,two_call_ce_top1,two_call_ce_top2,two_call_ce_top5,two_call_ce_top1_top2_margin,two_call_ce_top1_top5_margin,two_call_ce_score_entropy,two_call_unique_source_count,two_call_source_diversity,two_call_retrieved_chars,two_call_question_evidence_overlap,two_call_choice_evidence_overlap_max,two_call_choice_evidence_overlap_margin,two_call_gold_rank,two_call_top1_state_match,two_call_any_state_match,two_call_all_state_match,two_call_state_match_frac,two_call_unique_retrieved_states,two_call_state_diversity,oracle_accuracy_arm,oracle_reward_arm,oracle_any_correct,oracle_correct_count
1003,housing,or-gemma4-26b,Florida,yes_no,73,11,0,0,0.0,0,0.0,0.0,1,0,3,0,1,1.0,3.9,271,264,0,1,6.912498,,6.912498,0.0,0.0,6.912498,6.912498,0.0,1,1.0,699,0.5,0.0,0.0,0,0,0,0,0.0,1,1.0,1,1.0,4.3,1497,347,0,5,6.912499,,6.912499,4.364842,3.128019,2.547657,3.784481,0.365611,1,0.2,6193,0.75,0.0,0.0,0,0,0,0,0.0,5,1.0,1,1.0,7.8,2403,235,0,10,6.912501,,6.912501,4.736035,3.843125,2.176466,3.069377,0.554235,1,0.1,10307,0.75,0.0,0.0,0,0,0,0,0.0,7,0.7,1,2.0,6.2,2218,494,0,5,5.179142,1,5.179142,4.706269,4.274718,0.472872,0.904423,0.967916,1,0.2,8891,0.473684,0.0,0.0,0,0,0,0,0.0,4,0.8,top1,top1,1,4
1051,housing,or-gemma4-26b,Hawaii,yes_no,290,47,0,0,0.0,0,0.0,0.0,2,0,2,0,0,1.0,8.0,315,366,0,1,4.081405,,4.081405,0.0,0.0,4.081405,4.081405,0.0,1,1.0,699,0.46875,0.0,0.0,0,0,0,0,0.0,1,1.0,0,1.0,6.5,3193,444,0,5,4.081406,,4.081406,3.887963,2.146357,0.193443,1.935049,0.83583,1,0.2,13925,0.90625,0.0,0.0,0,0,0,0,0.0,4,0.8,0,1.0,10.3,13537,617,0,10,4.081406,,4.081406,3.887964,2.188146,0.193442,1.893259,0.814576,1,0.1,63255,0.90625,0.0,0.0,0,0,0,0,0.0,6,0.6,0,2.0,79.9,3819,736,0,5,8.621244,1,8.621244,8.265247,7.887226,0.355997,0.734019,0.979478,1,0.2,15699,0.634146,0.0,0.0,0,0,0,0,0.0,4,0.8,top5,top5,0,0
1075,housing,or-gemma4-26b,Idaho,yes_no,86,15,0,0,0.0,0,0.0,0.0,1,0,2,1,1,1.0,2.1,463,224,0,1,7.859097,,7.859097,0.0,0.0,7.859097,7.859097,0.0,1,1.0,1589,0.615385,0.0,0.0,0,0,0,0,0.0,1,1.0,1,1.0,5.2,990,289,0,5,7.859097,,7.859097,7.004458,6.728006,0.854639,1.131091,0.928603,1,0.2,4019,0.692308,0.0,0.0,0,0,0,0,0.0,4,0.8,1,1.0,8.9,2265,334,0,10,7.859097,,7.859097,7.004459,6.728005,0.854637,1.131091,0.944015,1,0.1,9490,0.692308,0.0,0.0,0,0,0,0,0.0,9,0.9,1,2.0,8.0,1533,504,0,5,6.807087,1,6.807087,6.674704,6.199716,0.132384,0.607372,0.979804,1,0.2,4749,0.5,0.0,0.0,0,0,0,0,0.0,4,0.8,top1,top1,1,4
108,housing,or-gemma4-26b,Idaho,yes_no,91,14,0,0,0.0,0,0.0,0.0,1,0,1,0,0,1.0,7.3,129,404,0,1,-1.166184,,-1.166184,0.0,0.0,-1.166184,-1.166184,0.0,1,1.0,124,0.181818,0.0,0.0,0,0,0,0,0.0,1,1.0,1,1.0,2.9,828,402,0,5,-0.638356,,-0.638356,-1.166186,-2.97465,0.52783,2.336294,0.758761,1,0.2,3180,0.454545,0.0,0.0,0,0,0,0,0.0,4,0.8,1,1.0,11.0,1808,600,0,10,1.284008,,1.284008,-0.638354,-2.037529,1.922362,3.321538,0.480775,1,0.1,7514,0.636364,0.0,0.0,0,0,0,0,0.0,9,0.9,1,2.0,14.5,2020,814,0,5,2.318192,1,2.318192,1.951592,0.35118,0.3666,1.967011,0.840213,1,0.2,6686,0.428571,0.0,0.0,0,1,1,0,0.6,3,0.6,top5,top5,1,3
1083,housing,or-gemma4-26b,Idaho,yes_no,500,85,0,0,0.0,0,0.0,0.0,2,0,6,0,0,1.0,9.3,306,422,0,1,4.641204,,4.641204,0.0,0.0,4.641204,4.641204,0.0,1,1.0,578,0.25,0.0,0.0,0,0,0,0,0.0,1,1.0,0,1.0,9.0,3775,377,0,5,5.012552,,5.012552,4.641205,1.35067,0.371347,3.661882,0.722509,1,0.2,16610,0.708333,0.0,0.0,0,0,0,0,0.0,5,1.0,0,1.0,6.6,6595,393,0,10,5.01255,,5.01255,4.641204,2.380126,0.371346,2.632423,0.696527,1,0.1,29497,0.791667,0.0,0.0,0,0,0,0,0.0,8,0.8,0,2.0,10.6,2099,514,0,5,5.107369,1,5.107369,4.579428,4.443482,0.527942,0.663887,0.977145,1,0.2,7826,0.508772,0.0,0.0,0,0,0,0,0.0,3,0.6,top10,top10,0,0
1120,housing,or-gemma4-26b,Indiana,yes_no,68,12,0,0,0.0,0,0.0,0.0,1,0,2,0,0,1.0,14.3,191,538,0,1,6.744672,,6.744672,0.0,0.0,6.744672,6.744672,0.0,1,1.0,372,0.4,0.0,0.0,0,0,0,0,0.0,1,1.0,1,1.0,2.5,2312,398,0,5,6.744673,,6.744673,3.79121,2.764317,2.953463,3.980356,0.330614,1,0.2,10163,0.8,0.0,0.0,0,0,0,0,0.0,4,0.8,1,1.0,11.6,3967,843,0,10,6.744673,,6.744673,3.791208,2.764317,2.953465,3.980356,0.309961,1,0.1,17628,1.0,0.0,0.0,0,0,0,0,0.0,9,0.9,0,2.0,12.1,1121,847,0,5,5.323847,1,5.323847,5.17803,4.911854,0.145817,0.411993,0.993003,1,0.2,3465,0.47619,0.0,0.0,0,0,0,0,0.0,5,1.0,top5,top5,1,2
1228,housing,or-gemma4-26b,Maryland,yes_no,90,17,0,0,0.0,0,0.0,0.0,1,0,3,0,0,1.0,5.6,272,267,0,1,8.449971,,8.449971,0.0,0.0,8.449971,8.449971,0.0,1,1.0,761,0.833333,0.0,0.0,0,0,0,0,0.0,1,1.0,0,1.0,7.7,790,377,0,5,8.449973,,8.449973,7.396142,7.203489,1.053831,1.246484,0.903825,1,0.2,2848,0.833333,0.0,0.0,0,0,0,0,0.0,4,0.8,0,1.0,10.0,1628,404,0,10,8.449972,,8.449972,7.800436,7.281234,0.649536,1.168738,0.941021,1,0.1,6674,0.833333,0.0,0.0,0,0,0,0,0.0,7,0.7,0,2.0,8.5,1759,896,0,5,6.442266,1,6.442266,5.616918,5.213519,0.825347,1.228746,0.936654,1,0.2,6299,0.521739,0.0,0.0,0,0,0,0,0.0,5,1.0,top1,top1,0,0
1229,housing,or-gemma4-26b,Maryland,yes_no,329,52,0,0,0.0,0,0.0,0.0,2,0,3,0,0,1.0,5.6,247,284,0,1,2.176425,,2.176425,0.0,0.0,2.176425,2.176425,0.0,1,1.0,408,0.314286,0.0,0.0,0,0,0,0,0.0,1,1.0,0,1.0,10.1,3003,607,0,5,2.235508,,2.235508,2.176425,1.909863,0.059083,0.325646,0.996336,1,0.2,12698,0.742857,0.0,0.0,0,0,0,0,0.0,5,1.0,0,1.0,12.9,4789,886,0,10,2.235507,,2.235507,2.176423,1.909862,0.059083,0.325645,0.942708,1,0.1,19455,0.8,0.0,0.0,0,0,0,0,0.0,8,0.8,0,2.0,23.6,2604,626,0,5,6.137941,1,6.137941,4.402645,2.981524,1.735297,3.156417,0.551242,1,0.2,9504,0.555556,0.0,0.0,0,0,0,0,0.0,3,0.6,top1,top1,0,0
1252,housing,or-gemma4-26b,Massachusetts,yes_no,104,19,0,0,0.0,0,0.0,0.0,1,0,3,0,0,1.0,44.2,283,235,0,1,6.556101,,6.556101,0.0,0.0,6.556101,6.556101,0.0,1,1.0,699,0.692308,0.0,0.0,0,0,0,0,0.0,1,1.0,0,1.0,1.7,769,258,0,5,7.789445,,7.789445,6.577672,5.161911,1.211773,2.627533,0.788413,1,0.2,3009,0.846154,0.0,0.0,0,0,0,0,0.0,5,1.0,0,1.0,13.5,1405,631,0,10,7.789445,,7.789445,6.577671,5.161911,1.211774,2.627534,0.714807,1,0.1,5838,0.846154,0.0,0.0,0,0,0,0,0.0,8,0.8,0,2.0,15.2,1187,1013,0,5,4.342808,1,4.342808,4.12637,3.59233,0.216438,0.750479,0.975209,1,0.2,3675,0.391304,0.0,0.0,0,0,0,0,0.0,4,0.8,top5,top5,0,0
1266,housing,or-gemma4-26b,Michigan,yes_no,90,17,0,0,0.0,0,0.0,0.0,1,0,3,0,0,1.0,4.4,272,285,0,1,8.449971,,8.449971,0.0,0.0,8.449971,8.449971,0.0,1,1.0,761,0.833333,0.0,0.0,0,0,0,0,0.0,1,1.0,0,1.0,3.0,790,385,0,5,8.449973,,8.449973,7.396142,7.203489,1.053831,1.246484,0.903825,1,0.2,2848,0.833333,0.0,0.0,0,0,0,0,0.0,4,0.8,0,1.0,7.1,1628,799,0,10,8.449972,,8.449972,7.800436,7.281234,0.649536,1.168738,0.941021,1,0.1,6674,0.833333,0.0,0.0,0,0,0,0,0.0,7,0.7,0,2.0,12.5,1638,633,0,5,6.565383,1,6.565383,5.993253,5.578211,0.57213,0.987172,0.954145,1,0.2,5734,0.434783,0.0,0.0,0,0,0,0,0.0,5,1.0,top5,top5,0,0
128,housing,or-gemma4-26b,Ohio,yes_no,91,14,0,0,0.0,0,0.0,0.0,1,0,1,0,0,1.0,10.5,129,348,0,1,-1.166184,,-1.166184,0.0,0.0,-1.166184,-1.166184,0.0,1,1.0,124,0.181818,0.0,0.0,0,0,0,0,0.0,1,1.0,1,1.0,9.2,828,742,0,5,-0.638356,,-0.638356,-1.166186,-2.97465,0.52783,2.336294,0.758761,1,0.2,3180,0.454545,0.0,0.0,0,0,0,0,0.0,4,0.8,0,1.0,8.5,1808,545,0,10,1.284008,,1.284008,-0.638354,-2.037529,1.922362,3.321538,0.480775,1,0.1,7514,0.636364,0.0,0.0,0,0,0,0,0.0,9,0.9,0,2.0,27.3,1626,1273,0,5,2.493771,1,2.493771,2.288783,1.352247,0.204988,1.141523,0.950193,1,0.2,4466,0.333333,0.0,0.0,0,0,0,0,0.0,4,0.8,top5,top5,1,1
1479,housing,or-gemma4-26b,North Carolina,yes_no,296,44,0,0,0.0,0,0.0,0.0,2,0,2,0,1,1.0,48.2,313,431,0,1,3.58881,,3.58881,0.0,0.0,3.58881,3.58881,0.0,1,1.0,699,0.235294,0.0,0.0,0,0,0,0,0.0,1,1.0,1,1.0,11.4,10420,640,0,5,3.58881,,3.58881,3.456534,3.136499,0.132276,0.452311,0.993709,1,0.2,48932,0.588235,0.0,0.0,0,0,0,0,0.0,2,0.4,1,1.0,7.0,12181,397,0,10,3.717545,,3.717545,3.588812,3.456535,0.128733,0.26101,0.959315,1,0.1,56992,0.794118,0.0,0.0,0,0,0,0,0.0,5,0.5,1,2.0,12.7,2558,685,0,5,2.621768,1,2.621768,2.537345,1.442505,0.084422,1.179262,0.911537,1,0.2,9479,0.644444,0.0,0.0,0,0,1,0,0.2,4,0.8,top10,top10,1,4
1483,housing,or-gemma4-26b,North Carolina,yes_no,259,49,0,0,0.0,0,0.0,0.0,2,0,3,0,0,1.0,15.6,440,430,0,1,1.6776,,1.6776,0.0,0.0,1.6776,1.6776,0.0,1,1.0,1300,0.419355,0.0,0.0,0,0,0,0,0.0,1,1.0,0,1.0,10.3,1312,438,0,5,4.79181,,4.79181,2.560453,1.70263,2.231356,3.089179,0.500004,1,0.2,4927,0.612903,0.0,0.0,0,0,0,0,0.0,5,1.0,0,1.0,11.6,2379,567,0,10,4.791809,,4.791809,3.365308,2.560454,1.426501,2.231355,0.720815,1,0.1,9430,0.774194,0.0,0.0,0,0,0,0,0.0,8,0.8,0,2.0,21.3,1694,766,1,5,3.755155,1,3.755155,2.731658,0.956619,1.023497,2.798536,0.742438,1,0.2,5516,0.560976,0.0,0.0,1,1,1,0,0.8,2,0.4,top5,top5,0,0
1484,housing,or-gemma4-26b,North Carolina,yes_no,76,14,0,0,0.0,0,0.0,0.0,1,0,2,0,0,1.0,3.9,227,303,0,1,5.822575,,5.822575,0.0,0.0,5.822575,5.822575,0.0,1,1.0,484,0.416667,0.0,0.0,0,0,0,0,0.0,1,1.0,0,1.0,3.4,868,446,0,5,5.822575,,5.822575,5.567362,5.372873,0.255213,0.449702,0.992869,1,0.2,3167,0.75,0.0,0.0,0,0,0,0,0.0,5,1.0,0,1.0,3.9,1520,477,0,10,5.822577,,5.822577,5.567366,5.415497,0.255211,0.40708,0.98491,1,0.1,5956,0.75,0.0,0.0,0,0,0,0,0.0,10,1.0,0,2.0,10.2,1607,659,0,5,4.82516,1,4.82516,4.793499,2.98098,0.031662,1.84418,0.880414,1,0.2,6159,0.478261,0.0,0.0,0,0,0,0,0.0,5,1.0,top5,top5,0,0
1629,housing,or-gemma4-26b,Rhode Island,yes_no,64,10,0,0,0.0,0,0.0,0.0,1,0,2,0,0,1.0,6.9,271,390,0,1,5.139025,,5.139025,0.0,0.0,5.139025,5.139025,0.0,1,1.0,699,0.5,0.0,0.0,0,0,0,0,0.0,1,1.0,0,1.0,8.5,944,501,0,5,5.139025,,5.139025,4.93872,0.527987,0.200305,4.611038,0.661467,1,0.2,3621,0.625,0.0,0.0,0,0,0,0,0.0,4,0.8,0,1.0,8.3,1668,370,0,10,5.139026,,5.139026,4.938718,3.132532,0.200308,2.006495,0.681309,1,0.1,6711,0.75,0.0,0.0,0,0,0,0,0.0,8,0.8,0,2.0,16.1,1801,575,0,5,5.036,1,5.036,2.341849,1.568483,2.69415,3.467517,0.389102,1,0.2,6692,0.55,0.0,0.0,0,0,0,0,0.0,5,1.0,top1,top1,0,0
1639,housing,or-gemma4-26b,South Carolina,yes_no,83,13,0,0,0.0,0,0.0,0.0,1,0,2,0,0,1.0,7.8,1284,401,0,1,6.054725,,6.054725,0.0,0.0,6.054725,6.054725,0.0,1,1.0,5726,0.818182,0.0,0.0,0,0,0,0,0.0,1,1.0,0,1.0,2.9,2498,311,0,5,6.054726,,6.054726,5.095821,0.729647,0.958904,5.325078,0.61327,1,0.2,11525,0.909091,0.0,0.0,0,0,0,0,0.0,4,0.8,0,1.0,38.3,4875,752,0,10,6.054727,,6.054727,5.095819,2.51637,0.958907,3.538357,0.528228,1,0.1,22313,1.0,0.0,0.0,0,0,0,0,0.0,8,0.8,0,2.0,11.3,3296,559,0,5,6.337479,1,6.337479,4.665381,1.659564,1.672098,4.677914,0.521123,1,0.2,14054,0.565217,0.0,0.0,0,0,0,0,0.0,4,0.8,top5,top5,0,0
1644,housing,or-gemma4-26b,South Carolina,yes_no,208,36,0,0,0.0,0,0.0,0.0,2,0,2,1,0,1.0,2.5,473,388,0,1,2.136397,,2.136397,0.0,0.0,2.136397,2.136397,0.0,1,1.0,1470,0.538462,0.0,0.0,0,0,0,0,0.0,1,1.0,0,1.0,14.0,2218,754,0,5,3.119561,,3.119561,2.136397,0.916066,0.983165,2.203495,0.79963,1,0.2,9166,0.769231,0.0,0.0,0,0,0,0,0.0,4,0.8,0,1.0,12.6,3929,745,0,10,3.119562,,3.119562,2.136396,1.174833,0.983166,1.944729,0.80882,1,0.1,16773,0.807692,0.0,0.0,0,0,0,0,0.0,7,0.7,0,2.0,12.2,3074,536,0,5,6.511106,1,6.511106,6.363891,5.495868,0.147215,1.015237,0.957515,1,0.2,12427,0.555556,0.0,0.0,0,0,0,0,0.0,4,0.8,top1,top1,0,0
168,housing,or-gemma4-26b,California,yes_no,138,26,0,0,0.0,0,0.0,0.0,1,0,2,1,1,1.0,4.9,453,375,0,1,5.458728,,5.458728,0.0,0.0,5.458728,5.458728,0.0,1,1.0,1496,0.681818,0.0,0.0,0,0,0,0,0.0,1,1.0,0,1.0,9.8,1565,927,0,5,5.875949,,5.875949,5.458729,3.971604,0.417221,1.904346,0.838587,1,0.2,6059,0.772727,0.0,0.0,0,0,0,0,0.0,5,1.0,0,1.0,10.5,6533,750,0,10,5.875949,,5.875949,5.458728,3.971601,0.417222,1.904348,0.78294,1,0.1,28500,0.909091,0.0,0.0,0,0,0,0,0.0,9,0.9,0,2.0,57.1,1081,1277,0,5,5.767478,1,5.767478,5.138204,4.843618,0.629273,0.923859,0.952762,1,0.2,2891,0.5,0.0,0.0,0,0,0,0,0.0,5,1.0,top1,top1,1,1
1772,housing,or-gemma4-26b,Virginia,yes_no,83,13,0,0,0.0,0,0.0,0.0,1,0,2,0,0,1.0,1.7,1283,262,0,1,6.054725,,6.054725,0.0,0.0,6.054725,6.054725,0.0,1,1.0,5726,0.818182,0.0,0.0,0,0,0,0,0.0,1,1.0,0,1.0,4.6,2497,435,0,5,6.054726,,6.054726,5.095821,0.729647,0.958904,5.325078,0.61327,1,0.2,11525,0.909091,0.0,0.0,0,0,1,0,0.2,4,0.8,1,1.0,17.9,4874,958,0,10,6.054727,,6.054727,5.095819,2.51637,0.958907,3.538357,0.528228,1,0.1,22313,1.0,0.0,0.0,0,0,1,0,0.1,8,0.8,0,2.0,9.9,1987,471,0,5,5.461055,1,5.461055,5.429644,4.739228,0.031411,0.721827,0.968142,1,0.2,7718,0.590909,0.0,0.0,0,0,0,0,0.0,5,1.0,top10,top10,1,1
1789,housing,or-gemma4-26b,Virginia,yes_no,85,16,0,0,0.0,0,0.0,0.0,1,0,2,0,1,1.0,8.8,250,671,0,1,0.604761,,0.604761,0.0,0.0,0.604761,0.604761,0.0,1,1.0,678,0.384615,0.0,0.0,0,0,0,0,0.0,1,1.0,0,1.0,14.8,2250,1066,0,5,4.714661,,4.714661,0.60476,-0.947888,4.109901,5.662549,0.109555,1,0.2,10237,0.769231,0.0,0.0,0,0,0,0,0.0,5,1.0,1,1.0,19.6,3378,799,0,10,4.714662,,4.714662,0.725408,-0.01835,3.989254,4.733013,0.170889,1,0.1,14817,0.846154,0.0,0.0,0,0,1,0,0.2,9,0.9,0,2.0,42.9,811,886,0,5,5.8432,1,5.8432,3.795077,3.348841,2.048123,2.494359,0.629892,1,0.2,1928,0.375,0.0,0.0,0,0,0,0,0.0,5,1.0,top1,top1,1,2
179,housing,or-gemma4-26b,Iowa,yes_no,138,26,0,0,0.0,0,0.0,0.0,1,0,2,1,0,1.0,4.0,453,422,0,1,5.458728,,5.458728,0.0,0.0,5.458728,5.458728,0.0,1,1.0,1496,0.681818,0.0,0.0,0,0,0,0,0.0,1,1.0,0,1.0,76.2,1565,943,0,5,5.875949,,5.875949,5.458729,3.971604,0.417221,1.904346,0.838587,1,0.2,6059,0.772727,0.0,0.0,0,0,0,0,0.0,5,1.0,0,1.0,17.0,6533,646,0,10,5.875949,,5.875949,5.458728,3.971601,0.417222,1.904348,0.78294,1,0.1,28500,0.909091,0.0,0.0,0,0,0,0,0.0,9,0.9,0,2.0,23.2,1961,999,0,5,4.566221,1,4.566221,4.426715,4.195003,0.139506,0.371218,0.995773,1,0.2,6989,0.71875,0.0,0.0,0,0,0,0,0.0,5,1.0,top1,top1,0,0
1815,housing,or-gemma4-26b,West Virginia,yes_no,208,36,0,0,0.0,0,0.0,0.0,2,0,2,1,0,1.0,6.8,473,396,0,1,2.136397,,2.136397,0.0,0.0,2.136397,2.136397,0.0,1,1.0,1470,0.538462,0.0,0.0,0,0,0,0,0.0,1,1.0,0,1.0,5.0,2218,785,0,5,3.119561,,3.119561,2.136397,0.916066,0.983165,2.203495,0.79963,1,0.2,9166,0.769231,0.0,0.0,0,0,0,0,0.0,4,0.8,0,1.0,8.7,3929,777,0,10,3.119562,,3.119562,2.136396,1.174833,0.983166,1.944729,0.80882,1,0.1,16773,0.807692,0.0,0.0,0,0,0,0,0.0,7,0.7,0,2.0,8.0,2758,634,0,5,6.354815,1,6.354815,6.25095,4.864412,0.103864,1.490402,0.942383,1,0.2,10604,0.527778,0.0,0.0,0,0,0,0,0.0,4,0.8,top5,top5,0,0
1830,housing,or-gemma4-26b,Wisconsin,yes_no,290,47,0,0,0.0,0,0.0,0.0,2,0,2,0,0,1.0,8.0,315,367,0,1,4.081405,,4.081405,0.0,0.0,4.081405,4.081405,0.0,1,1.0,699,0.46875,0.0,0.0,0,0,0,0,0.0,1,1.0,0,1.0,8.8,3193,731,0,5,4.081406,,4.081406,3.887963,2.146357,0.193443,1.935049,0.83583,1,0.2,13925,0.90625,0.0,0.0,0,0,0,0,0.0,4,0.8,1,1.0,16.6,13537,737,0,10,4.081406,,4.081406,3.887964,2.188146,0.193442,1.893259,0.814576,1,0.1,63255,0.90625,0.0,0.0,0,0,0,0,0.0,6,0.6,0,2.0,12.2,12043,964,0,5,5.840866,1,5.840866,4.89533,4.649924,0.945535,1.190942,0.910124,1,0.2,54757,0.804878,0.0,0.0,0,0,0,0,0.0,2,0.4,top10,top10,1,1
1833,housing,or-gemma4-26b,Wisconsin,yes_no,267,45,0,0,0.0,0,0.0,0.0,2,0,4,0,1,1.0,10.1,275,408,0,1,4.824112,,4.824112,0.0,0.0,4.824112,4.824112,0.0,1,1.0,611,0.448276,0.0,0.0,0,0,0,0,0.0,1,1.0,1,1.0,7.7,1872,358,0,5,5.100726,,5.100726,4.953669,3.719635,0.147057,1.381091,0.951439,1,0.2,8291,0.655172,0.0,0.0,0,0,0,0,0.0,5,1.0,1,1.0,8.6,3886,409,0,10,5.100724,,5.100724,4.953667,4.044312,0.147058,1.056412,0.923442,1,0.1,17881,0.724138,0.0,0.0,0,0,0,0,0.0,9,0.9,1,2.0,12.4,4627,738,0,5,7.917933,1,7.917933,7.850006,7.304322,0.067927,0.613611,0.985786,1,0.2,21420,0.666667,0.0,0.0,0,0,0,0,0.0,5,1.0,top5,top5,1,4
1945,housing,or-gemma4-26b,Delaware,yes_no,74,13,0,0,0.0,0,0.0,0.0,1,0,2,0,1,1.0,3.9,725,415,0,1,-2.073876,,-2.073876,0.0,0.0,-2.073876,-2.073876,0.0,1,1.0,2499,0.5,0.0,0.0,0,0,0,0,0.0,1,1.0,1,1.0,7.6,1743,457,0,5,1.857826,,1.857826,-2.073873,-4.053885,3.931699,5.911711,0.124775,1,0.2,6766,0.7,0.0,0.0,0,1,1,0,0.2,5,1.0,1,1.0,7.1,3614,348,0,10,1.857827,,1.857827,0.055737,-2.461195,1.80209,4.319022,0.325807,1,0.1,14687,0.7,0.0,0.0,0,1,1,0,0.1,8,0.8,1,2.0,16.9,2704,857,1,5,2.050724,1,2.050724,1.815191,1.225331,0.235533,0.825393,0.977763,1,0.2,10856,0.619048,0.0,0.0,4,0,1,0,0.6,3,0.6,top1,top1,1,4
1984,housing,or-gemma4-26b,Idaho,yes_no,82,16,0,0,0.0,0,0.0,0.0,1,0,2,1,0,1.0,3.3,269,554,0,1,1.112585,,1.112585,0.0,0.0,1.112585,1.112585,0.0,1,1.0,816,0.307692,0.0,0.0,0,0,0,0,0.0,1,1.0,1,1.0,12.1,1116,483,0,5,2.237623,,2.237623,1.862533,0.643418,0.37509,1.594205,0.895288,1,0.2,4638,0.615385,0.0,0.0,0,0,0,0,0.0,5,1.0,0,1.0,6.9,2400,621,0,10,2.237624,,2.237624,1.910915,1.112585,0.326709,1.125039,0.887497,1,0.1,10710,0.769231,0.0,0.0,0,0,0,0,0.0,10,1.0,0,2.0,31.6,2205,788,0,5,0.385903,1,0.385903,-0.122288,-0.721736,0.50819,1.107639,0.950415,1,0.2,7629,0.666667,0.0,0.0,0,1,1,1,1.0,1,0.2,top5,top5,1,1
1997,housing,or-gemma4-26b,Illinois,yes_no,85,15,0,0,0.0,0,0.0,0.0,1,0,2,0,1,1.0,11.2,363,457,0,1,-0.963054,,-0.963054,0.0,0.0,-0.963054,-0.963054,0.0,1,1.0,1227,0.363636,0.0,0.0,0,0,0,0,0.0,1,1.0,1,1.0,10.6,1213,456,0,5,0.795987,,0.795987,0.723989,-0.087169,0.071998,0.883156,0.963767,1,0.2,4866,0.454545,0.0,0.0,0,0,0,0,0.0,5,1.0,1,1.0,10.3,3965,547,0,10,2.242362,,2.242362,1.75591,0.443982,0.486452,1.798379,0.803025,1,0.1,17232,0.636364,0.0,0.0,0,0,1,0,0.1,10,1.0,1,2.0,15.9,1176,776,0,5,1.846429,1,1.846429,0.978215,0.279955,0.868214,1.566474,0.868827,1,0.2,3569,0.409091,0.0,0.0,0,0,0,0,0.0,5,1.0,top10,top10,1,4
201,housing,or-gemma4-26b,Rhode Island,yes_no,138,26,0,0,0.0,0,0.0,0.0,1,0,2,1,0,1.0,3.9,454,374,0,1,5.458728,,5.458728,0.0,0.0,5.458728,5.458728,0.0,1,1.0,1496,0.681818,0.0,0.0,0,0,0,0,0.0,1,1.0,1,1.0,9.3,1566,485,1,5,5.875949,,5.875949,5.458729,3.971604,0.417221,1.904346,0.838587,1,0.2,6059,0.772727,0.0,0.0,1,1,1,0,0.2,5,1.0,1,1.0,5.7,6534,285,1,10,5.875949,,5.875949,5.458728,3.971601,0.417222,1.904348,0.78294,1,0.1,28500,0.909091,0.0,0.0,1,1,1,0,0.2,9,0.9,0,2.0,53.2,2042,661,1,5,2.276045,1,2.276045,1.922999,1.113804,0.353046,1.162241,0.936699,1,0.2,7034,0.666667,0.0,0.0,2,0,1,0,0.4,4,0.8,top10,top10,1,2
2048,housing,or-gemma4-26b,Massachusetts,yes_no,61,12,0,0,0.0,0,0.0,0.0,1,0,2,0,0,1.0,27.9,290,631,0,1,3.036346,,3.036346,0.0,0.0,3.036346,3.036346,0.0,1,1.0,932,0.444444,0.0,0.0,0,0,0,0,0.0,1,1.0,0,1.0,4.5,1401,562,0,5,5.311011,,5.311011,3.036344,1.451004,2.274668,3.860008,0.375478,1,0.2,6005,0.666667,0.0,0.0,0,0,1,0,0.2,5,1.0,0,1.0,8.2,2867,431,0,10,5.311013,,5.311013,4.079095,2.738692,1.231917,2.57232,0.644638,1,0.1,12916,0.666667,0.0,0.0,0,0,0,0,0.0,9,0.9,0,2.0,13.5,2568,709,0,5,0.365708,1,0.365708,-0.056491,-0.478428,0.422199,0.844137,0.965511,1,0.2,11108,0.6,0.0,0.0,0,1,1,0,0.6,3,0.6,top5,top5,0,0
2084,housing,or-gemma4-26b,Montana,yes_no,61,12,0,0,0.0,0,0.0,0.0,1,0,2,0,1,1.0,9.7,290,344,0,1,3.036346,,3.036346,0.0,0.0,3.036346,3.036346,0.0,1,1.0,932,0.444444,0.0,0.0,0,0,0,0,0.0,1,1.0,1,1.0,7.4,1401,602,0,5,5.311011,,5.311011,3.036344,1.451004,2.274668,3.860008,0.375478,1,0.2,6005,0.666667,0.0,0.0,0,0,1,0,0.2,5,1.0,1,1.0,3.6,2867,409,0,10,5.311013,,5.311013,4.079095,2.738692,1.231917,2.57232,0.644638,1,0.1,12916,0.666667,0.0,0.0,0,0,1,0,0.1,9,0.9,1,2.0,27.3,4435,714,0,5,7.049922,1,7.049922,6.865366,6.226486,0.184556,0.823436,0.966629,1,0.2,18751,0.65,0.0,0.0,0,0,0,0,0.0,5,1.0,top10,top10,1,4
2093,housing,or-gemma4-26b,Nebraska,yes_no,61,12,0,0,0.0,0,0.0,0.0,1,0,2,0,0,1.0,15.7,290,423,0,1,3.036346,,3.036346,0.0,0.0,3.036346,3.036346,0.0,1,1.0,932,0.444444,0.0,0.0,0,0,0,0,0.0,1,1.0,0,1.0,8.2,1401,364,0,5,5.311011,,5.311011,3.036344,1.451004,2.274668,3.860008,0.375478,1,0.2,6005,0.666667,0.0,0.0,0,0,0,0,0.0,5,1.0,1,1.0,111.0,2867,635,0,10,5.311013,,5.311013,4.079095,2.738692,1.231917,2.57232,0.644638,1,0.1,12916,0.666667,0.0,0.0,0,0,0,0,0.0,9,0.9,0,2.0,6.6,1381,592,0,5,6.142704,1,6.142704,5.521554,4.877407,0.62115,1.265297,0.927948,1,0.2,4724,0.35,0.0,0.0,0,0,0,0,0.0,5,1.0,top10,top10,1,1
2219,housing,or-gemma4-26b,Texas,yes_no,61,12,0,0,0.0,0,0.0,0.0,1,0,2,0,1,1.0,6.7,290,595,0,1,3.036346,,3.036346,0.0,0.0,3.036346,3.036346,0.0,1,1.0,932,0.444444,0.0,0.0,0,0,0,0,0.0,1,1.0,1,1.0,165.2,1401,511,0,5,5.311011,,5.311011,3.036344,1.451004,2.274668,3.860008,0.375478,1,0.2,6005,0.666667,0.0,0.0,0,0,0,0,0.0,5,1.0,1,1.0,40.6,2867,1097,0,10,5.311013,,5.311013,4.079095,2.738692,1.231917,2.57232,0.644638,1,0.1,12916,0.666667,0.0,0.0,0,0,0,0,0.0,9,0.9,1,2.0,20.1,2494,1207,0,5,2.127525,1,2.127525,1.567182,0.303107,0.560344,1.824419,0.87874,1,0.2,10030,0.7,0.0,0.0,0,0,0,0,0.0,5,1.0,top1,top1,1,4
2225,housing,or-gemma4-26b,Texas,yes_no,83,14,0,0,0.0,0,0.0,0.0,1,0,3,0,1,1.0,4.5,313,590,0,1,1.726736,,1.726736,0.0,0.0,1.726736,1.726736,0.0,1,1.0,902,0.5,0.0,0.0,0,0,0,0,0.0,1,1.0,1,1.0,5.6,1800,552,0,5,3.008196,,3.008196,2.337107,-0.237547,0.671089,3.245744,0.725897,1,0.2,7618,0.8,0.0,0.0,0,0,0,0,0.0,5,1.0,1,1.0,5.6,4753,426,0,10,3.008196,,3.008196,2.337106,0.901299,0.671091,2.106897,0.754512,1,0.1,21140,0.9,0.0,0.0,0,0,0,0,0.0,10,1.0,1,2.0,9.3,974,952,0,5,4.773331,1,4.773331,4.719628,4.020756,0.053703,0.752575,0.981121,1,0.2,2813,0.333333,0.0,0.0,0,0,0,0,0.0,4,0.8,top1,top1,1,4
2303,housing,or-gemma4-26b,Connecticut,yes_no,65,10,0,0,0.0,0,0.0,0.0,1,0,1,0,0,1.0,1.9,204,327,0,1,2.120265,,2.120265,0.0,0.0,2.120265,2.120265,0.0,1,1.0,380,0.333333,0.0,0.0,0,0,0,0,0.0,1,1.0,0,1.0,5.9,799,390,0,5,6.422722,,6.422722,5.298676,2.120267,1.124045,4.302455,0.510623,1,0.2,2974,0.333333,0.0,0.0,0,0,0,0,0.0,5,1.0,0,1.0,20.9,1648,540,0,10,6.422722,,6.422722,5.298676,3.031733,1.124045,3.390989,0.532985,1,0.1,6779,0.555556,0.0,0.0,0,0,0,0,0.0,8,0.8,0,2.0,8.8,1398,966,0,5,3.694925,1,3.694925,1.564457,-0.337426,2.130468,4.032351,0.505587,1,0.2,4507,0.4,0.0,0.0,0,0,0,0,0.0,4,0.8,top1,top1,0,0
244,housing,or-gemma4-26b,Delaware,yes_no,84,12,0,0,0.0,0,0.0,0.0,1,0,0,0,1,1.0,4.0,241,343,0,1,-0.680181,,-0.680181,0.0,0.0,-0.680181,-0.680181,0.0,1,1.0,536,0.272727,0.0,0.0,0,0,0,0,0.0,1,1.0,1,1.0,10.8,1190,347,0,5,0.482265,,0.482265,0.412449,-2.604682,0.069817,3.086947,0.807628,1,0.2,4019,0.545455,0.0,0.0,0,0,0,0,0.0,4,0.8,1,1.0,16.6,1621,337,0,10,1.556956,,1.556956,0.678797,0.20413,0.878159,1.352826,0.790527,1,0.1,5745,0.727273,0.0,0.0,0,0,0,0,0.0,7,0.7,1,2.0,9.7,906,653,0,5,3.80347,1,3.80347,3.146771,1.494618,0.656699,2.308852,0.760074,1,0.2,2338,0.333333,0.0,0.0,0,0,1,0,0.4,3,0.6,top1,top1,1,4
2498,housing,or-gemma4-26b,Tennessee,yes_no,60,10,0,0,0.0,0,0.0,0.0,1,0,2,0,1,1.0,4.6,197,228,1,1,5.800867,,5.800867,0.0,0.0,5.800867,5.800867,0.0,1,1.0,545,0.555556,0.0,0.0,1,1,1,1,1.0,1,1.0,0,1.0,16.1,855,937,1,5,5.800867,,5.800867,5.701389,5.235816,0.099478,0.565051,0.986188,1,0.2,3432,0.666667,0.0,0.0,1,1,1,0,0.2,5,1.0,1,1.0,14.1,1625,545,1,10,5.921321,,5.921321,5.800867,5.406155,0.120454,0.515166,0.98301,1,0.1,6926,0.666667,0.0,0.0,2,0,1,0,0.1,10,1.0,1,2.0,12.6,1258,677,1,5,3.192848,1,3.192848,1.685846,1.08982,1.507003,2.103028,0.736305,1,0.2,4014,0.5,0.0,0.0,5,0,1,0,0.2,5,1.0,top1,top1,1,3
2527,housing,or-gemma4-26b,Washington,yes_no,69,11,0,0,0.0,0,0.0,0.0,1,0,1,0,1,1.0,6.0,280,434,0,1,6.950394,,6.950394,0.0,0.0,6.950394,6.950394,0.0,1,1.0,692,0.666667,0.0,0.0,0,0,0,0,0.0,1,1.0,1,1.0,14.0,897,805,0,5,6.950394,,6.950394,6.298339,6.107693,0.652054,0.8427,0.965605,1,0.2,3643,0.777778,0.0,0.0,0,0,0,0,0.0,5,1.0,1,1.0,12.7,1632,972,0,10,6.950394,,6.950394,6.29834,6.107693,0.652054,0.8427,0.968108,1,0.1,6809,0.888889,0.0,0.0,0,0,0,0,0.0,10,1.0,1,2.0,28.1,1331,881,0,5,2.609538,1,2.609538,1.695149,1.542214,0.914389,1.067324,0.933427,1,0.2,4295,0.45,0.0,0.0,0,0,0,0,0.0,4,0.8,top1,top1,1,4
2544,housing,or-gemma4-26b,Alabama,yes_no,71,13,0,0,0.0,0,0.0,0.0,1,0,1,0,0,1.0,4.0,201,354,0,1,3.541127,,3.541127,0.0,0.0,3.541127,3.541127,0.0,1,1.0,336,0.636364,0.0,0.0,0,0,0,0,0.0,1,1.0,0,1.0,6.8,4802,428,0,5,3.541129,,3.541129,0.106196,-2.895879,3.434933,6.437008,0.153446,1,0.2,22351,0.818182,0.0,0.0,0,0,0,0,0.0,5,1.0,0,1.0,6.0,15268,390,0,10,3.541129,,3.541129,0.88766,-1.977873,2.653469,5.519001,0.220831,1,0.1,70039,0.909091,0.0,0.0,0,0,0,0,0.0,9,0.9,0,2.0,18.4,8503,863,0,5,5.272359,1,5.272359,4.940472,3.014876,0.331887,2.257483,0.825898,1,0.2,37713,0.761905,0.0,0.0,0,0,0,0,0.0,5,1.0,top1,top1,0,0
2604,housing,or-gemma4-26b,California,yes_no,71,13,0,0,0.0,0,0.0,0.0,1,0,1,0,0,1.0,6.5,201,394,0,1,3.541127,,3.541127,0.0,0.0,3.541127,3.541127,0.0,1,1.0,336,0.636364,0.0,0.0,0,0,0,0,0.0,1,1.0,0,1.0,5.4,4802,454,0,5,3.541129,,3.541129,0.106196,-2.895879,3.434933,6.437008,0.153446,1,0.2,22351,0.818182,0.0,0.0,0,0,0,0,0.0,5,1.0,0,1.0,7.3,15268,783,0,10,3.541129,,3.541129,0.88766,-1.977873,2.653469,5.519001,0.220831,1,0.1,70039,0.909091,0.0,0.0,0,0,0,0,0.0,9,0.9,0,2.0,53.2,7855,669,0,5,3.976245,1,3.976245,3.523786,2.876466,0.452459,1.099778,0.958359,1,0.2,33859,0.761905,0.0,0.0,0,0,0,0,0.0,5,1.0,top5,top5,0,0
2677,housing,or-gemma4-26b,Florida,yes_no,211,35,0,0,0.0,0,0.0,0.0,2,0,1,0,1,1.0,40.0,5285,518,0,1,0.55849,,0.55849,0.0,0.0,0.55849,0.55849,0.0,1,1.0,22966,0.90625,0.0,0.0,0,0,0,0,0.0,1,1.0,1,1.0,5.3,7690,641,0,5,0.797092,,0.797092,0.558489,0.255356,0.238603,0.541736,0.98945,1,0.2,32615,0.96875,0.0,0.0,0,0,0,0,0.0,5,1.0,1,1.0,10.0,14963,417,1,10,0.797093,,0.797093,0.558489,0.255356,0.238603,0.541737,0.9337,1,0.1,67056,0.96875,0.0,0.0,8,0,1,0,0.1,10,1.0,1,2.0,14.5,9572,823,1,5,6.175696,1,6.175696,6.02507,5.232697,0.150627,0.942999,0.96069,1,0.2,40521,0.829268,0.0,0.0,4,0,1,0,0.2,5,1.0,top5,top5,1,4
273,housing,or-gemma4-26b,Oregon,yes_no,84,12,0,0,0.0,0,0.0,0.0,1,0,0,0,1,1.0,5.3,241,316,0,1,-0.680181,,-0.680181,0.0,0.0,-0.680181,-0.680181,0.0,1,1.0,536,0.272727,0.0,0.0,0,0,0,0,0.0,1,1.0,0,1.0,14.4,1190,681,0,5,0.482265,,0.482265,0.412449,-2.604682,0.069817,3.086947,0.807628,1,0.2,4019,0.545455,0.0,0.0,0,0,0,0,0.0,4,0.8,1,1.0,4.6,1621,443,0,10,1.556956,,1.556956,0.678797,0.20413,0.878159,1.352826,0.790527,1,0.1,5745,0.727273,0.0,0.0,0,0,0,0,0.0,7,0.7,1,2.0,40.1,1013,770,0,5,2.987252,1,2.987252,2.935556,1.879477,0.051696,1.107776,0.965817,1,0.2,2530,0.333333,0.0,0.0,0,0,1,0,0.2,4,0.8,top10,top10,1,3
275,housing,or-gemma4-26b,Rhode Island,yes_no,84,12,0,0,0.0,0,0.0,0.0,1,0,0,0,0,1.0,4.6,242,299,0,1,-0.680181,,-0.680181,0.0,0.0,-0.680181,-0.680181,0.0,1,1.0,536,0.272727,0.0,0.0,0,0,0,0,0.0,1,1.0,0,1.0,10.9,1191,608,0,5,0.482265,,0.482265,0.412449,-2.604682,0.069817,3.086947,0.807628,1,0.2,4019,0.545455,0.0,0.0,0,0,0,0,0.0,4,0.8,1,1.0,3.5,1622,446,0,10,1.556956,,1.556956,0.678797,0.20413,0.878159,1.352826,0.790527,1,0.1,5745,0.727273,0.0,0.0,0,0,0,0,0.0,7,0.7,1,2.0,12.0,1263,568,0,5,0.336088,1,0.336088,-0.665933,-1.744255,1.002021,2.080343,0.869208,1,0.2,4043,0.409091,0.0,0.0,0,0,1,0,0.4,4,0.8,top10,top10,1,2
2835,housing,or-gemma4-26b,Louisiana,yes_no,69,12,0,0,0.0,0,0.0,0.0,1,0,1,0,0,1.0,1.4,427,221,0,1,3.678813,,3.678813,0.0,0.0,3.678813,3.678813,0.0,1,1.0,1529,0.545455,0.0,0.0,0,0,0,0,0.0,1,1.0,0,1.0,6.0,2387,348,0,5,5.268384,,5.268384,5.103703,2.822723,0.16468,2.445661,0.776336,1,0.2,10724,0.818182,0.0,0.0,0,0,0,0,0.0,3,0.6,0,1.0,21.6,3613,1996,0,10,5.268384,,5.268384,5.103702,2.822722,0.164681,2.445662,0.643624,1,0.1,15866,0.909091,0.0,0.0,0,0,0,0,0.0,5,0.5,0,2.0,111.8,1206,895,0,5,2.092034,1,2.092034,1.661966,0.766378,0.430068,1.325655,0.947809,1,0.2,3554,0.409091,0.0,0.0,0,0,0,0,0.0,5,1.0,top1,top1,0,0
2945,housing,or-gemma4-26b,Nebraska,yes_no,66,12,0,0,0.0,0,0.0,0.0,1,0,1,0,0,1.0,9.2,196,637,0,1,3.89007,,3.89007,0.0,0.0,3.89007,3.89007,0.0,1,1.0,336,0.727273,0.0,0.0,0,0,0,0,0.0,1,1.0,0,1.0,10.4,8751,885,0,5,3.890072,,3.890072,2.942896,1.667472,0.947176,2.2226,0.837508,1,0.2,41420,0.909091,0.0,0.0,0,0,0,0,0.0,5,1.0,0,1.0,13.0,11544,788,0,10,3.890072,,3.890072,2.942895,1.667473,0.947176,2.222599,0.743304,1,0.1,53928,0.909091,0.0,0.0,0,0,0,0,0.0,8,0.8,0,2.0,20.2,6233,1431,0,5,3.827165,1,3.827165,3.194549,1.783526,0.632616,2.043639,0.850855,1,0.2,27083,0.772727,0.0,0.0,0,0,0,0,0.0,5,1.0,top1,top1,0,0
2976,housing,or-gemma4-26b,New Hampshire,yes_no,190,28,0,0,0.0,0,0.0,0.0,1,0,2,0,1,1.0,3.5,246,467,0,1,2.256343,,2.256343,0.0,0.0,2.256343,2.256343,0.0,1,1.0,578,0.318182,0.0,0.0,0,0,0,0,0.0,1,1.0,0,1.0,7.4,3409,433,0,5,5.92693,,5.92693,5.101144,3.782682,0.825787,2.144248,0.773402,1,0.2,15860,0.818182,0.0,0.0,0,0,0,0,0.0,4,0.8,0,1.0,17.2,6807,552,0,10,5.926931,,5.926931,5.101145,3.958215,0.825786,1.968717,0.777041,1,0.1,31986,0.863636,0.0,0.0,0,0,0,0,0.0,7,0.7,0,2.0,9.4,1704,558,0,5,4.337739,1,4.337739,4.006055,2.840559,0.331684,1.497181,0.917057,1,0.2,6212,0.5625,0.0,0.0,0,0,0,0,0.0,5,1.0,top1,top1,1,1
3,housing,or-gemma4-26b,Arizona,yes_no,64,9,0,0,0.0,0,0.0,0.0,1,0,0,0,1,1.0,4.2,158,205,0,1,1.193793,,1.193793,0.0,0.0,1.193793,1.193793,0.0,1,1.0,195,0.125,0.0,0.0,0,0,0,0,0.0,1,1.0,1,1.0,8.0,774,447,0,5,1.193794,,1.193794,-2.331671,-5.94842,3.525465,7.142214,0.155361,1,0.2,2638,0.5,0.0,0.0,0,0,0,0,0.0,4,0.8,1,1.0,22.7,2519,961,0,10,1.557138,,1.557138,1.193794,-2.32482,0.363344,3.881958,0.457154,1,0.1,9965,0.75,0.0,0.0,0,0,0,0,0.0,7,0.7,1,2.0,10.4,666,524,0,5,3.8309,1,3.8309,3.545562,2.39526,0.285337,1.43564,0.932975,1,0.2,1382,0.388889,0.0,0.0,0,1,1,0,0.8,2,0.4,top1,top1,1,4
3006,housing,or-gemma4-26b,New Mexico,yes_no,190,28,0,0,0.0,0,0.0,0.0,1,0,2,0,1,1.0,6.4,246,439,0,1,2.256343,,2.256343,0.0,0.0,2.256343,2.256343,0.0,1,1.0,578,0.318182,0.0,0.0,0,0,0,0,0.0,1,1.0,0,1.0,80.7,3409,493,0,5,5.92693,,5.92693,5.101144,3.782682,0.825787,2.144248,0.773402,1,0.2,15860,0.818182,0.0,0.0,0,0,0,0,0.0,4,0.8,0,1.0,11.3,6807,640,0,10,5.926931,,5.926931,5.101145,3.958215,0.825786,1.968717,0.777041,1,0.1,31986,0.863636,0.0,0.0,0,0,0,0,0.0,7,0.7,0,2.0,24.2,2210,742,0,5,5.129526,1,5.129526,4.578411,4.001514,0.551116,1.128012,0.945371,1,0.2,7716,0.53125,0.0,0.0,0,0,0,0,0.0,5,1.0,top1,top1,1,1
3036,housing,or-gemma4-26b,North Carolina,yes_no,190,28,0,0,0.0,0,0.0,0.0,1,0,2,0,1,1.0,3.8,246,396,0,1,2.256343,,2.256343,0.0,0.0,2.256343,2.256343,0.0,1,1.0,578,0.318182,0.0,0.0,0,0,0,0,0.0,1,1.0,0,1.0,4.7,3409,397,0,5,5.92693,,5.92693,5.101144,3.782682,0.825787,2.144248,0.773402,1,0.2,15860,0.818182,0.0,0.0,0,0,0,0,0.0,4,0.8,0,1.0,22.7,6807,1068,0,10,5.926931,,5.926931,5.101145,3.958215,0.825786,1.968717,0.777041,1,0.1,31986,0.863636,0.0,0.0,0,0,0,0,0.0,7,0.7,0,2.0,17.9,1933,744,0,5,5.105062,1,5.105062,3.807482,2.460436,1.297581,2.644627,0.679398,1,0.2,6894,0.5625,0.0,0.0,0,1,1,0,0.6,3,0.6,top1,top1,1,1
3158,housing,or-gemma4-26b,Rhode Island,yes_no,69,12,0,0,0.0,0,0.0,0.0,1,0,1,0,1,1.0,9.5,197,361,0,1,2.962383,,2.962383,0.0,0.0,2.962383,2.962383,0.0,1,1.0,336,0.727273,0.0,0.0,0,0,0,0,0.0,1,1.0,1,1.0,7.2,8174,662,1,5,2.962383,,2.962383,2.678582,1.072464,0.283801,1.88992,0.848406,1,0.2,38113,0.818182,0.0,0.0,3,0,1,0,0.2,5,1.0,1,1.0,8.1,16734,561,1,10,2.975883,,2.975883,2.962384,1.890099,0.013499,1.085783,0.81529,1,0.1,75087,0.909091,0.0,0.0,4,0,1,0,0.1,9,0.9,1,2.0,5.4,11736,506,1,5,4.155977,1,4.155977,3.009579,0.622639,1.146398,3.533337,0.608636,1,0.2,52065,0.782609,0.0,0.0,4,1,1,0,0.6,3,0.6,top5,top5,1,4
3213,housing,or-gemma4-26b,Texas,yes_no,57,11,0,0,0.0,0,0.0,0.0,1,0,1,0,0,1.0,7.0,2526,325,0,1,0.812106,,0.812106,0.0,0.0,0.812106,0.812106,0.0,1,1.0,11688,0.7,0.0,0.0,0,0,0,0,0.0,1,1.0,0,1.0,20.0,7091,418,0,5,0.812106,,0.812106,-0.510635,-2.054778,1.322741,2.866884,0.608008,1,0.2,33028,0.9,0.0,0.0,0,0,0,0,0.0,5,1.0,0,1.0,33.9,14601,1316,0,10,1.955524,,1.955524,1.649592,0.422493,0.305933,1.533032,0.745296,1,0.1,67659,0.9,0.0,0.0,0,0,0,0,0.0,9,0.9,0,2.0,12.8,6836,1021,0,5,6.333446,1,6.333446,6.183978,4.828213,0.149468,1.505233,0.902799,1,0.2,29140,0.714286,0.0,0.0,0,0,0,0,0.0,5,1.0,top1,top1,0,0
3245,housing,or-gemma4-26b,Utah,yes_no,66,12,0,0,0.0,0,0.0,0.0,1,0,1,0,1,1.0,2.5,196,288,0,1,3.89007,,3.89007,0.0,0.0,3.89007,3.89007,0.0,1,1.0,336,0.727273,0.0,0.0,0,0,0,0,0.0,1,1.0,1,1.0,24.5,8751,1119,0,5,3.890072,,3.890072,2.942896,1.667472,0.947176,2.2226,0.837508,1,0.2,41420,0.909091,0.0,0.0,0,0,0,0,0.0,5,1.0,1,1.0,5.9,11544,600,1,10,3.890072,,3.890072,2.942895,1.667473,0.947176,2.222599,0.743304,1,0.1,53928,0.909091,0.0,0.0,10,0,1,0,0.1,8,0.8,1,2.0,10.1,6327,600,0,5,2.766988,1,2.766988,2.414852,1.425441,0.352135,1.341547,0.904609,1,0.2,27150,0.727273,0.0,0.0,0,0,0,0,0.0,5,1.0,top1,top1,1,4
3249,housing,or-gemma4-26b,Utah,yes_no,71,13,0,0,0.0,0,0.0,0.0,1,0,1,0,0,1.0,5.3,201,282,0,1,3.541127,,3.541127,0.0,0.0,3.541127,3.541127,0.0,1,1.0,336,0.636364,0.0,0.0,0,0,0,0,0.0,1,1.0,0,1.0,13.7,4802,461,0,5,3.541129,,3.541129,0.106196,-2.895879,3.434933,6.437008,0.153446,1,0.2,22351,0.818182,0.0,0.0,0,0,0,0,0.0,5,1.0,0,1.0,5.4,15268,540,0,10,3.541129,,3.541129,0.88766,-1.977873,2.653469,5.519001,0.220831,1,0.1,70039,0.909091,0.0,0.0,0,0,0,0,0.0,9,0.9,0,2.0,11.6,7433,670,0,5,3.571726,1,3.571726,3.11332,1.050617,0.458406,2.521109,0.836513,1,0.2,32016,0.809524,0.0,0.0,0,0,1,0,0.6,3,0.6,top1,top1,0,0
3262,housing,or-gemma4-26b,Vermont,yes_no,211,35,0,0,0.0,0,0.0,0.0,2,0,1,0,1,1.0,10.9,5285,513,0,1,0.55849,,0.55849,0.0,0.0,0.55849,0.55849,0.0,1,1.0,22966,0.90625,0.0,0.0,0,0,0,0,0.0,1,1.0,1,1.0,5.1,7690,421,0,5,0.797092,,0.797092,0.558489,0.255356,0.238603,0.541736,0.98945,1,0.2,32615,0.96875,0.0,0.0,0,0,0,0,0.0,5,1.0,1,1.0,6.9,14963,325,0,10,0.797093,,0.797093,0.558489,0.255356,0.238603,0.541737,0.9337,1,0.1,67056,0.96875,0.0,0.0,0,0,0,0,0.0,10,1.0,1,2.0,14.7,6760,815,0,5,5.464847,1,5.464847,4.882335,4.342966,0.582512,1.121881,0.927318,1,0.2,28884,0.707317,0.0,0.0,0,0,0,0,0.0,5,1.0,top5,top5,1,4
3268,housing,or-gemma4-26b,Vermont,yes_no,54,11,0,0,0.0,0,0.0,0.0,1,0,1,0,0,1.0,13.8,660,1501,0,1,1.957809,,1.957809,0.0,0.0,1.957809,1.957809,0.0,1,1.0,2496,0.8,0.0,0.0,0,0,0,0,0.0,1,1.0,0,1.0,10.8,1677,556,0,5,1.957808,,1.957808,1.637813,-0.003533,0.319995,1.961341,0.921318,1,0.2,6606,0.9,0.0,0.0,0,0,0,0,0.0,4,0.8,1,1.0,24.9,3818,553,0,10,1.957807,,1.957807,1.637811,1.304016,0.319996,0.653791,0.868228,1,0.1,16498,1.0,0.0,0.0,0,0,0,0,0.0,8,0.8,0,2.0,16.3,9381,985,0,5,4.38006,1,4.38006,1.995155,0.955586,2.384905,3.424475,0.468781,1,0.2,40754,0.761905,0.0,0.0,0,0,0,0,0.0,5,1.0,top10,top10,1,1
332,housing,or-gemma4-26b,Illinois,yes_no,70,10,0,0,0.0,0,0.0,0.0,1,0,0,0,0,1.0,3.4,199,254,0,1,-0.314167,,-0.314167,0.0,0.0,-0.314167,-0.314167,0.0,1,1.0,471,0.5,0.0,0.0,0,0,0,0,0.0,1,1.0,0,1.0,9.2,2748,447,0,5,-0.314165,,-0.314165,-1.294449,-1.783588,0.980284,1.469423,0.884179,1,0.2,11678,0.8,0.0,0.0,0,0,1,0,0.2,4,0.8,0,1.0,12.6,4662,570,0,10,-0.314166,,-0.314166,-1.294447,-1.783587,0.980282,1.469422,0.821367,1,0.1,19766,0.8,0.0,0.0,0,0,1,0,0.3,7,0.7,0,2.0,19.4,1595,545,0,5,0.804685,1,0.804685,0.785731,-0.142782,0.018954,0.947468,0.95633,1,0.2,5034,0.52381,0.0,0.0,0,0,0,0,0.0,4,0.8,top1,top1,0,0
3386,housing,or-gemma4-26b,New Hampshire,yes_no,123,22,0,0,0.0,0,0.0,0.0,1,0,2,0,0,1.0,4.3,163,401,0,1,5.75309,,5.75309,0.0,0.0,5.75309,5.75309,0.0,1,1.0,259,0.5,0.0,0.0,0,0,0,0,0.0,1,1.0,0,1.0,14.3,1217,885,0,5,5.753092,,5.753092,4.43495,2.536813,1.318142,3.216279,0.597521,1,0.2,4954,0.777778,0.0,0.0,0,0,0,0,0.0,5,1.0,0,1.0,4.6,2983,472,0,10,5.753092,,5.753092,4.434949,2.660213,1.318143,3.092879,0.569736,1,0.1,13109,0.888889,0.0,0.0,0,0,0,0,0.0,8,0.8,0,2.0,12.8,1252,607,0,5,4.86166,1,4.86166,4.067719,3.709134,0.793941,1.152526,0.931628,1,0.2,3671,0.448276,0.0,0.0,0,0,0,0,0.0,4,0.8,top1,top1,0,0
3410,housing,or-gemma4-26b,Vermont,yes_no,126,22,0,0,0.0,0,0.0,0.0,1,0,2,0,1,1.0,2.6,355,427,0,1,0.008012,,0.008012,0.0,0.0,0.008012,0.008012,0.0,1,1.0,1067,0.368421,0.0,0.0,0,0,0,0,0.0,1,1.0,1,1.0,6.9,1439,365,0,5,1.295815,,1.295815,0.008012,-1.01975,1.287802,2.315565,0.772713,1,0.2,5518,0.631579,0.0,0.0,0,0,0,0,0.0,4,0.8,1,1.0,9.0,4039,535,0,10,4.570952,,4.570952,1.295815,-0.202895,3.275138,4.773848,0.179083,1,0.1,18107,0.842105,0.0,0.0,0,0,0,0,0.0,8,0.8,1,2.0,13.8,2419,554,0,5,1.671468,1,1.671468,1.289492,-0.134591,0.381977,1.80606,0.870009,1,0.2,8492,0.535714,0.0,0.0,0,1,1,1,1.0,1,0.2,top1,top1,1,4
3452,housing,or-gemma4-26b,Maryland,yes_no,143,23,0,0,0.0,0,0.0,0.0,1,0,1,0,0,1.0,6.6,241,239,0,1,5.74442,,5.74442,0.0,0.0,5.74442,5.74442,0.0,1,1.0,543,0.473684,0.0,0.0,0,0,0,0,0.0,1,1.0,0,1.0,32.3,2696,1055,0,5,5.744419,,5.744419,3.152482,1.420321,2.591937,4.324098,0.319442,1,0.2,11355,0.842105,0.0,0.0,0,0,0,0,0.0,4,0.8,0,1.0,7.8,3862,695,0,10,5.74442,,5.74442,3.152483,1.420322,2.591937,4.324098,0.254689,1,0.1,16263,0.894737,0.0,0.0,0,0,0,0,0.0,8,0.8,1,2.0,61.3,2321,620,0,5,1.355771,1,1.355771,0.930288,-0.932627,0.425482,2.288397,0.823678,1,0.2,8311,0.758621,0.0,0.0,0,0,1,0,0.2,4,0.8,two_call,two_call,1,1
3455,housing,or-gemma4-26b,Massachusetts,yes_no,143,24,0,0,0.0,0,0.0,0.0,1,0,2,0,1,1.0,5.5,174,267,0,1,6.565639,,6.565639,0.0,0.0,6.565639,6.565639,0.0,1,1.0,296,0.380952,0.0,0.0,0,1,1,1,1.0,1,1.0,1,1.0,6.9,2788,415,0,5,6.56564,,6.56564,4.605938,2.238039,1.959702,4.327601,0.511475,1,0.2,12976,0.714286,0.0,0.0,0,1,1,0,0.6,3,0.6,0,1.0,15.1,6326,608,0,10,6.565639,,6.565639,4.605938,2.904659,1.959701,3.66098,0.435068,1,0.1,28595,0.809524,0.0,0.0,0,1,1,0,0.3,8,0.8,1,2.0,51.8,1663,998,0,5,3.494896,1,3.494896,2.632496,1.846142,0.8624,1.648754,0.87371,1,0.2,5579,0.483871,0.0,0.0,0,0,1,0,0.2,5,1.0,top1,top1,1,3
3514,housing,or-gemma4-26b,Alaska,yes_no,106,18,0,0,0.0,0,0.0,0.0,1,0,0,0,1,1.0,5.8,201,420,0,1,3.930354,,3.930354,0.0,0.0,3.930354,3.930354,0.0,1,1.0,334,0.333333,0.0,0.0,0,0,0,0,0.0,1,1.0,1,1.0,7.5,2657,492,0,5,4.264142,,4.264142,3.930356,2.717313,0.333786,1.546829,0.914467,1,0.2,10941,0.666667,0.0,0.0,0,0,0,0,0.0,5,1.0,1,1.0,4.1,6719,607,0,10,4.264142,,4.264142,3.930356,2.875283,0.333786,1.388859,0.885049,1,0.1,24568,0.933333,0.0,0.0,0,0,0,0,0.0,8,0.8,1,2.0,21.4,3178,1247,0,5,7.707629,1,7.707629,6.358721,5.530378,1.348908,2.177251,0.767989,1,0.2,11744,0.48,0.0,0.0,0,0,0,0,0.0,5,1.0,top10,top10,1,4
3557,housing,or-gemma4-26b,Colorado,yes_no,119,20,0,0,0.0,0,0.0,0.0,1,0,0,0,1,1.0,5.5,573,451,0,1,3.167137,,3.167137,0.0,0.0,3.167137,3.167137,0.0,1,1.0,1916,0.411765,0.0,0.0,0,0,0,0,0.0,1,1.0,1,1.0,7.1,1291,400,0,5,3.16714,,3.16714,2.856906,1.5796,0.310234,1.587539,0.911318,1,0.2,5061,0.705882,0.0,0.0,0,0,0,0,0.0,4,0.8,1,1.0,10.0,3176,469,0,10,3.28639,,3.28639,3.167136,2.420775,0.119253,0.865614,0.894769,1,0.1,12858,0.823529,0.0,0.0,0,0,0,0,0.0,6,0.6,0,2.0,7.4,867,477,0,5,5.385395,1,5.385395,4.139765,3.25808,1.245629,2.127314,0.798232,1,0.2,2450,0.269231,0.0,0.0,0,0,0,0,0.0,2,0.4,top1,top1,1,3
3596,housing,or-gemma4-26b,Florida,yes_no,129,20,0,0,0.0,0,0.0,0.0,1,0,0,0,1,1.0,13.5,204,419,0,1,3.246587,,3.246587,0.0,0.0,3.246587,3.246587,0.0,1,1.0,334,0.3125,0.0,0.0,0,0,0,0,0.0,1,1.0,1,1.0,5.6,2486,431,1,5,5.119812,,5.119812,5.017111,3.4614,0.102702,1.658413,0.833548,1,0.2,10391,0.625,0.0,0.0,5,0,1,0,0.2,4,0.8,1,1.0,16.7,3711,506,1,10,5.119814,,5.119814,5.017112,3.517619,0.102702,1.602195,0.850374,1,0.1,15591,0.75,0.0,0.0,6,0,1,0,0.2,7,0.7,0,2.0,13.0,1102,706,0,5,2.459623,1,2.459623,2.208944,-1.427076,0.250679,3.886699,0.662208,1,0.2,3098,0.461538,0.0,0.0,0,1,1,0,0.2,5,1.0,top5,top5,1,3
3617,housing,or-gemma4-26b,Idaho,yes_no,114,19,0,0,0.0,0,0.0,0.0,1,0,0,0,1,1.0,6.9,213,486,0,1,6.557083,,6.557083,0.0,0.0,6.557083,6.557083,0.0,1,1.0,427,0.5,0.0,0.0,0,0,0,0,0.0,1,1.0,1,1.0,6.3,2200,392,0,5,6.557082,,6.557082,5.947447,3.849466,0.609635,2.707616,0.70237,1,0.2,8799,0.6875,0.0,0.0,0,0,0,0,0.0,5,1.0,1,1.0,18.4,16967,1181,0,10,6.557084,,6.557084,5.947447,4.517963,0.609637,2.039121,0.764135,1,0.1,72493,0.875,0.0,0.0,0,0,0,0,0.0,8,0.8,1,2.0,27.5,1387,898,0,5,6.065169,1,6.065169,5.455987,5.246298,0.609182,0.818871,0.962969,1,0.2,4238,0.32,0.0,0.0,0,0,0,0,0.0,5,1.0,top5,top5,1,4
3624,housing,or-gemma4-26b,Illinois,yes_no,53,11,0,0,0.0,0,0.0,0.0,1,0,0,0,0,1.0,4.6,145,260,0,1,2.949627,,2.949627,0.0,0.0,2.949627,2.949627,0.0,1,1.0,169,0.7,0.0,0.0,0,0,0,0,0.0,1,1.0,1,1.0,5.5,976,590,0,5,4.50967,,4.50967,4.286848,3.265306,0.222823,1.244364,0.935302,1,0.2,3783,0.8,0.0,0.0,0,0,0,0,0.0,5,1.0,0,1.0,4.8,1864,574,0,10,5.453925,,5.453925,4.509669,3.586115,0.944256,1.86781,0.848515,1,0.1,7564,0.8,0.0,0.0,0,0,0,0,0.0,8,0.8,1,2.0,9.6,1168,538,0,5,0.021644,1,0.021644,-0.634486,-1.501198,0.65613,1.522842,0.908943,1,0.2,3482,0.52381,0.0,0.0,0,1,1,0,0.6,3,0.6,top5,top5,1,2
3672,housing,or-gemma4-26b,Maine,yes_no,137,22,0,0,0.0,0,0.0,0.0,1,0,0,0,0,1.0,8.4,437,416,0,1,7.559178,,7.559178,0.0,0.0,7.559178,7.559178,0.0,1,1.0,1527,0.5,0.0,0.0,0,0,0,0,0.0,1,1.0,0,1.0,9.0,1489,1123,0,5,7.993451,,7.993451,7.559177,6.609183,0.434274,1.384268,0.942559,1,0.2,6399,0.777778,0.0,0.0,0,0,0,0,0.0,4,0.8,0,1.0,4.5,3806,498,0,10,7.99345,,7.99345,7.695453,7.139834,0.297997,0.853616,0.943217,1,0.1,16031,0.944444,0.0,0.0,0,0,0,0,0.0,8,0.8,0,2.0,17.8,1279,629,0,5,8.060499,1,8.060499,8.032521,7.625491,0.027978,0.435008,0.992513,1,0.2,3283,0.444444,0.0,0.0,0,0,0,0,0.0,5,1.0,top10,top10,0,0
3675,housing,or-gemma4-26b,Maine,yes_no,122,19,0,0,0.0,0,0.0,0.0,1,0,0,0,1,1.0,5.5,202,376,0,1,5.088814,,5.088814,0.0,0.0,5.088814,5.088814,0.0,1,1.0,334,0.294118,0.0,0.0,0,0,0,0,0.0,1,1.0,1,1.0,9.6,1049,267,0,5,5.088813,,5.088813,5.02808,3.067358,0.060733,2.021455,0.888091,1,0.2,3758,0.529412,0.0,0.0,0,0,0,0,0.0,4,0.8,1,1.0,2.4,2609,399,0,10,5.088815,,5.088815,5.02808,3.636809,0.060735,1.452006,0.852774,1,0.1,10771,0.882353,0.0,0.0,0,0,0,0,0.0,7,0.7,1,2.0,26.3,864,529,0,5,1.88754,1,1.88754,1.885559,0.030028,0.001981,1.857512,0.888188,1,0.2,1987,0.307692,0.0,0.0,0,0,0,0,0.0,4,0.8,top10,top10,1,4
3704,housing,or-gemma4-26b,Michigan,yes_no,129,20,0,0,0.0,0,0.0,0.0,1,0,0,0,1,1.0,3.2,204,418,0,1,3.246587,,3.246587,0.0,0.0,3.246587,3.246587,0.0,1,1.0,334,0.3125,0.0,0.0,0,0,0,0,0.0,1,1.0,1,1.0,10.0,2486,1114,0,5,5.119812,,5.119812,5.017111,3.4614,0.102702,1.658413,0.833548,1,0.2,10391,0.625,0.0,0.0,0,0,0,0,0.0,4,0.8,1,1.0,21.5,3711,578,0,10,5.119814,,5.119814,5.017112,3.517619,0.102702,1.602195,0.850374,1,0.1,15591,0.75,0.0,0.0,0,0,0,0,0.0,7,0.7,1,2.0,21.5,2419,717,0,5,3.888705,1,3.888705,3.852894,3.46496,0.035811,0.423745,0.990361,1,0.2,9067,0.5,0.0,0.0,0,0,0,0,0.0,5,1.0,top1,top1,1,4
3706,housing,or-gemma4-26b,Mississippi,yes_no,114,18,0,0,0.0,0,0.0,0.0,1,0,0,0,1,1.0,7.6,201,411,0,1,5.615902,,5.615902,0.0,0.0,5.615902,5.615902,0.0,1,1.0,334,0.3125,0.0,0.0,0,0,0,0,0.0,1,1.0,1,1.0,6.4,1183,537,0,5,5.615902,,5.615902,4.791742,3.239184,0.82416,2.376719,0.822699,1,0.2,4479,0.625,0.0,0.0,0,0,0,0,0.0,5,1.0,1,1.0,2.6,3420,410,0,10,5.615901,,5.615901,4.946833,4.306107,0.669068,1.309794,0.877106,1,0.1,14264,0.8125,0.0,0.0,0,0,0,0,0.0,7,0.7,1,2.0,11.0,4381,576,0,5,3.356157,1,3.356157,3.273077,2.749475,0.083081,0.606683,0.985712,1,0.2,13401,0.72,0.0,0.0,0,0,0,0,0.0,5,1.0,top10,top10,1,4
3737,housing,or-gemma4-26b,Nevada,yes_no,119,20,0,0,0.0,0,0.0,0.0,1,0,0,0,0,1.0,4.6,573,609,0,1,3.167137,,3.167137,0.0,0.0,3.167137,3.167137,0.0,1,1.0,1916,0.411765,0.0,0.0,0,0,0,0,0.0,1,1.0,0,1.0,6.3,1291,410,0,5,3.16714,,3.16714,2.856906,1.5796,0.310234,1.587539,0.911318,1,0.2,5061,0.705882,0.0,0.0,0,0,0,0,0.0,4,0.8,0,1.0,5.4,3176,473,0,10,3.28639,,3.28639,3.167136,2.420775,0.119253,0.865614,0.894769,1,0.1,12858,0.823529,0.0,0.0,0,0,0,0,0.0,6,0.6,1,2.0,5.1,1085,581,0,5,7.23028,1,7.23028,3.816948,2.279038,3.413332,4.951242,0.197129,1,0.2,3554,0.307692,0.0,0.0,0,0,1,0,0.2,4,0.8,two_call,two_call,1,1
377,housing,or-gemma4-26b,Montana,yes_no,123,21,0,0,0.0,0,0.0,0.0,1,0,1,0,1,1.0,8.0,446,371,0,1,7.103843,,7.103843,0.0,0.0,7.103843,7.103843,0.0,1,1.0,1648,0.666667,0.0,0.0,0,0,0,0,0.0,1,1.0,1,1.0,6.8,1067,513,1,5,7.103842,,7.103842,7.096651,6.975533,0.007192,0.128309,0.99909,1,0.2,3965,0.722222,0.0,0.0,3,0,1,0,0.4,4,0.8,0,1.0,6.0,3065,512,1,10,7.103843,,7.103843,7.096652,6.975532,0.007191,0.128311,0.920828,1,0.1,12998,0.944444,0.0,0.0,3,0,1,0,0.2,9,0.9,1,2.0,18.9,1808,716,1,5,8.184275,1,8.184275,7.91349,6.752763,0.270784,1.431512,0.941811,1,0.2,6100,0.758621,0.0,0.0,3,0,1,0,0.4,4,0.8,top5,top5,1,3
3778,housing,or-gemma4-26b,Ohio,yes_no,114,18,0,0,0.0,0,0.0,0.0,1,0,0,0,1,1.0,4.0,201,356,0,1,5.615902,,5.615902,0.0,0.0,5.615902,5.615902,0.0,1,1.0,334,0.3125,0.0,0.0,0,0,0,0,0.0,1,1.0,1,1.0,9.6,1183,842,0,5,5.615902,,5.615902,4.791742,3.239184,0.82416,2.376719,0.822699,1,0.2,4479,0.625,0.0,0.0,0,0,0,0,0.0,5,1.0,1,1.0,4.6,3420,534,0,10,5.615901,,5.615901,4.946833,4.306107,0.669068,1.309794,0.877106,1,0.1,14264,0.8125,0.0,0.0,0,0,0,0,0.0,7,0.7,1,2.0,24.7,2503,878,0,5,5.147056,1,5.147056,4.94486,4.744678,0.202196,0.402378,0.992739,1,0.2,8612,0.6,0.0,0.0,0,0,0,0,0.0,5,1.0,top1,top1,1,4
3792,housing,or-gemma4-26b,Oregon,yes_no,122,19,0,0,0.0,0,0.0,0.0,1,0,0,0,0,1.0,9.8,202,413,0,1,5.088814,,5.088814,0.0,0.0,5.088814,5.088814,0.0,1,1.0,334,0.294118,0.0,0.0,0,0,0,0,0.0,1,1.0,1,1.0,9.0,1049,368,0,5,5.088813,,5.088813,5.02808,3.067358,0.060733,2.021455,0.888091,1,0.2,3758,0.529412,0.0,0.0,0,0,0,0,0.0,4,0.8,1,1.0,25.5,2609,462,0,10,5.088815,,5.088815,5.02808,3.636809,0.060735,1.452006,0.852774,1,0.1,10771,0.882353,0.0,0.0,0,0,0,0,0.0,7,0.7,1,2.0,23.2,2093,519,1,5,5.214274,1,5.214274,3.256119,1.979177,1.958155,3.235097,0.477636,1,0.2,7339,0.538462,0.0,0.0,5,1,1,0,0.6,3,0.6,top5,top5,1,3
3809,housing,or-gemma4-26b,South Carolina,yes_no,119,20,0,0,0.0,0,0.0,0.0,1,0,0,0,1,1.0,11.8,574,607,0,1,3.167137,,3.167137,0.0,0.0,3.167137,3.167137,0.0,1,1.0,1916,0.411765,0.0,0.0,0,0,0,0,0.0,1,1.0,1,1.0,16.1,1292,437,0,5,3.16714,,3.16714,2.856906,1.5796,0.310234,1.587539,0.911318,1,0.2,5061,0.705882,0.0,0.0,0,0,0,0,0.0,4,0.8,1,1.0,4.3,3177,522,0,10,3.28639,,3.28639,3.167136,2.420775,0.119253,0.865614,0.894769,1,0.1,12858,0.823529,0.0,0.0,0,0,0,0,0.0,6,0.6,1,2.0,32.3,2963,1130,0,5,8.910845,1,8.910845,8.407219,8.221246,0.503626,0.689599,0.976777,1,0.2,12176,0.444444,0.0,0.0,0,0,0,0,0.0,4,0.8,top10,top10,1,4
3826,housing,or-gemma4-26b,Vermont,yes_no,127,20,0,0,0.0,0,0.0,0.0,1,0,0,0,1,1.0,18.3,573,539,0,1,1.606688,,1.606688,0.0,0.0,1.606688,1.606688,0.0,1,1.0,1916,0.411765,0.0,0.0,0,0,0,0,0.0,1,1.0,1,1.0,7.6,3143,681,0,5,3.831104,,3.831104,3.799444,2.757252,0.03166,1.073852,0.945787,1,0.2,13643,0.705882,0.0,0.0,0,0,1,0,0.2,5,1.0,1,1.0,10.3,3844,551,0,10,3.831103,,3.831103,3.799443,3.189665,0.03166,0.641438,0.963515,1,0.1,16801,0.764706,0.0,0.0,0,0,1,0,0.1,9,0.9,1,2.0,15.0,2565,774,0,5,6.007771,1,6.007771,5.892945,4.64285,0.114826,1.364922,0.941561,1,0.2,10300,0.518519,0.0,0.0,0,0,0,0,0.0,3,0.6,top5,top5,1,4
3832,housing,or-gemma4-26b,Virginia,yes_no,114,18,0,0,0.0,0,0.0,0.0,1,0,0,0,1,1.0,8.1,201,352,0,1,5.615902,,5.615902,0.0,0.0,5.615902,5.615902,0.0,1,1.0,334,0.3125,0.0,0.0,0,1,1,1,1.0,1,1.0,1,1.0,13.4,1183,568,0,5,5.615902,,5.615902,4.791742,3.239184,0.82416,2.376719,0.822699,1,0.2,4479,0.625,0.0,0.0,0,1,1,0,0.2,5,1.0,1,1.0,5.2,3420,484,0,10,5.615901,,5.615901,4.946833,4.306107,0.669068,1.309794,0.877106,1,0.1,14264,0.8125,0.0,0.0,0,1,1,0,0.2,7,0.7,1,2.0,25.9,1031,684,0,5,-1.17563,1,-1.17563,-2.337313,-3.714441,1.161683,2.538811,0.792948,1,0.2,2711,0.4,0.0,0.0,0,1,1,0,0.2,5,1.0,top10,top10,1,4
3844,housing,or-gemma4-26b,Washington,yes_no,127,20,0,0,0.0,0,0.0,0.0,1,0,0,0,0,1.0,5.8,573,440,0,1,1.606688,,1.606688,0.0,0.0,1.606688,1.606688,0.0,1,1.0,1916,0.411765,0.0,0.0,0,0,0,0,0.0,1,1.0,0,1.0,10.5,3143,489,0,5,3.831104,,3.831104,3.799444,2.757252,0.03166,1.073852,0.945787,1,0.2,13643,0.705882,0.0,0.0,0,0,0,0,0.0,5,1.0,0,1.0,6.6,3844,497,0,10,3.831103,,3.831103,3.799443,3.189665,0.03166,0.641438,0.963515,1,0.1,16801,0.764706,0.0,0.0,0,0,1,0,0.1,9,0.9,1,2.0,17.4,1552,646,0,5,7.990189,1,7.990189,7.462322,6.757657,0.527866,1.232532,0.950428,1,0.2,5109,0.407407,0.0,0.0,0,0,0,0,0.0,5,1.0,two_call,two_call,1,1
3845,housing,or-gemma4-26b,Washington,yes_no,119,20,0,0,0.0,0,0.0,0.0,1,0,0,0,0,1.0,4.9,573,418,0,1,3.167137,,3.167137,0.0,0.0,3.167137,3.167137,0.0,1,1.0,1916,0.411765,0.0,0.0,0,0,0,0,0.0,1,1.0,0,1.0,7.4,1291,429,0,5,3.16714,,3.16714,2.856906,1.5796,0.310234,1.587539,0.911318,1,0.2,5061,0.705882,0.0,0.0,0,0,0,0,0.0,4,0.8,0,1.0,9.9,3176,490,0,10,3.28639,,3.28639,3.167136,2.420775,0.119253,0.865614,0.894769,1,0.1,12858,0.823529,0.0,0.0,0,0,0,0,0.0,6,0.6,1,2.0,8.6,2306,573,0,5,4.252784,1,4.252784,3.328715,2.778283,0.924069,1.474501,0.913024,1,0.2,8577,0.461538,0.0,0.0,0,0,0,0,0.0,4,0.8,two_call,two_call,1,1
3849,housing,or-gemma4-26b,Wisconsin,yes_no,53,11,0,0,0.0,0,0.0,0.0,1,0,0,0,0,1.0,13.6,145,431,0,1,2.949627,,2.949627,0.0,0.0,2.949627,2.949627,0.0,1,1.0,169,0.7,0.0,0.0,0,0,0,0,0.0,1,1.0,0,1.0,13.0,976,718,0,5,4.50967,,4.50967,4.286848,3.265306,0.222823,1.244364,0.935302,1,0.2,3783,0.8,0.0,0.0,0,1,1,0,0.2,5,1.0,0,1.0,17.3,1864,820,0,10,5.453925,,5.453925,4.509669,3.586115,0.944256,1.86781,0.848515,1,0.1,7564,0.8,0.0,0.0,0,0,1,0,0.1,8,0.8,1,2.0,5.4,1310,429,0,5,2.437688,1,2.437688,-0.486805,-2.03787,2.924493,4.475558,0.271832,1,0.2,3990,0.761905,0.0,0.0,0,1,1,0,0.4,4,0.8,two_call,two_call,1,1
3909,housing,or-gemma4-26b,Washington,yes_no,114,20,0,0,0.0,0,0.0,0.0,1,0,2,0,1,1.0,1.8,204,325,0,1,7.480475,,7.480475,0.0,0.0,7.480475,7.480475,0.0,1,1.0,334,0.571429,0.0,0.0,0,0,0,0,0.0,1,1.0,1,1.0,16.8,1315,396,0,5,7.480475,,7.480475,7.267466,5.560821,0.21301,1.919654,0.913375,1,0.2,4974,0.928571,0.0,0.0,0,0,0,0,0.0,4,0.8,0,1.0,28.7,3198,890,0,10,7.480476,,7.480476,7.267466,6.948768,0.213011,0.531708,0.945609,1,0.1,12867,0.928571,0.0,0.0,0,0,0,0,0.0,7,0.7,1,2.0,24.1,1250,614,0,5,5.62355,1,5.62355,5.037362,4.595413,0.586188,1.028137,0.950574,1,0.2,3661,0.541667,0.0,0.0,0,0,0,0,0.0,5,1.0,top1,top1,1,3
3920,housing,or-gemma4-26b,Alabama,yes_no,56,10,0,0,0.0,0,0.0,0.0,1,0,1,0,1,1.0,5.3,123,259,0,1,0.966918,,0.966918,0.0,0.0,0.966918,0.966918,0.0,1,1.0,123,0.4,0.0,0.0,0,0,0,0,0.0,1,1.0,1,1.0,16.5,542,455,0,5,0.966918,,0.966918,0.297004,-3.184205,0.669914,4.151123,0.543681,1,0.2,2013,0.8,0.0,0.0,0,0,0,0,0.0,2,0.4,1,1.0,9.3,1876,475,0,10,0.966916,,0.966916,0.296999,-2.778406,0.669917,3.745322,0.476364,1,0.1,8132,0.9,0.0,0.0,0,0,0,0,0.0,3,0.3,1,2.0,21.1,2842,559,1,5,4.521627,1,4.521627,4.300806,0.867118,0.220821,3.654509,0.568257,1,0.2,10594,0.619048,0.0,0.0,2,1,1,0,0.8,2,0.4,top1,top1,1,4
3980,housing,or-gemma4-26b,California,yes_no,50,8,0,0,0.0,0,0.0,0.0,1,0,1,0,1,1.0,2.7,210,329,0,1,3.175443,,3.175443,0.0,0.0,3.175443,3.175443,0.0,1,1.0,492,0.75,0.0,0.0,0,0,0,0,0.0,1,1.0,1,1.0,91.5,1152,560,0,5,3.175444,,3.175444,1.536894,-1.508365,1.63855,4.683809,0.513148,1,0.2,5108,1.0,0.0,0.0,0,0,0,0,0.0,4,0.8,1,1.0,17.8,3435,705,0,10,3.175443,,3.175443,1.536893,-1.508368,1.638551,4.683811,0.367396,1,0.1,15541,1.0,0.0,0.0,0,0,0,0,0.0,6,0.6,1,2.0,13.0,1077,698,0,5,2.832635,1,2.832635,1.900468,-0.143441,0.932167,2.976076,0.750115,1,0.2,3162,0.368421,0.0,0.0,0,0,1,0,0.6,3,0.6,top1,top1,1,4
3981,housing,or-gemma4-26b,California,yes_no,47,8,0,0,0.0,0,0.0,0.0,1,0,1,0,0,1.0,4.1,120,274,0,1,1.729103,,1.729103,0.0,0.0,1.729103,1.729103,0.0,1,1.0,115,0.25,0.0,0.0,0,0,0,0,0.0,1,1.0,1,1.0,8.2,1683,555,0,5,1.729103,,1.729103,1.558562,-4.609738,0.170541,6.338841,0.653745,1,0.2,5770,0.875,0.0,0.0,0,0,0,0,0.0,4,0.8,1,1.0,12.0,2588,492,0,10,1.729102,,1.729102,1.558565,-2.193058,0.170538,3.922161,0.548095,1,0.1,9621,0.875,0.0,0.0,0,0,0,0,0.0,7,0.7,0,2.0,12.5,3495,537,0,5,5.167959,1,5.167959,4.796717,2.93292,0.371242,2.235039,0.844156,1,0.2,11979,0.473684,0.0,0.0,0,0,1,0,0.4,4,0.8,top5,top5,1,2
3984,housing,or-gemma4-26b,California,yes_no,46,8,0,0,0.0,0,0.0,0.0,1,0,1,0,0,1.0,4.6,120,248,0,1,2.72071,,2.72071,0.0,0.0,2.72071,2.72071,0.0,1,1.0,115,0.25,0.0,0.0,0,0,0,0,0.0,1,1.0,0,1.0,5.1,1119,386,0,5,2.720712,,2.720712,2.712004,-1.920505,0.008707,4.641217,0.555473,1,0.2,4648,0.75,0.0,0.0,0,0,0,0,0.0,2,0.4,1,1.0,18.9,2324,935,0,10,2.72071,,2.72071,2.712005,-1.920504,0.008705,4.641214,0.417972,1,0.1,9884,0.875,0.0,0.0,0,0,0,0,0.0,7,0.7,0,2.0,22.4,3293,511,0,5,5.937381,1,5.937381,5.796863,5.036336,0.140518,0.901044,0.95832,1,0.2,10950,0.473684,0.0,0.0,0,0,1,0,0.2,4,0.8,top10,top10,1,1
4031,housing,or-gemma4-26b,District of Columbia,yes_no,48,8,0,0,0.0,0,0.0,0.0,1,0,1,0,0,1.0,3.9,122,276,0,1,3.859519,,3.859519,0.0,0.0,3.859519,3.859519,0.0,1,1.0,115,0.25,0.0,0.0,0,0,0,0,0.0,1,1.0,1,1.0,4.7,565,370,0,5,3.859522,,3.859522,1.919394,-0.720319,1.940127,4.579841,0.481794,1,0.2,2150,1.0,0.0,0.0,0,0,0,0,0.0,3,0.6,1,1.0,15.5,2696,692,0,10,3.859522,,3.859522,1.919394,1.156199,1.940127,2.703323,0.520516,1,0.1,11479,1.0,0.0,0.0,0,0,1,0,0.1,8,0.8,1,2.0,11.3,981,729,0,5,3.86353,1,3.86353,3.818092,3.32005,0.045438,0.54348,0.986494,1,0.2,2649,0.5,0.0,0.0,0,0,1,0,0.4,4,0.8,top5,top5,1,3
4066,housing,or-gemma4-26b,Georgia,yes_no,49,8,0,0,0.0,0,0.0,0.0,1,0,1,0,0,1.0,5.4,120,311,0,1,1.414762,,1.414762,0.0,0.0,1.414762,1.414762,0.0,1,1.0,115,0.25,0.0,0.0,0,0,0,0,0.0,1,1.0,0,1.0,8.1,1083,367,0,5,1.414761,,1.414761,1.281749,-4.463103,0.133012,5.877865,0.51848,1,0.2,4131,0.875,0.0,0.0,0,0,0,0,0.0,3,0.6,0,1.0,9.9,1073,405,0,10,1.41476,,1.41476,1.28175,-2.095969,0.133009,3.510729,0.463076,1,0.1,4178,0.875,0.0,0.0,0,0,1,0,0.1,6,0.6,0,2.0,8.1,3860,586,0,5,3.288792,1,3.288792,3.196984,0.02037,0.091809,3.268422,0.587292,1,0.2,12987,0.684211,0.0,0.0,0,1,1,0,0.8,2,0.4,top1,top1,0,0
4089,housing,or-gemma4-26b,Hawaii,yes_no,56,10,0,0,0.0,0,0.0,0.0,1,0,1,0,1,1.0,2.7,123,339,0,1,0.966918,,0.966918,0.0,0.0,0.966918,0.966918,0.0,1,1.0,123,0.4,0.0,0.0,0,0,0,0,0.0,1,1.0,1,1.0,6.9,542,453,0,5,0.966918,,0.966918,0.297004,-3.184205,0.669914,4.151123,0.543681,1,0.2,2013,0.8,0.0,0.0,0,0,0,0,0.0,2,0.4,1,1.0,13.7,1876,487,0,10,0.966916,,0.966916,0.296999,-2.778406,0.669917,3.745322,0.476364,1,0.1,8132,0.9,0.0,0.0,0,0,0,0,0.0,3,0.3,1,2.0,6.6,1464,498,1,5,2.583365,1,2.583365,2.447428,0.159243,0.135937,2.424122,0.80618,1,0.2,4248,0.380952,0.0,0.0,2,1,1,0,0.4,4,0.8,top1,top1,1,4
4127,housing,or-gemma4-26b,Indiana,yes_no,46,8,0,0,0.0,0,0.0,0.0,1,0,1,0,0,1.0,5.0,120,275,0,1,2.72071,,2.72071,0.0,0.0,2.72071,2.72071,0.0,1,1.0,115,0.25,0.0,0.0,0,0,0,0,0.0,1,1.0,0,1.0,18.2,1119,302,0,5,2.720712,,2.720712,2.712004,-1.920505,0.008707,4.641217,0.555473,1,0.2,4648,0.75,0.0,0.0,0,0,0,0,0.0,2,0.4,0,1.0,7.9,2324,444,0,10,2.72071,,2.72071,2.712005,-1.920504,0.008705,4.641214,0.417972,1,0.1,9884,0.875,0.0,0.0,0,0,0,0,0.0,7,0.7,0,2.0,12.2,679,536,0,5,4.101406,1,4.101406,4.079082,1.538275,0.022325,2.563131,0.805891,1,0.2,1555,0.368421,0.0,0.0,0,0,0,0,0.0,2,0.4,top1,top1,0,0
4135,housing,or-gemma4-26b,Iowa,yes_no,48,8,0,0,0.0,0,0.0,0.0,1,0,1,0,1,1.0,2.4,120,269,0,1,3.859519,,3.859519,0.0,0.0,3.859519,3.859519,0.0,1,1.0,115,0.25,0.0,0.0,0,0,0,0,0.0,1,1.0,1,1.0,8.0,563,455,0,5,3.859522,,3.859522,1.919394,-0.720319,1.940127,4.579841,0.481794,1,0.2,2150,1.0,0.0,0.0,0,0,0,0,0.0,3,0.6,1,1.0,5.8,2694,606,0,10,3.859522,,3.859522,1.919394,1.156199,1.940127,2.703323,0.520516,1,0.1,11479,1.0,0.0,0.0,0,0,0,0,0.0,8,0.8,1,2.0,3.6,1797,538,0,5,0.94365,1,0.94365,0.89948,0.801005,0.04417,0.142645,0.999153,1,0.2,5595,0.555556,0.0,0.0,0,1,1,0,0.2,5,1.0,top1,top1,1,4
4196,housing,or-gemma4-26b,Maine,yes_no,49,8,0,0,0.0,0,0.0,0.0,1,0,1,0,1,1.0,3.9,120,297,0,1,1.414762,,1.414762,0.0,0.0,1.414762,1.414762,0.0,1,1.0,115,0.25,0.0,0.0,0,0,0,0,0.0,1,1.0,1,1.0,7.9,1083,304,0,5,1.414761,,1.414761,1.281749,-4.463103,0.133012,5.877865,0.51848,1,0.2,4131,0.875,0.0,0.0,0,0,1,0,0.2,3,0.6,1,1.0,4.4,1073,457,0,10,1.41476,,1.41476,1.28175,-2.095969,0.133009,3.510729,0.463076,1,0.1,4178,0.875,0.0,0.0,0,0,0,0,0.0,6,0.6,1,2.0,5.4,3803,392,0,5,5.633689,1,5.633689,5.398585,4.382256,0.235104,1.251433,0.937942,1,0.2,12974,0.368421,0.0,0.0,0,0,0,0,0.0,4,0.8,top1,top1,1,4
4232,housing,or-gemma4-26b,Michigan,yes_no,56,10,0,0,0.0,0,0.0,0.0,1,0,1,0,0,1.0,2.4,123,288,0,1,0.966918,,0.966918,0.0,0.0,0.966918,0.966918,0.0,1,1.0,123,0.4,0.0,0.0,0,0,0,0,0.0,1,1.0,0,1.0,5.7,542,415,0,5,0.966918,,0.966918,0.297004,-3.184205,0.669914,4.151123,0.543681,1,0.2,2013,0.8,0.0,0.0,0,0,0,0,0.0,2,0.4,0,1.0,9.2,1876,537,0,10,0.966916,,0.966916,0.296999,-2.778406,0.669917,3.745322,0.476364,1,0.1,8132,0.9,0.0,0.0,0,0,0,0,0.0,3,0.3,0,2.0,31.3,2026,689,1,5,1.310918,1,1.310918,-0.605372,-2.351278,1.91629,3.662196,0.471604,1,0.2,7177,0.619048,0.0,0.0,1,1,1,0,0.2,5,1.0,top1,top1,0,0
4365,housing,or-gemma4-26b,New York,yes_no,49,8,0,0,0.0,0,0.0,0.0,1,0,1,0,1,1.0,1.8,121,321,0,1,1.414762,,1.414762,0.0,0.0,1.414762,1.414762,0.0,1,1.0,115,0.25,0.0,0.0,0,0,0,0,0.0,1,1.0,1,1.0,7.4,1084,373,0,5,1.414761,,1.414761,1.281749,-4.463103,0.133012,5.877865,0.51848,1,0.2,4131,0.875,0.0,0.0,0,0,0,0,0.0,3,0.6,1,1.0,21.7,1074,565,0,10,1.41476,,1.41476,1.28175,-2.095969,0.133009,3.510729,0.463076,1,0.1,4178,0.875,0.0,0.0,0,0,0,0,0.0,6,0.6,1,2.0,9.8,2613,442,0,5,1.589978,1,1.589978,0.752323,-0.160416,0.837655,1.750394,0.857051,1,0.2,9808,0.7,0.0,0.0,0,0,1,0,0.4,2,0.4,top1,top1,1,4
4489,housing,or-gemma4-26b,South Carolina,yes_no,45,8,0,0,0.0,0,0.0,0.0,1,0,1,0,1,1.0,25.4,121,306,0,1,1.865857,,1.865857,0.0,0.0,1.865857,1.865857,0.0,1,1.0,115,0.25,0.0,0.0,0,0,0,0,0.0,1,1.0,1,1.0,4.1,412,246,0,5,1.865858,,1.865858,1.847938,-2.46139,0.017919,4.327248,0.563743,1,0.2,1421,0.75,0.0,0.0,0,0,0,0,0.0,2,0.4,1,1.0,8.1,1850,323,0,10,1.865859,,1.865859,1.847938,-1.566014,0.017921,3.431872,0.490983,1,0.1,7783,0.75,0.0,0.0,0,0,0,0,0.0,6,0.6,1,2.0,12.5,2713,689,0,5,2.258003,1,2.258003,1.433826,-0.519128,0.824177,2.777131,0.77239,1,0.2,9250,0.45,0.0,0.0,0,0,0,0,0.0,5,1.0,top5,top5,1,4
4719,housing,or-gemma4-26b,Connecticut,yes_no,243,40,0,0,0.0,0,0.0,0.0,2,0,1,1,1,1.0,16.2,363,294,0,1,-3.825879,,-3.825879,0.0,0.0,-3.825879,-3.825879,0.0,1,1.0,916,0.3,0.0,0.0,0,0,0,0,0.0,1,1.0,1,1.0,5.9,2988,506,0,5,-0.094443,,-0.094443,-0.21001,-2.573589,0.115567,2.479146,0.786805,1,0.2,13710,0.833333,0.0,0.0,0,0,0,0,0.0,5,1.0,0,1.0,6.1,4482,391,0,10,0.987244,,0.987244,-0.094444,-0.843041,1.081688,1.830285,0.822869,1,0.1,19645,0.9,0.0,0.0,0,0,0,0,0.0,9,0.9,1,2.0,6.5,2267,776,0,5,3.273545,1,3.273545,2.094921,0.992978,1.178624,2.280567,0.753694,1,0.2,7603,0.55,0.0,0.0,0,0,1,0,0.2,4,0.8,top5,top5,1,3
4992,housing,or-gemma4-26b,New Hampshire,yes_no,176,29,0,0,0.0,0,0.0,0.0,2,0,0,1,1,1.0,7.1,353,346,0,1,-6.139355,,-6.139355,0.0,0.0,-6.139355,-6.139355,0.0,1,1.0,916,0.238095,0.0,0.0,0,0,0,0,0.0,1,1.0,1,1.0,10.2,1196,507,0,5,-3.618753,,-3.618753,-4.677406,-6.380325,1.058653,2.761572,0.666598,1,0.2,4723,0.619048,0.0,0.0,0,0,0,0,0.0,5,1.0,1,1.0,14.9,2534,428,0,10,0.555163,,0.555163,-3.618754,-5.597695,4.173917,6.152858,0.090942,1,0.1,10521,0.761905,0.0,0.0,0,0,0,0,0.0,8,0.8,1,2.0,8.8,1475,582,0,5,3.713799,1,3.713799,2.495551,1.129977,1.218248,2.583822,0.668793,1,0.2,4846,0.4375,0.0,0.0,0,0,0,0,0.0,5,1.0,top1,top1,1,4
5072,housing,or-gemma4-26b,Ohio,yes_no,78,12,0,0,0.0,0,0.0,0.0,1,0,0,0,0,1.0,2.1,189,287,0,1,0.591385,,0.591385,0.0,0.0,0.591385,0.591385,0.0,1,1.0,233,0.25,0.0,0.0,0,0,0,0,0.0,1,1.0,0,1.0,15.6,2230,496,0,5,0.591384,,0.591384,-0.104454,-3.153925,0.695837,3.745309,0.701892,1,0.2,9668,0.666667,0.0,0.0,0,0,0,0,0.0,5,1.0,1,1.0,4.8,5049,353,1,10,1.56937,,1.56937,0.591384,-0.767278,0.977985,2.336648,0.640539,1,0.1,22310,0.916667,0.0,0.0,1,1,1,0,0.1,9,0.9,0,2.0,19.8,1320,732,0,5,3.411752,1,3.411752,2.151045,0.717345,1.260707,2.694406,0.722124,1,0.2,4392,0.521739,0.0,0.0,0,0,0,0,0.0,5,1.0,top10,top10,1,1
5086,housing,or-gemma4-26b,Oregon,yes_no,202,32,0,0,0.0,0,0.0,0.0,2,0,0,1,1,1.0,9.9,678,415,0,1,-8.606037,,-8.606037,0.0,0.0,-8.606037,-8.606037,0.0,1,1.0,2652,0.375,0.0,0.0,0,0,0,0,0.0,1,1.0,1,1.0,5.0,1741,474,0,5,-4.094149,,-4.094149,-6.290406,-8.463173,2.196257,4.369024,0.484349,1,0.2,7191,0.625,0.0,0.0,0,0,1,0,0.2,5,1.0,1,1.0,5.9,3308,731,0,10,-4.094149,,-4.094149,-4.473089,-6.233878,0.378941,2.139729,0.748311,1,0.1,13713,0.791667,0.0,0.0,0,0,1,0,0.1,9,0.9,1,2.0,8.4,1659,723,0,5,4.435137,1,4.435137,3.873887,2.720934,0.56125,1.714203,0.889964,1,0.2,5326,0.411765,0.0,0.0,0,0,0,0,0.0,5,1.0,top5,top5,1,4
53,housing,or-gemma4-26b,West Virginia,yes_no,64,9,0,0,0.0,0,0.0,0.0,1,0,0,0,1,1.0,2.6,159,214,0,1,1.193793,,1.193793,0.0,0.0,1.193793,1.193793,0.0,1,1.0,195,0.125,0.0,0.0,0,0,0,0,0.0,1,1.0,1,1.0,8.0,775,691,0,5,1.193794,,1.193794,-2.331671,-5.94842,3.525465,7.142214,0.155361,1,0.2,2638,0.5,0.0,0.0,0,0,0,0,0.0,4,0.8,1,1.0,4.7,2520,566,0,10,1.557138,,1.557138,1.193794,-2.32482,0.363344,3.881958,0.457154,1,0.1,9965,0.75,0.0,0.0,0,0,0,0,0.0,7,0.7,1,2.0,4.3,861,488,1,5,2.595689,1,2.595689,2.39275,0.685949,0.202939,1.90974,0.842125,1,0.2,2419,0.368421,0.0,0.0,2,1,1,1,1.0,1,0.2,top1,top1,1,4
5365,housing,or-gemma4-26b,Colorado,yes_no,258,41,0,0,0.0,0,0.0,0.0,2,0,1,0,0,1.0,2.2,259,358,0,1,-3.673699,,-3.673699,0.0,0.0,-3.673699,-3.673699,0.0,1,1.0,583,0.454545,0.0,0.0,0,0,0,0,0.0,1,1.0,0,1.0,9.0,1875,517,0,5,0.653305,,0.653305,-3.266258,-3.749369,3.919563,4.402674,0.186732,1,0.2,7542,0.818182,0.0,0.0,0,0,0,0,0.0,5,1.0,0,1.0,10.8,2971,817,0,10,0.653306,,0.653306,-3.000623,-3.469204,3.653929,4.12251,0.255518,1,0.1,12454,0.848485,0.0,0.0,0,0,0,0,0.0,9,0.9,0,2.0,25.3,3498,619,0,5,5.453683,1,5.453683,4.919073,3.953927,0.53461,1.499756,0.876804,1,0.2,12694,0.697674,0.0,0.0,0,0,0,0,0.0,5,1.0,top1,top1,0,0
5402,housing,or-gemma4-26b,Florida,yes_no,211,34,0,0,0.0,0,0.0,0.0,2,0,0,0,0,1.0,9.5,252,427,0,1,-6.856951,,-6.856951,0.0,0.0,-6.856951,-6.856951,0.0,1,1.0,583,0.444444,0.0,0.0,0,0,0,0,0.0,1,1.0,1,1.0,28.0,2423,717,0,5,-2.418112,,-2.418112,-3.865558,-6.718861,1.447446,4.300749,0.490091,1,0.2,10415,0.777778,0.0,0.0,0,0,0,0,0.0,5,1.0,1,1.0,5.9,3779,626,0,10,-2.41811,,-2.41811,-3.18492,-4.921289,0.766811,2.50318,0.722193,1,0.1,15866,0.851852,0.0,0.0,0,0,0,0,0.0,8,0.8,1,2.0,67.6,1671,719,0,5,4.738088,1,4.738088,4.098187,0.378477,0.639901,4.359611,0.541414,1,0.2,5148,0.459459,0.0,0.0,0,1,1,0,0.4,4,0.8,top10,top10,1,3
5445,housing,or-gemma4-26b,Hawaii,yes_no,80,12,0,0,0.0,0,0.0,0.0,1,0,0,0,1,1.0,7.9,389,364,0,1,-5.334401,,-5.334401,0.0,0.0,-5.334401,-5.334401,0.0,1,1.0,1346,0.583333,0.0,0.0,0,0,0,0,0.0,1,1.0,1,1.0,4.8,1856,293,0,5,0.135555,,0.135555,-0.207363,-2.226568,0.342918,2.362123,0.833666,1,0.2,7374,0.75,0.0,0.0,0,0,1,0,0.2,5,1.0,1,1.0,4.8,2958,309,0,10,0.135555,,0.135555,-0.207363,-2.226569,0.342918,2.362124,0.701118,1,0.1,12099,0.75,0.0,0.0,0,0,1,0,0.2,8,0.8,1,2.0,9.1,2321,593,0,5,3.81464,1,3.81464,3.384151,1.910667,0.430489,1.903973,0.851437,1,0.2,9381,0.521739,0.0,0.0,0,0,1,0,0.2,5,1.0,top10,top5,1,4
55,housing,or-gemma4-26b,Wyoming,yes_no,64,9,0,0,0.0,0,0.0,0.0,1,0,0,0,1,1.0,6.1,158,204,0,1,1.193793,,1.193793,0.0,0.0,1.193793,1.193793,0.0,1,1.0,195,0.125,0.0,0.0,0,0,0,0,0.0,1,1.0,1,1.0,11.3,774,566,0,5,1.193794,,1.193794,-2.331671,-5.94842,3.525465,7.142214,0.155361,1,0.2,2638,0.5,0.0,0.0,0,0,0,0,0.0,4,0.8,0,1.0,11.3,2519,601,0,10,1.557138,,1.557138,1.193794,-2.32482,0.363344,3.881958,0.457154,1,0.1,9965,0.75,0.0,0.0,0,0,0,0,0.0,7,0.7,1,2.0,16.8,2461,657,0,5,1.41216,1,1.41216,0.264028,-0.472793,1.148131,1.884952,0.832186,1,0.2,8755,0.388889,0.0,0.0,0,0,0,0,0.0,2,0.4,top1,top1,1,3
5643,housing,or-gemma4-26b,Missouri,yes_no,197,33,0,0,0.0,0,0.0,0.0,2,0,0,0,1,1.0,6.7,411,359,0,1,-5.07295,,-5.07295,0.0,0.0,-5.07295,-5.07295,0.0,1,1.0,1346,0.538462,0.0,0.0,0,0,0,0,0.0,1,1.0,1,1.0,2.8,1874,270,0,5,0.19866,,0.19866,-4.390682,-5.234641,4.589342,5.433301,0.097102,1,0.2,7705,0.807692,0.0,0.0,0,0,0,0,0.0,4,0.8,1,1.0,4.9,3047,516,0,10,0.438372,,0.438372,0.198659,-4.564931,0.239713,5.003303,0.36286,1,0.1,12846,0.846154,0.0,0.0,0,0,0,0,0.0,7,0.7,1,2.0,9.9,3067,681,0,5,7.286581,1,7.286581,6.105524,5.663613,1.181056,1.622967,0.847088,1,0.2,11124,0.611111,0.0,0.0,0,0,0,0,0.0,5,1.0,top5,top5,1,4
565,housing,or-gemma4-26b,Rhode Island,yes_no,104,20,0,0,0.0,0,0.0,0.0,1,0,1,0,1,1.0,6.1,199,239,0,1,6.061073,,6.061073,0.0,0.0,6.061073,6.061073,0.0,1,1.0,412,0.470588,0.0,0.0,0,0,0,0,0.0,1,1.0,0,1.0,5.7,1956,664,0,5,6.061073,,6.061073,5.468867,3.66855,0.592206,2.392523,0.879258,1,0.2,7987,0.941176,0.0,0.0,0,0,0,0,0.0,4,0.8,0,1.0,9.1,4315,434,0,10,6.061073,,6.061073,5.468866,4.962837,0.592206,1.098236,0.771701,1,0.1,18681,0.941176,0.0,0.0,0,0,0,0,0.0,7,0.7,0,2.0,10.0,3632,528,0,5,3.095131,1,3.095131,2.338212,1.56882,0.756919,1.52631,0.886494,1,0.2,14686,0.571429,0.0,0.0,0,0,0,0,0.0,4,0.8,top1,top1,1,1
5714,housing,or-gemma4-26b,New Jersey,yes_no,211,33,0,0,0.0,0,0.0,0.0,2,0,0,0,0,1.0,8.2,252,371,0,1,-6.081404,,-6.081404,0.0,0.0,-6.081404,-6.081404,0.0,1,1.0,583,0.481481,0.0,0.0,0,0,0,0,0.0,1,1.0,1,1.0,17.3,1756,838,0,5,-0.484705,,-0.484705,-2.496278,-5.375011,2.011573,4.890306,0.345643,1,0.2,7345,0.814815,0.0,0.0,0,0,0,0,0.0,5,1.0,1,1.0,15.6,3918,975,0,10,-0.484704,,-0.484704,-1.915679,-4.216983,1.430975,3.732279,0.502232,1,0.1,16069,0.888889,0.0,0.0,0,0,0,0,0.0,9,0.9,1,2.0,20.2,2204,795,0,5,4.39586,1,4.39586,3.431705,2.037549,0.964155,2.358311,0.75002,1,0.2,8102,0.552632,0.0,0.0,0,0,0,0,0.0,4,0.8,top10,top10,1,3
5803,housing,or-gemma4-26b,Ohio,yes_no,207,33,0,0,0.0,0,0.0,0.0,2,0,0,0,1,1.0,53.1,156,293,0,1,1.450068,,1.450068,0.0,0.0,1.450068,1.450068,0.0,1,1.0,114,0.375,0.0,0.0,0,0,0,0,0.0,1,1.0,1,1.0,10.3,2673,390,0,5,1.450068,,1.450068,-1.54389,-2.328519,2.993959,3.778587,0.34019,1,0.2,12300,0.875,0.0,0.0,0,0,0,0,0.0,5,1.0,1,1.0,13.3,3400,327,0,10,1.450068,,1.450068,-1.543892,-2.093114,2.99396,3.543182,0.367424,1,0.1,15350,0.875,0.0,0.0,0,0,0,0,0.0,9,0.9,1,2.0,15.7,3037,689,0,5,2.817166,1,2.817166,1.923243,1.321419,0.893923,1.495747,0.904323,1,0.2,12140,0.617647,0.0,0.0,0,0,0,0,0.0,5,1.0,top5,top5,1,4
5810,housing,or-gemma4-26b,Oklahoma,yes_no,188,31,0,0,0.0,0,0.0,0.0,2,0,0,0,0,1.0,82.6,249,359,0,1,-4.141715,,-4.141715,0.0,0.0,-4.141715,-4.141715,0.0,1,1.0,583,0.5,0.0,0.0,0,0,0,0,0.0,1,1.0,0,1.0,5.8,1750,440,0,5,0.213648,,0.213648,-3.573052,-5.480474,3.7867,5.694122,0.141786,1,0.2,7094,0.833333,0.0,0.0,0,0,1,0,0.2,4,0.8,0,1.0,4.1,2456,380,0,10,0.430601,,0.430601,0.21365,-3.552139,0.216951,3.98274,0.426328,1,0.1,9881,0.833333,0.0,0.0,0,0,1,0,0.1,9,0.9,1,2.0,11.2,3194,713,0,5,2.972239,1,2.972239,2.848642,0.802941,0.123598,2.169299,0.863363,1,0.2,11817,0.617647,0.0,0.0,0,0,1,0,0.2,5,1.0,two_call,two_call,1,1
5813,housing,or-gemma4-26b,Oklahoma,yes_no,248,41,0,0,0.0,0,0.0,0.0,2,0,1,0,0,1.0,8.1,259,337,0,1,-2.964844,,-2.964844,0.0,0.0,-2.964844,-2.964844,0.0,1,1.0,583,0.46875,0.0,0.0,0,0,0,0,0.0,1,1.0,1,1.0,5.9,3561,713,0,5,1.17266,,1.17266,-1.043088,-2.463043,2.215748,3.635702,0.467835,1,0.2,16114,0.84375,0.0,0.0,0,0,0,0,0.0,5,1.0,1,1.0,13.8,4373,791,0,10,1.172659,,1.172659,-1.04309,-2.06679,2.21575,3.239449,0.510614,1,0.1,19521,0.875,0.0,0.0,0,0,0,0,0.0,8,0.8,1,2.0,24.8,4294,1299,0,5,5.692026,1,5.692026,3.862523,2.953827,1.829503,2.738199,0.663196,1,0.2,16156,0.714286,0.0,0.0,0,0,1,0,0.2,4,0.8,top5,top5,1,3
5829,housing,or-gemma4-26b,Puerto Rico,yes_no,215,35,0,0,0.0,0,0.0,0.0,2,0,0,0,1,1.0,15.3,245,438,0,1,-4.585342,,-4.585342,0.0,0.0,-4.585342,-4.585342,0.0,1,1.0,476,0.333333,0.0,0.0,0,0,0,0,0.0,1,1.0,1,1.0,23.8,2123,636,0,5,0.639116,,0.639116,-3.6124,-4.096785,4.251516,4.735901,0.143476,1,0.2,8804,0.777778,0.0,0.0,0,0,0,0,0.0,5,1.0,1,1.0,17.6,3334,729,0,10,0.639115,,0.639115,-1.646628,-3.612397,2.285743,4.251512,0.348261,1,0.1,14470,0.814815,0.0,0.0,0,0,0,0,0.0,10,1.0,0,2.0,10.8,1337,550,0,5,3.875447,1,3.875447,3.367799,2.632236,0.507648,1.243211,0.920438,1,0.2,4156,0.5,0.0,0.0,0,0,0,0,0.0,4,0.8,top1,top1,1,3
5866,housing,or-gemma4-26b,South Dakota,yes_no,195,32,0,0,0.0,0,0.0,0.0,2,0,0,0,0,1.0,15.4,241,460,0,1,-4.523355,,-4.523355,0.0,0.0,-4.523355,-4.523355,0.0,1,1.0,476,0.36,0.0,0.0,0,0,0,0,0.0,1,1.0,1,1.0,29.1,2174,1318,0,5,-0.065316,,-0.065316,-2.561384,-4.561338,2.496068,4.496022,0.303332,1,0.2,9008,0.76,0.0,0.0,0,0,0,0,0.0,5,1.0,1,1.0,23.6,3942,891,0,10,-0.065316,,-0.065316,-2.561384,-4.444279,2.496068,4.378963,0.32703,1,0.1,16423,0.84,0.0,0.0,0,0,0,0,0.0,9,0.9,0,2.0,11.6,1427,1091,0,5,2.390433,1,2.390433,2.21972,1.065342,0.170712,1.32509,0.937516,1,0.2,4544,0.444444,0.0,0.0,0,0,0,0,0.0,4,0.8,top10,top10,1,2
5870,housing,or-gemma4-26b,South Dakota,yes_no,188,31,0,0,0.0,0,0.0,0.0,2,0,0,0,0,1.0,6.4,250,352,0,1,-4.141715,,-4.141715,0.0,0.0,-4.141715,-4.141715,0.0,1,1.0,583,0.5,0.0,0.0,0,1,1,1,1.0,1,1.0,0,1.0,15.6,1751,296,0,5,0.213648,,0.213648,-3.573052,-5.480474,3.7867,5.694122,0.141786,1,0.2,7094,0.833333,0.0,0.0,0,0,1,0,0.4,4,0.8,0,1.0,9.4,2457,370,0,10,0.430601,,0.430601,0.21365,-3.552139,0.216951,3.98274,0.426328,1,0.1,9881,0.833333,0.0,0.0,0,0,1,0,0.2,9,0.9,1,2.0,12.4,1652,834,0,5,2.18939,1,2.18939,1.411673,0.192874,0.777717,1.996517,0.832597,1,0.2,6061,0.457143,0.0,0.0,0,1,1,0,0.6,3,0.6,two_call,two_call,1,1
5881,housing,or-gemma4-26b,Tennessee,yes_no,195,32,0,0,0.0,0,0.0,0.0,2,0,0,0,1,1.0,10.7,240,550,0,1,-4.523355,,-4.523355,0.0,0.0,-4.523355,-4.523355,0.0,1,1.0,476,0.36,0.0,0.0,0,0,0,0,0.0,1,1.0,1,1.0,4.7,2173,590,0,5,-0.065316,,-0.065316,-2.561384,-4.561338,2.496068,4.496022,0.303332,1,0.2,9008,0.76,0.0,0.0,0,0,0,0,0.0,5,1.0,1,1.0,20.3,3941,1011,0,10,-0.065316,,-0.065316,-2.561384,-4.444279,2.496068,4.378963,0.32703,1,0.1,16423,0.84,0.0,0.0,0,0,0,0,0.0,9,0.9,1,2.0,21.6,3314,1197,0,5,3.256683,1,3.256683,3.13393,1.66919,0.122753,1.587493,0.897006,1,0.2,12585,0.571429,0.0,0.0,0,0,0,0,0.0,3,0.6,top5,top5,1,4
5894,housing,or-gemma4-26b,Tennessee,yes_no,211,33,0,0,0.0,0,0.0,0.0,2,0,0,0,0,1.0,5.6,251,315,0,1,-6.081404,,-6.081404,0.0,0.0,-6.081404,-6.081404,0.0,1,1.0,583,0.481481,0.0,0.0,0,0,0,0,0.0,1,1.0,1,1.0,21.6,1755,508,0,5,-0.484705,,-0.484705,-2.496278,-5.375011,2.011573,4.890306,0.345643,1,0.2,7345,0.814815,0.0,0.0,0,0,0,0,0.0,5,1.0,1,1.0,12.0,3917,881,0,10,-0.484704,,-0.484704,-1.915679,-4.216983,1.430975,3.732279,0.502232,1,0.1,16069,0.888889,0.0,0.0,0,0,0,0,0.0,9,0.9,0,2.0,37.6,2907,1252,0,5,3.461997,1,3.461997,3.337876,2.011159,0.124121,1.450838,0.887106,1,0.2,10292,0.567568,0.0,0.0,0,0,0,0,0.0,5,1.0,top10,top10,1,2
5952,housing,or-gemma4-26b,Virginia,yes_no,237,38,0,0,0.0,0,0.0,0.0,2,0,1,0,0,1.0,6.5,256,374,0,1,-3.173915,,-3.173915,0.0,0.0,-3.173915,-3.173915,0.0,1,1.0,583,0.466667,0.0,0.0,0,0,0,0,0.0,1,1.0,1,1.0,4.0,3038,563,0,5,-1.105947,,-1.105947,-2.28979,-3.168509,1.183843,2.062562,0.838459,1,0.2,13680,0.833333,0.0,0.0,0,0,0,0,0.0,5,1.0,1,1.0,19.8,4770,713,0,10,0.528999,,0.528999,-0.982934,-1.71471,1.511933,2.243708,0.716699,1,0.1,20847,0.9,0.0,0.0,0,0,0,0,0.0,10,1.0,0,2.0,5.9,3627,704,1,5,6.255646,1,6.255646,4.324789,3.598783,1.930857,2.656863,0.624045,1,0.2,13386,0.625,0.0,0.0,4,0,1,0,0.2,4,0.8,top5,top5,1,2
5954,housing,or-gemma4-26b,Virginia,yes_no,211,33,0,0,0.0,0,0.0,0.0,2,0,0,0,0,1.0,11.4,251,366,0,1,-6.081404,,-6.081404,0.0,0.0,-6.081404,-6.081404,0.0,1,1.0,583,0.481481,0.0,0.0,0,0,0,0,0.0,1,1.0,1,1.0,4.9,1755,524,0,5,-0.484705,,-0.484705,-2.496278,-5.375011,2.011573,4.890306,0.345643,1,0.2,7345,0.814815,0.0,0.0,0,0,0,0,0.0,5,1.0,1,1.0,4.6,3917,494,0,10,-0.484704,,-0.484704,-1.915679,-4.216983,1.430975,3.732279,0.502232,1,0.1,16069,0.888889,0.0,0.0,0,0,0,0,0.0,9,0.9,1,2.0,14.5,4248,857,0,5,5.658781,1,5.658781,5.255711,3.407912,0.40307,2.250869,0.826079,1,0.2,15747,0.702703,0.0,0.0,0,0,0,0,0.0,4,0.8,top10,top10,1,3
5958,housing,or-gemma4-26b,Washington,yes_no,197,33,0,0,0.0,0,0.0,0.0,2,0,0,0,1,1.0,2.2,411,396,0,1,-5.07295,,-5.07295,0.0,0.0,-5.07295,-5.07295,0.0,1,1.0,1346,0.538462,0.0,0.0,0,0,0,0,0.0,1,1.0,1,1.0,17.1,1874,421,0,5,0.19866,,0.19866,-4.390682,-5.234641,4.589342,5.433301,0.097102,1,0.2,7705,0.807692,0.0,0.0,0,0,0,0,0.0,4,0.8,1,1.0,7.6,3047,520,0,10,0.438372,,0.438372,0.198659,-4.564931,0.239713,5.003303,0.36286,1,0.1,12846,0.846154,0.0,0.0,0,0,0,0,0.0,7,0.7,0,2.0,30.0,2161,708,0,5,5.732858,1,5.732858,5.593575,3.788173,0.139282,1.944685,0.859956,1,0.2,6417,0.472222,0.0,0.0,0,0,0,0,0.0,4,0.8,top1,top1,1,3
6045,housing,or-gemma4-26b,Arkansas,yes_no,96,17,0,0,0.0,0,0.0,0.0,1,0,1,0,1,1.0,3.5,1067,360,0,1,3.839428,,3.839428,0.0,0.0,3.839428,3.839428,0.0,1,1.0,4207,0.666667,0.0,0.0,0,0,0,0,0.0,1,1.0,1,1.0,11.6,3242,759,0,5,3.839429,,3.839429,2.032108,1.516064,1.807321,2.323364,0.69729,1,0.2,13891,0.866667,0.0,0.0,0,0,0,0,0.0,5,1.0,1,1.0,11.9,5620,480,0,10,3.839428,,3.839428,2.633123,1.711718,1.206306,2.127711,0.784648,1,0.1,24511,0.866667,0.0,0.0,0,0,0,0,0.0,8,0.8,1,2.0,16.7,1482,716,0,5,4.010509,1,4.010509,4.010509,3.395347,0.0,0.615162,0.984469,1,0.2,4408,0.384615,0.0,0.0,0,0,0,0,0.0,3,0.6,top1,top1,1,4
6062,housing,or-gemma4-26b,Colorado,yes_no,426,72,0,0,0.0,0,0.0,0.0,2,0,7,0,1,1.0,9.6,256,437,0,1,1.53848,,1.53848,0.0,0.0,1.53848,1.53848,0.0,1,1.0,233,0.216216,0.0,0.0,0,0,0,0,0.0,1,1.0,1,1.0,34.8,2396,1079,0,5,2.723567,,2.723567,2.396109,0.671964,0.327458,2.051603,0.830766,1,0.2,9450,0.756757,0.0,0.0,0,0,0,0,0.0,5,1.0,0,1.0,7.0,2295,939,0,10,2.723567,,2.723567,2.396111,1.526309,0.327456,1.197258,0.905467,1,0.1,9059,0.756757,0.0,0.0,0,0,0,0,0.0,7,0.7,1,2.0,9.2,1085,584,0,5,4.99194,1,4.99194,3.860667,2.144325,1.131273,2.847615,0.62493,1,0.2,2280,0.446809,0.0,0.0,0,0,0,0,0.0,4,0.8,top1,top1,1,3
6200,housing,or-gemma4-26b,Maryland,yes_no,53,10,0,0,0.0,0,0.0,0.0,1,0,0,0,1,1.0,5.4,178,304,0,1,5.162603,,5.162603,0.0,0.0,5.162603,5.162603,0.0,1,1.0,334,0.4,0.0,0.0,0,0,0,0,0.0,1,1.0,0,1.0,5.9,592,606,0,5,6.220537,,6.220537,6.063029,4.882531,0.157508,1.338006,0.927601,1,0.2,1887,0.8,0.0,0.0,0,0,0,0,0.0,4,0.8,0,1.0,22.7,1226,749,0,10,6.220539,,6.220539,6.063028,5.162603,0.157511,1.057935,0.870546,1,0.1,4362,0.9,0.0,0.0,0,0,0,0,0.0,6,0.6,0,2.0,18.5,1078,789,0,5,6.591172,1,6.591172,6.260027,4.720647,0.331145,1.870524,0.8934,1,0.2,2776,0.571429,0.0,0.0,0,0,0,0,0.0,5,1.0,top1,top1,1,1
6202,housing,or-gemma4-26b,Maryland,yes_no,426,72,0,0,0.0,0,0.0,0.0,2,0,7,0,1,1.0,6.9,256,442,0,1,1.53848,,1.53848,0.0,0.0,1.53848,1.53848,0.0,1,1.0,233,0.216216,0.0,0.0,0,0,0,0,0.0,1,1.0,1,1.0,5.3,2396,444,0,5,2.723567,,2.723567,2.396109,0.671964,0.327458,2.051603,0.830766,1,0.2,9450,0.756757,0.0,0.0,0,0,0,0,0.0,5,1.0,1,1.0,9.7,2295,973,0,10,2.723567,,2.723567,2.396111,1.526309,0.327456,1.197258,0.905467,1,0.1,9059,0.756757,0.0,0.0,0,0,0,0,0.0,7,0.7,1,2.0,7.9,1893,723,0,5,3.709386,1,3.709386,3.413455,2.698451,0.295931,1.010935,0.937622,1,0.2,5549,0.468085,0.0,0.0,0,0,0,0,0.0,2,0.4,top5,top5,1,4
6241,housing,or-gemma4-26b,Mississippi,yes_no,103,19,0,0,0.0,0,0.0,0.0,1,0,1,0,1,1.0,10.7,293,312,0,1,4.001216,,4.001216,0.0,0.0,4.001216,4.001216,0.0,1,1.0,761,0.6,0.0,0.0,0,0,0,0,0.0,1,1.0,1,1.0,9.5,751,590,0,5,4.001215,,4.001215,3.875985,0.772173,0.125231,3.229042,0.788526,1,0.2,2386,0.666667,0.0,0.0,0,0,0,0,0.0,4,0.8,1,1.0,5.0,1993,471,0,10,4.001217,,4.001217,3.875984,1.859713,0.125234,2.141505,0.750975,1,0.1,7025,0.8,0.0,0.0,0,0,1,0,0.1,7,0.7,1,2.0,12.2,2707,863,0,5,4.215528,1,4.215528,2.738263,1.398831,1.477265,2.816698,0.717813,1,0.2,9816,0.653846,0.0,0.0,0,0,0,0,0.0,4,0.8,top10,top10,1,4
6256,housing,or-gemma4-26b,Missouri,yes_no,98,15,0,0,0.0,0,0.0,0.0,1,0,0,0,1,1.0,6.8,295,430,0,1,2.1007,,2.1007,0.0,0.0,2.1007,2.1007,0.0,1,1.0,713,0.4,0.0,0.0,0,0,0,0,0.0,1,1.0,1,1.0,14.0,2285,860,0,5,2.555177,,2.555177,2.507825,1.870753,0.047352,0.684424,0.976008,1,0.2,9458,0.866667,0.0,0.0,0,0,0,0,0.0,5,1.0,1,1.0,17.7,5344,708,0,10,2.605016,,2.605016,2.555177,2.100699,0.049839,0.504317,0.947598,1,0.1,22143,0.866667,0.0,0.0,0,0,0,0,0.0,8,0.8,1,2.0,15.7,1667,596,0,5,3.875263,1,3.875263,2.923668,2.358281,0.951595,1.516983,0.873738,1,0.2,6068,0.52,0.0,0.0,0,0,0,0,0.0,3,0.6,top1,top1,1,4
6299,housing,or-gemma4-26b,New Hampshire,yes_no,134,23,0,0,0.0,0,0.0,0.0,1,0,2,0,1,1.0,68.2,309,421,0,1,4.989849,,4.989849,0.0,0.0,4.989849,4.989849,0.0,1,1.0,969,0.631579,0.0,0.0,0,0,0,0,0.0,1,1.0,1,1.0,12.6,2254,571,0,5,4.989849,,4.989849,3.777122,2.988681,1.212726,2.001167,0.794475,1,0.2,10222,0.789474,0.0,0.0,0,0,0,0,0.0,4,0.8,1,1.0,9.4,5219,467,0,10,4.989849,,4.989849,3.777124,2.988682,1.212725,2.001167,0.735445,1,0.1,23873,0.842105,0.0,0.0,0,0,0,0,0.0,7,0.7,1,2.0,14.5,924,757,0,5,3.637647,1,3.637647,3.095728,1.40408,0.541919,2.233566,0.755485,1,0.2,2535,0.516129,0.0,0.0,0,0,0,0,0.0,4,0.8,top10,top10,1,4
6342,housing,or-gemma4-26b,Ohio,yes_no,426,72,0,0,0.0,0,0.0,0.0,2,0,7,0,0,1.0,5.1,256,432,0,1,1.53848,,1.53848,0.0,0.0,1.53848,1.53848,0.0,1,1.0,233,0.216216,0.0,0.0,0,0,0,0,0.0,1,1.0,0,1.0,3.7,2396,669,0,5,2.723567,,2.723567,2.396109,0.671964,0.327458,2.051603,0.830766,1,0.2,9450,0.756757,0.0,0.0,0,0,0,0,0.0,5,1.0,0,1.0,16.8,2295,1306,0,10,2.723567,,2.723567,2.396111,1.526309,0.327456,1.197258,0.905467,1,0.1,9059,0.756757,0.0,0.0,0,0,0,0,0.0,7,0.7,0,2.0,9.3,1064,715,0,5,4.286479,1,4.286479,4.028288,1.435316,0.258191,2.851163,0.749907,1,0.2,2398,0.468085,0.0,0.0,0,0,0,0,0.0,4,0.8,top5,top5,0,0
6383,housing,or-gemma4-26b,Puerto Rico,yes_no,98,16,0,0,0.0,0,0.0,0.0,1,0,0,0,1,1.0,3.4,138,312,0,1,2.108885,,2.108885,0.0,0.0,2.108885,2.108885,0.0,1,1.0,167,0.2,0.0,0.0,0,0,0,0,0.0,1,1.0,0,1.0,4.1,2705,292,0,5,2.108885,,2.108885,1.46476,0.274008,0.644125,1.834877,0.825365,1,0.2,11593,0.866667,0.0,0.0,0,0,0,0,0.0,4,0.8,0,1.0,4.7,4769,302,0,10,2.108886,,2.108886,1.910616,0.421561,0.19827,1.687325,0.861651,1,0.1,21564,0.933333,0.0,0.0,0,0,0,0,0.0,6,0.6,0,2.0,14.9,1135,667,0,5,1.755532,1,1.755532,0.478373,-0.763071,1.277159,2.518603,0.737931,1,0.2,2890,0.481481,0.0,0.0,0,0,0,0,0.0,4,0.8,top1,top1,1,1
6453,housing,or-gemma4-26b,Utah,yes_no,98,16,0,0,0.0,0,0.0,0.0,1,0,0,0,0,1.0,7.2,137,389,0,1,2.108885,,2.108885,0.0,0.0,2.108885,2.108885,0.0,1,1.0,167,0.2,0.0,0.0,0,0,0,0,0.0,1,1.0,1,1.0,6.8,2704,407,0,5,2.108885,,2.108885,1.46476,0.274008,0.644125,1.834877,0.825365,1,0.2,11593,0.866667,0.0,0.0,0,0,0,0,0.0,4,0.8,1,1.0,9.6,4768,743,0,10,2.108886,,2.108886,1.910616,0.421561,0.19827,1.687325,0.861651,1,0.1,21564,0.933333,0.0,0.0,0,0,0,0,0.0,6,0.6,0,2.0,44.4,6233,1545,0,5,6.2622,1,6.2622,5.142801,3.16515,1.119399,3.097049,0.677861,1,0.2,25120,0.615385,0.0,0.0,0,0,0,0,0.0,5,1.0,top5,top5,1,2
6509,housing,or-gemma4-26b,Wisconsin,yes_no,134,23,0,0,0.0,0,0.0,0.0,1,0,2,0,1,1.0,7.4,308,297,0,1,4.989849,,4.989849,0.0,0.0,4.989849,4.989849,0.0,1,1.0,969,0.631579,0.0,0.0,0,0,0,0,0.0,1,1.0,1,1.0,7.8,2253,508,0,5,4.989849,,4.989849,3.777122,2.988681,1.212726,2.001167,0.794475,1,0.2,10222,0.789474,0.0,0.0,0,0,0,0,0.0,4,0.8,0,1.0,2.3,5218,224,0,10,4.989849,,4.989849,3.777124,2.988682,1.212725,2.001167,0.735445,1,0.1,23873,0.842105,0.0,0.0,0,0,0,0,0.0,7,0.7,1,2.0,20.5,2279,958,0,5,4.774102,1,4.774102,4.191261,2.45468,0.582841,2.319422,0.8114,1,0.2,7650,0.6,0.0,0.0,0,0,0,0,0.0,3,0.6,top1,top1,1,3
6589,housing,or-gemma4-26b,Alabama,yes_no,111,19,0,0,0.0,0,0.0,0.0,1,0,2,0,1,1.0,9.8,443,434,0,1,2.81394,,2.81394,0.0,0.0,2.81394,2.81394,0.0,1,1.0,1648,0.588235,0.0,0.0,0,0,0,0,0.0,1,1.0,1,1.0,4.6,2692,469,0,5,5.214605,,5.214605,4.384127,2.813939,0.830479,2.400667,0.781317,1,0.2,11697,0.823529,0.0,0.0,0,0,0,0,0.0,5,1.0,1,1.0,36.4,5235,1214,0,10,5.214606,,5.214606,4.675243,3.96285,0.539363,1.251756,0.858911,1,0.1,23089,0.882353,0.0,0.0,0,0,0,0,0.0,9,0.9,1,2.0,20.4,1271,691,0,5,7.7536,1,7.7536,7.736846,6.641285,0.016754,1.112314,0.945143,1,0.2,3958,0.535714,0.0,0.0,0,0,0,0,0.0,5,1.0,top5,top5,1,4
6609,housing,or-gemma4-26b,Alaska,yes_no,182,31,0,0,0.0,0,0.0,0.0,2,0,1,0,0,1.0,5.9,167,311,0,1,2.634197,,2.634197,0.0,0.0,2.634197,2.634197,0.0,1,1.0,220,0.428571,0.0,0.0,0,0,0,0,0.0,1,1.0,0,1.0,14.7,815,462,0,5,2.726107,,2.726107,2.634197,1.267444,0.09191,1.458663,0.903558,1,0.2,2496,0.678571,0.0,0.0,0,0,0,0,0.0,3,0.6,1,1.0,7.0,1627,867,0,10,2.726106,,2.726106,2.634196,1.267444,0.09191,1.458663,0.803013,1,0.1,5622,0.678571,0.0,0.0,0,0,0,0,0.0,7,0.7,0,2.0,8.8,1051,627,0,5,3.721062,1,3.721062,2.597216,1.138872,1.123847,2.582191,0.70228,1,0.2,2379,0.447368,0.0,0.0,0,0,0,0,0.0,3,0.6,top10,top10,1,1
6612,housing,or-gemma4-26b,Alaska,yes_no,352,64,0,0,0.0,0,0.0,0.0,2,0,3,2,1,1.0,6.8,472,389,0,1,2.181763,,2.181763,0.0,0.0,2.181763,2.181763,0.0,1,1.0,1470,0.425,0.0,0.0,0,0,0,0,0.0,1,1.0,1,1.0,7.6,1909,342,0,5,3.589765,,3.589765,3.464784,2.181763,0.124981,1.408002,0.892092,1,0.2,7494,0.675,0.0,0.0,0,0,0,0,0.0,4,0.8,1,1.0,15.7,3706,699,0,10,3.744266,,3.744266,3.589765,2.20715,0.1545,1.537116,0.844909,1,0.1,14494,0.75,0.0,0.0,0,0,0,0,0.0,6,0.6,1,2.0,7.2,4276,751,0,5,5.433919,1,5.433919,3.045524,2.348048,2.388395,3.085871,0.491314,1,0.2,18345,0.666667,0.0,0.0,0,0,0,0,0.0,3,0.6,top1,top1,1,4
6654,housing,or-gemma4-26b,California,yes_no,182,31,0,0,0.0,0,0.0,0.0,2,0,1,0,0,1.0,99.2,167,318,0,1,2.634197,,2.634197,0.0,0.0,2.634197,2.634197,0.0,1,1.0,220,0.428571,0.0,0.0,0,0,0,0,0.0,1,1.0,0,1.0,3.9,815,409,0,5,2.726107,,2.726107,2.634197,1.267444,0.09191,1.458663,0.903558,1,0.2,2496,0.678571,0.0,0.0,0,0,0,0,0.0,3,0.6,0,1.0,4.9,1627,782,0,10,2.726106,,2.726106,2.634196,1.267444,0.09191,1.458663,0.803013,1,0.1,5622,0.678571,0.0,0.0,0,0,0,0,0.0,7,0.7,0,2.0,10.5,994,585,0,5,4.053199,1,4.053199,3.943162,1.503611,0.110037,2.549588,0.831462,1,0.2,2287,0.605263,0.0,0.0,0,0,0,0,0.0,3,0.6,top5,top5,0,0
6675,housing,or-gemma4-26b,Colorado,yes_no,108,20,0,0,0.0,0,0.0,0.0,1,0,1,0,1,1.0,2.7,413,265,0,1,5.909945,,5.909945,0.0,0.0,5.909945,5.909945,0.0,1,1.0,1275,0.625,0.0,0.0,0,0,0,0,0.0,1,1.0,1,1.0,15.6,1090,574,0,5,5.909945,,5.909945,3.578586,1.748396,2.33136,4.161549,0.423957,1,0.2,4121,0.75,0.0,0.0,0,0,0,0,0.0,4,0.8,0,1.0,12.2,3596,1541,0,10,5.909945,,5.909945,3.578586,3.021,2.331359,2.888944,0.503971,1,0.1,15744,0.875,0.0,0.0,0,0,0,0,0.0,9,0.9,0,2.0,21.8,2091,1014,0,5,2.962858,1,2.962858,2.921318,2.011075,0.041541,0.951783,0.956384,1,0.2,7829,0.692308,0.0,0.0,0,0,0,0,0.0,5,1.0,top1,top1,1,2
6724,housing,or-gemma4-26b,Florida,yes_no,111,19,0,0,0.0,0,0.0,0.0,1,0,2,0,0,1.0,4.4,443,456,0,1,2.81394,,2.81394,0.0,0.0,2.81394,2.81394,0.0,1,1.0,1648,0.588235,0.0,0.0,0,0,0,0,0.0,1,1.0,0,1.0,9.3,2692,603,0,5,5.214605,,5.214605,4.384127,2.813939,0.830479,2.400667,0.781317,1,0.2,11697,0.823529,0.0,0.0,0,0,0,0,0.0,5,1.0,0,1.0,13.6,5235,626,1,10,5.214606,,5.214606,4.675243,3.96285,0.539363,1.251756,0.858911,1,0.1,23089,0.882353,0.0,0.0,5,0,1,0,0.1,9,0.9,0,2.0,19.1,1324,718,0,5,6.637995,1,6.637995,6.403132,5.677308,0.234863,0.960687,0.967443,1,0.2,3965,0.535714,0.0,0.0,0,0,1,0,0.2,4,0.8,top1,top1,0,0
6746,housing,or-gemma4-26b,Georgia,yes_no,106,18,0,0,0.0,0,0.0,0.0,1,0,2,0,0,1.0,19.2,363,485,0,1,2.565597,,2.565597,0.0,0.0,2.565597,2.565597,0.0,1,1.0,1199,0.6875,0.0,0.0,0,0,0,0,0.0,1,1.0,0,1.0,12.5,1761,504,0,5,2.565596,,2.565596,1.164527,-0.623661,1.401068,3.189256,0.638775,1,0.2,7570,0.75,0.0,0.0,0,0,0,0,0.0,4,0.8,0,1.0,7.1,4088,566,0,10,2.565596,,2.565596,1.164528,-0.059511,1.401068,2.625107,0.657612,1,0.1,17798,0.8125,0.0,0.0,0,0,0,0,0.0,7,0.7,0,2.0,15.4,6098,998,0,5,6.107864,1,6.107864,5.738859,3.006037,0.369005,3.101827,0.739895,1,0.2,22924,0.62963,0.0,0.0,0,0,0,0,0.0,3,0.6,top10,top10,0,0
6752,housing,or-gemma4-26b,Georgia,yes_no,96,17,0,0,0.0,0,0.0,0.0,1,0,2,0,0,1.0,11.0,433,513,0,1,-1.259487,,-1.259487,0.0,0.0,-1.259487,-1.259487,0.0,1,1.0,1256,0.714286,0.0,0.0,0,0,0,0,0.0,1,1.0,0,1.0,101.0,946,580,0,5,3.360247,,3.360247,3.093043,-0.96855,0.267204,4.328798,0.512331,1,0.2,3278,0.642857,0.0,0.0,0,0,0,0,0.0,4,0.8,1,1.0,4.1,2114,470,0,10,3.360247,,3.360247,3.093042,0.068414,0.267205,3.291833,0.570009,1,0.1,8448,0.714286,0.0,0.0,0,0,0,0,0.0,8,0.8,0,2.0,11.6,761,731,0,5,5.958035,1,5.958035,3.487958,2.650088,2.470077,3.307946,0.416738,1,0.2,1847,0.4,0.0,0.0,0,0,0,0,0.0,4,0.8,top10,top10,1,1
6824,housing,or-gemma4-26b,Iowa,yes_no,90,15,0,0,0.0,0,0.0,0.0,1,0,1,0,1,1.0,6.6,575,376,0,1,5.487724,,5.487724,0.0,0.0,5.487724,5.487724,0.0,1,1.0,1996,0.769231,0.0,0.0,0,0,0,0,0.0,1,1.0,1,1.0,25.4,1825,813,0,5,5.487723,,5.487723,4.861633,3.434339,0.62609,2.053384,0.86674,1,0.2,7258,0.846154,0.0,0.0,0,0,0,0,0.0,4,0.8,1,1.0,14.9,3784,563,0,10,5.487722,,5.487722,4.861632,4.118244,0.62609,1.369479,0.781533,1,0.1,15935,0.846154,0.0,0.0,0,0,0,0,0.0,9,0.9,1,2.0,10.6,2039,630,0,5,8.185463,1,8.185463,7.706738,5.950658,0.478724,2.234805,0.77494,1,0.2,7071,0.625,0.0,0.0,0,0,0,0,0.0,4,0.8,top1,top1,1,4
6929,housing,or-gemma4-26b,Michigan,yes_no,90,15,0,0,0.0,0,0.0,0.0,1,0,1,0,1,1.0,6.8,575,348,0,1,5.487724,,5.487724,0.0,0.0,5.487724,5.487724,0.0,1,1.0,1996,0.769231,0.0,0.0,0,0,0,0,0.0,1,1.0,1,1.0,32.1,1825,2004,0,5,5.487723,,5.487723,4.861633,3.434339,0.62609,2.053384,0.86674,1,0.2,7258,0.846154,0.0,0.0,0,0,0,0,0.0,4,0.8,0,1.0,16.1,3784,954,0,10,5.487722,,5.487722,4.861632,4.118244,0.62609,1.369479,0.781533,1,0.1,15935,0.846154,0.0,0.0,0,0,0,0,0.0,9,0.9,1,2.0,9.3,2208,564,0,5,5.2424,1,5.2424,4.854627,4.719297,0.387773,0.523103,0.987261,1,0.2,8446,0.625,0.0,0.0,0,0,0,0,0.0,5,1.0,top1,top1,1,3
6980,housing,or-gemma4-26b,Nebraska,yes_no,95,16,0,0,0.0,0,0.0,0.0,1,0,1,0,0,1.0,6.5,196,335,0,1,2.846154,,2.846154,0.0,0.0,2.846154,2.846154,0.0,1,1.0,372,0.214286,0.0,0.0,0,0,0,0,0.0,1,1.0,0,1.0,4.9,1636,467,0,5,2.846153,,2.846153,1.331546,-0.114503,1.514607,2.960656,0.660406,1,0.2,6685,0.785714,0.0,0.0,0,0,0,0,0.0,5,1.0,0,1.0,10.6,2619,431,0,10,2.846152,,2.846152,1.331547,0.060454,1.514605,2.785698,0.679942,1,0.1,11063,0.857143,0.0,0.0,0,0,0,0,0.0,9,0.9,0,2.0,21.0,6265,1079,0,5,4.693147,1,4.693147,4.659143,2.920613,0.034004,1.772534,0.889398,1,0.2,23350,0.6,0.0,0.0,0,0,0,0,0.0,4,0.8,top5,top5,0,0
700,housing,or-gemma4-26b,Nebraska,yes_no,74,9,0,0,0.0,0,0.0,0.0,1,0,0,0,1,1.0,10.0,504,462,0,1,-1.259575,,-1.259575,0.0,0.0,-1.259575,-1.259575,0.0,1,1.0,1437,0.333333,0.0,0.0,0,0,0,0,0.0,1,1.0,1,1.0,4.4,1162,616,0,5,-1.259577,,-1.259577,-4.802187,-6.745831,3.54261,5.486254,0.153017,1,0.2,4317,0.666667,0.0,0.0,0,0,0,0,0.0,5,1.0,0,1.0,11.0,1899,444,0,10,-1.259577,,-1.259577,-4.802187,-6.432199,3.54261,5.172621,0.187797,1,0.1,7694,0.666667,0.0,0.0,0,0,0,0,0.0,9,0.9,0,2.0,7.9,865,684,0,5,5.791134,1,5.791134,4.529727,3.201478,1.261407,2.589655,0.694144,1,0.2,2323,0.421053,0.0,0.0,0,1,1,0,0.6,2,0.4,top5,top5,1,2
7008,housing,or-gemma4-26b,New Hampshire,yes_no,168,30,0,0,0.0,0,0.0,0.0,2,0,1,0,0,1.0,4.2,167,298,0,1,3.310358,,3.310358,0.0,0.0,3.310358,3.310358,0.0,1,1.0,220,0.428571,0.0,0.0,0,0,0,0,0.0,1,1.0,0,1.0,3.0,815,446,0,5,3.38583,,3.38583,3.310358,1.059227,0.075472,2.326603,0.78449,1,0.2,2496,0.678571,0.0,0.0,0,0,0,0,0.0,3,0.6,0,1.0,7.1,1517,336,0,10,3.385832,,3.385832,3.310359,1.059228,0.075474,2.326604,0.685103,1,0.1,5343,0.678571,0.0,0.0,0,0,0,0,0.0,8,0.8,0,2.0,6.1,1569,449,0,5,4.73586,1,4.73586,3.694731,2.624604,1.041128,2.111256,0.783412,1,0.2,4025,0.487179,0.0,0.0,0,0,0,0,0.0,4,0.8,top5,top5,0,0
7009,housing,or-gemma4-26b,New Hampshire,yes_no,111,19,0,0,0.0,0,0.0,0.0,1,0,2,0,0,1.0,4.3,444,361,0,1,2.81394,,2.81394,0.0,0.0,2.81394,2.81394,0.0,1,1.0,1648,0.588235,0.0,0.0,0,0,0,0,0.0,1,1.0,0,1.0,8.9,2693,484,0,5,5.214605,,5.214605,4.384127,2.813939,0.830479,2.400667,0.781317,1,0.2,11697,0.823529,0.0,0.0,0,0,0,0,0.0,5,1.0,1,1.0,40.5,5236,1821,0,10,5.214606,,5.214606,4.675243,3.96285,0.539363,1.251756,0.858911,1,0.1,23089,0.882353,0.0,0.0,0,0,0,0,0.0,9,0.9,0,2.0,13.9,1370,778,0,5,8.31554,1,8.31554,8.201869,7.045868,0.113671,1.269672,0.935499,1,0.2,4156,0.517241,0.0,0.0,0,0,0,0,0.0,4,0.8,top10,top10,1,1
7050,housing,or-gemma4-26b,New Mexico,yes_no,108,20,0,0,0.0,0,0.0,0.0,1,0,1,0,1,1.0,8.6,414,467,0,1,5.909945,,5.909945,0.0,0.0,5.909945,5.909945,0.0,1,1.0,1275,0.625,0.0,0.0,0,0,0,0,0.0,1,1.0,1,1.0,24.5,1091,984,0,5,5.909945,,5.909945,3.578586,1.748396,2.33136,4.161549,0.423957,1,0.2,4121,0.75,0.0,0.0,0,0,0,0,0.0,4,0.8,0,1.0,26.1,3597,1096,0,10,5.909945,,5.909945,3.578586,3.021,2.331359,2.888944,0.503971,1,0.1,15744,0.875,0.0,0.0,0,0,0,0,0.0,9,0.9,1,2.0,12.5,1294,515,0,5,3.443306,1,3.443306,3.056863,1.290873,0.386443,2.152433,0.847271,1,0.2,3790,0.62963,0.0,0.0,0,1,1,0,0.4,4,0.8,top1,top1,1,3
7142,housing,or-gemma4-26b,Oregon,yes_no,96,17,0,0,0.0,0,0.0,0.0,1,0,2,0,0,1.0,3.6,433,416,0,1,-1.259487,,-1.259487,0.0,0.0,-1.259487,-1.259487,0.0,1,1.0,1256,0.714286,0.0,0.0,0,0,0,0,0.0,1,1.0,0,1.0,9.6,946,455,0,5,3.360247,,3.360247,3.093043,-0.96855,0.267204,4.328798,0.512331,1,0.2,3278,0.642857,0.0,0.0,0,0,0,0,0.0,4,0.8,0,1.0,28.9,2114,939,0,10,3.360247,,3.360247,3.093042,0.068414,0.267205,3.291833,0.570009,1,0.1,8448,0.714286,0.0,0.0,0,0,0,0,0.0,8,0.8,0,2.0,13.2,1046,720,0,5,0.809544,1,0.809544,0.592001,-0.175538,0.217543,0.985082,0.971113,1,0.2,2922,0.44,0.0,0.0,0,0,1,0,0.8,2,0.4,top1,top1,0,0
7214,housing,or-gemma4-26b,Tennessee,yes_no,90,15,0,0,0.0,0,0.0,0.0,1,0,1,0,0,1.0,3.9,575,350,0,1,5.487724,,5.487724,0.0,0.0,5.487724,5.487724,0.0,1,1.0,1996,0.769231,0.0,0.0,0,0,0,0,0.0,1,1.0,0,1.0,11.8,1825,676,0,5,5.487723,,5.487723,4.861633,3.434339,0.62609,2.053384,0.86674,1,0.2,7258,0.846154,0.0,0.0,0,0,0,0,0.0,4,0.8,0,1.0,20.7,3784,473,0,10,5.487722,,5.487722,4.861632,4.118244,0.62609,1.369479,0.781533,1,0.1,15935,0.846154,0.0,0.0,0,0,0,0,0.0,9,0.9,0,2.0,10.5,2092,583,0,5,7.975533,1,7.975533,7.400261,5.626849,0.575272,2.348684,0.794169,1,0.2,7853,0.666667,0.0,0.0,0,0,0,0,0.0,5,1.0,top1,top1,0,0
7266,housing,or-gemma4-26b,Virginia,yes_no,97,17,0,0,0.0,0,0.0,0.0,1,0,2,0,1,1.0,3.8,202,343,0,1,3.167459,,3.167459,0.0,0.0,3.167459,3.167459,0.0,1,1.0,326,0.428571,0.0,0.0,0,0,0,0,0.0,1,1.0,1,1.0,6.6,931,620,0,5,4.877709,,4.877709,4.754226,2.65591,0.123484,2.221799,0.833332,1,0.2,3135,0.714286,0.0,0.0,0,0,0,0,0.0,4,0.8,1,1.0,32.5,2664,886,0,10,4.877711,,4.877711,4.754227,3.167455,0.123485,1.710257,0.795172,1,0.1,11138,0.714286,0.0,0.0,0,0,0,0,0.0,8,0.8,1,2.0,11.0,1171,632,0,5,3.376163,1,3.376163,3.351529,1.985044,0.024635,1.391119,0.881154,1,0.2,3305,0.52,0.0,0.0,0,0,1,0,0.2,4,0.8,top1,top1,1,4
7296,housing,or-gemma4-26b,West Virginia,yes_no,97,17,0,0,0.0,0,0.0,0.0,1,0,2,0,1,1.0,6.4,203,418,0,1,3.167459,,3.167459,0.0,0.0,3.167459,3.167459,0.0,1,1.0,326,0.428571,0.0,0.0,0,0,0,0,0.0,1,1.0,1,1.0,5.0,932,382,0,5,4.877709,,4.877709,4.754226,2.65591,0.123484,2.221799,0.833332,1,0.2,3135,0.714286,0.0,0.0,0,0,0,0,0.0,4,0.8,1,1.0,9.3,2665,317,0,10,4.877711,,4.877711,4.754227,3.167455,0.123485,1.710257,0.795172,1,0.1,11138,0.714286,0.0,0.0,0,0,0,0,0.0,8,0.8,1,2.0,8.4,1145,530,0,5,3.829831,1,3.829831,2.869493,2.063126,0.960339,1.766705,0.823105,1,0.2,3355,0.576923,0.0,0.0,0,0,1,0,0.4,4,0.8,top5,top5,1,4
7305,housing,or-gemma4-26b,West Virginia,yes_no,108,20,0,0,0.0,0,0.0,0.0,1,0,1,0,0,1.0,69.9,414,286,0,1,5.909945,,5.909945,0.0,0.0,5.909945,5.909945,0.0,1,1.0,1275,0.625,0.0,0.0,0,0,0,0,0.0,1,1.0,0,1.0,17.4,1091,1165,0,5,5.909945,,5.909945,3.578586,1.748396,2.33136,4.161549,0.423957,1,0.2,4121,0.75,0.0,0.0,0,0,0,0,0.0,4,0.8,0,1.0,3.1,3597,385,0,10,5.909945,,5.909945,3.578586,3.021,2.331359,2.888944,0.503971,1,0.1,15744,0.875,0.0,0.0,0,0,0,0,0.0,9,0.9,0,2.0,10.2,1189,579,0,5,3.191619,1,3.191619,3.088004,2.513764,0.103615,0.677855,0.974368,1,0.2,3865,0.592593,0.0,0.0,0,1,1,0,0.6,3,0.6,top10,top10,0,0
7319,housing,or-gemma4-26b,Wisconsin,yes_no,90,15,0,0,0.0,0,0.0,0.0,1,0,1,0,1,1.0,12.4,575,453,0,1,5.487724,,5.487724,0.0,0.0,5.487724,5.487724,0.0,1,1.0,1996,0.769231,0.0,0.0,0,0,0,0,0.0,1,1.0,1,1.0,10.4,1825,702,0,5,5.487723,,5.487723,4.861633,3.434339,0.62609,2.053384,0.86674,1,0.2,7258,0.846154,0.0,0.0,0,0,0,0,0.0,4,0.8,1,1.0,9.4,3784,385,0,10,5.487722,,5.487722,4.861632,4.118244,0.62609,1.369479,0.781533,1,0.1,15935,0.846154,0.0,0.0,0,0,0,0,0.0,9,0.9,1,2.0,10.2,2330,644,1,5,4.72193,1,4.72193,4.417049,4.112813,0.304881,0.609117,0.983293,1,0.2,8957,0.625,0.0,0.0,1,1,1,0,0.2,5,1.0,top10,top10,1,4
7338,housing,or-gemma4-26b,Connecticut,yes_no,91,18,0,0,0.0,0,0.0,0.0,1,0,1,0,1,1.0,1.9,493,229,0,1,3.060373,,3.060373,0.0,0.0,3.060373,3.060373,0.0,1,1.0,1796,0.6875,0.0,0.0,0,0,0,0,0.0,1,1.0,1,1.0,4.9,1395,370,0,5,3.060371,,3.060371,2.930505,0.391647,0.129866,2.668724,0.867508,1,0.2,5555,0.75,0.0,0.0,0,0,0,0,0.0,4,0.8,1,1.0,2.6,2498,229,0,10,3.06037,,3.06037,2.930506,1.580683,0.129864,1.479687,0.807559,1,0.1,10179,0.8125,0.0,0.0,0,0,0,0,0.0,9,0.9,1,2.0,8.4,2041,400,0,5,4.158488,1,4.158488,3.28691,2.792467,0.871578,1.366022,0.920381,1,0.2,7690,0.592593,0.0,0.0,0,0,0,0,0.0,4,0.8,top1,top1,1,4
7341,housing,or-gemma4-26b,Connecticut,yes_no,93,18,0,0,0.0,0,0.0,0.0,1,0,1,1,0,1.0,12.8,667,613,0,1,-2.484057,,-2.484057,0.0,0.0,-2.484057,-2.484057,0.0,1,1.0,2865,0.466667,0.0,0.0,0,0,0,0,0.0,1,1.0,0,1.0,8.8,1316,470,0,5,1.402875,,1.402875,1.166582,0.654229,0.236293,0.748646,0.976383,1,0.2,5515,0.533333,0.0,0.0,0,0,0,0,0.0,3,0.6,1,1.0,11.2,3788,616,0,10,1.402874,,1.402874,1.166584,0.848869,0.23629,0.554005,0.958817,1,0.1,17243,0.666667,0.0,0.0,0,0,0,0,0.0,7,0.7,0,2.0,13.1,2371,676,0,5,6.153358,1,6.153358,5.857458,4.966496,0.295901,1.186863,0.959326,1,0.2,8526,0.5,0.0,0.0,0,0,0,0,0.0,5,1.0,top10,top10,1,1
7347,housing,or-gemma4-26b,Maryland,yes_no,93,18,0,0,0.0,0,0.0,0.0,1,0,1,1,1,1.0,8.4,667,596,0,1,-2.484057,,-2.484057,0.0,0.0,-2.484057,-2.484057,0.0,1,1.0,2865,0.466667,0.0,0.0,0,0,0,0,0.0,1,1.0,0,1.0,8.7,1316,590,0,5,1.402875,,1.402875,1.166582,0.654229,0.236293,0.748646,0.976383,1,0.2,5515,0.533333,0.0,0.0,0,0,0,0,0.0,3,0.6,1,1.0,11.6,3788,563,0,10,1.402874,,1.402874,1.166584,0.848869,0.23629,0.554005,0.958817,1,0.1,17243,0.666667,0.0,0.0,0,0,0,0,0.0,7,0.7,0,2.0,90.4,1977,880,0,5,6.158169,1,6.158169,5.791843,5.185683,0.366326,0.972486,0.963892,1,0.2,6513,0.5,0.0,0.0,0,0,0,0,0.0,5,1.0,top1,top1,1,2
7362,housing,or-gemma4-26b,Mississippi,yes_no,91,18,0,0,0.0,0,0.0,0.0,1,0,1,0,1,1.0,3.5,493,326,0,1,3.060373,,3.060373,0.0,0.0,3.060373,3.060373,0.0,1,1.0,1796,0.6875,0.0,0.0,0,0,0,0,0.0,1,1.0,0,1.0,5.4,1395,575,0,5,3.060371,,3.060371,2.930505,0.391647,0.129866,2.668724,0.867508,1,0.2,5555,0.75,0.0,0.0,0,0,0,0,0.0,4,0.8,0,1.0,9.9,2498,613,0,10,3.06037,,3.06037,2.930506,1.580683,0.129864,1.479687,0.807559,1,0.1,10179,0.8125,0.0,0.0,0,0,1,0,0.1,9,0.9,0,2.0,18.8,1493,972,0,5,5.507406,1,5.507406,3.760814,2.702356,1.746592,2.80505,0.596716,1,0.2,5345,0.62963,0.0,0.0,0,0,0,0,0.0,5,1.0,top1,top1,1,1
7400,housing,or-gemma4-26b,Oregon,yes_no,92,18,0,0,0.0,0,0.0,0.0,1,0,1,0,0,1.0,8.6,493,438,0,1,0.331049,,0.331049,0.0,0.0,0.331049,0.331049,0.0,1,1.0,1796,0.714286,0.0,0.0,0,0,0,0,0.0,1,1.0,0,1.0,7.6,1854,838,0,5,0.33105,,0.33105,0.041413,-3.346887,0.289637,3.677936,0.867033,1,0.2,7342,0.714286,0.0,0.0,0,0,0,0,0.0,4,0.8,0,1.0,9.3,3552,360,0,10,0.33105,,0.33105,0.041413,-0.328417,0.289637,0.659467,0.802026,1,0.1,14454,0.857143,0.0,0.0,0,0,0,0,0.0,8,0.8,0,2.0,11.2,1735,952,0,5,6.173091,1,6.173091,5.206781,3.986338,0.966311,2.186753,0.868139,1,0.2,6277,0.56,0.0,0.0,0,0,0,0,0.0,4,0.8,top5,top5,0,0
7434,housing,or-gemma4-26b,Kansas,yes_no,98,17,0,0,0.0,0,0.0,0.0,1,0,1,0,0,1.0,6.8,196,317,0,1,5.466811,,5.466811,0.0,0.0,5.466811,5.466811,0.0,1,1.0,412,0.461538,0.0,0.0,0,0,0,0,0.0,1,1.0,0,1.0,7.7,947,525,0,5,5.466811,,5.466811,5.159911,3.091879,0.3069,2.374932,0.840759,1,0.2,3534,0.846154,0.0,0.0,0,0,0,0,0.0,5,1.0,0,1.0,5.8,3166,927,0,10,5.466811,,5.466811,5.159909,4.441869,0.306901,1.024942,0.850515,1,0.1,13511,0.923077,0.0,0.0,0,0,0,0,0.0,9,0.9,0,2.0,9.9,1714,528,0,5,4.670185,1,4.670185,4.602745,4.267623,0.06744,0.402561,0.992278,1,0.2,5578,0.583333,0.0,0.0,0,0,0,0,0.0,4,0.8,top10,top10,0,0
7499,housing,or-gemma4-26b,Alabama,yes_no,113,22,0,0,0.0,0,0.0,0.0,2,0,2,0,1,1.0,8.6,267,415,0,1,1.513949,,1.513949,0.0,0.0,1.513949,1.513949,0.0,1,1.0,495,0.4,0.0,0.0,0,0,0,0,0.0,1,1.0,1,1.0,8.1,719,409,0,5,1.744798,,1.744798,1.513948,0.7937,0.230851,0.951098,0.975342,1,0.2,2164,0.533333,0.0,0.0,0,0,0,0,0.0,3,0.6,1,1.0,8.9,1660,465,0,10,2.346857,,2.346857,1.744799,1.441745,0.602059,0.905112,0.920786,1,0.1,6089,0.666667,0.0,0.0,0,0,0,0,0.0,5,0.5,1,2.0,13.8,2407,734,0,5,4.660109,1,4.660109,4.1253,2.900548,0.534808,1.759561,0.844634,1,0.2,8920,0.576923,0.0,0.0,0,0,0,0,0.0,4,0.8,top5,top5,1,4
7572,housing,or-gemma4-26b,California,yes_no,109,22,0,0,0.0,0,0.0,0.0,1,0,2,0,0,1.0,28.0,216,300,0,1,2.353832,,2.353832,0.0,0.0,2.353832,2.353832,0.0,1,1.0,394,0.466667,0.0,0.0,0,0,0,0,0.0,1,1.0,0,1.0,6.5,2396,395,0,5,2.353832,,2.353832,2.346426,1.924544,0.007406,0.429289,0.988973,1,0.2,10658,0.666667,0.0,0.0,0,0,0,0,0.0,4,0.8,0,1.0,12.2,3649,423,0,10,4.07503,,4.07503,2.998405,2.10904,1.076625,1.965991,0.830081,1,0.1,16198,0.866667,0.0,0.0,0,0,0,0,0.0,8,0.8,1,2.0,14.4,2654,552,1,5,2.340897,1,2.340897,1.871721,-1.676077,0.469176,4.016973,0.562428,1,0.2,9741,0.538462,0.0,0.0,2,0,1,0,0.2,5,1.0,two_call,two_call,1,1
7573,housing,or-gemma4-26b,California,yes_no,112,22,0,0,0.0,0,0.0,0.0,2,0,2,0,0,1.0,13.3,188,293,0,1,4.721377,,4.721377,0.0,0.0,4.721377,4.721377,0.0,1,1.0,278,0.333333,0.0,0.0,0,0,0,0,0.0,1,1.0,0,1.0,5.2,665,471,0,5,4.721377,,4.721377,2.720796,1.790173,2.000581,2.931204,0.525754,1,0.2,1982,0.666667,0.0,0.0,0,0,0,0,0.0,5,1.0,1,1.0,18.0,1589,831,0,10,4.721377,,4.721377,2.720796,1.790173,2.000581,2.931204,0.54024,1,0.1,5143,0.733333,0.0,0.0,0,0,0,0,0.0,7,0.7,1,2.0,9.7,1807,875,0,5,4.589031,1,4.589031,3.908046,3.151447,0.680985,1.437584,0.911976,1,0.2,5869,0.576923,0.0,0.0,0,0,0,0,0.0,5,1.0,top10,top10,1,2
7655,housing,or-gemma4-26b,Delaware,yes_no,129,24,0,0,0.0,0,0.0,0.0,2,0,2,0,1,1.0,5.0,334,513,0,1,0.913597,,0.913597,0.0,0.0,0.913597,0.913597,0.0,1,1.0,860,0.411765,0.0,0.0,0,0,0,0,0.0,1,1.0,0,1.0,3.7,1408,370,0,5,3.510661,,3.510661,3.299446,-0.002135,0.211215,3.512796,0.666282,1,0.2,5278,0.764706,0.0,0.0,0,0,0,0,0.0,4,0.8,0,1.0,3.4,2804,380,0,10,3.510662,,3.510662,3.299445,1.361689,0.211217,2.148974,0.712903,1,0.1,11122,0.823529,0.0,0.0,0,0,0,0,0.0,7,0.7,0,2.0,32.2,1170,503,0,5,4.624289,1,4.624289,4.460415,3.295036,0.163874,1.329253,0.921447,1,0.2,3142,0.5,0.0,0.0,0,0,0,0,0.0,2,0.4,top1,top1,1,1
7720,housing,or-gemma4-26b,Georgia,yes_no,117,22,0,0,0.0,0,0.0,0.0,2,0,2,0,0,1.0,35.7,247,387,0,1,2.645858,,2.645858,0.0,0.0,2.645858,2.645858,0.0,1,1.0,463,0.466667,0.0,0.0,0,0,0,0,0.0,1,1.0,1,1.0,8.0,2239,720,0,5,2.645859,,2.645859,1.581263,0.757683,1.064596,1.888176,0.807665,1,0.2,9144,0.8,0.0,0.0,0,0,0,0,0.0,4,0.8,1,1.0,20.6,5450,545,0,10,2.645859,,2.645859,2.196049,1.581263,0.44981,1.064595,0.891059,1,0.1,22826,0.866667,0.0,0.0,0,0,0,0,0.0,9,0.9,1,2.0,13.8,4248,902,0,5,5.673652,1,5.673652,5.179079,3.583003,0.494573,2.090649,0.824453,1,0.2,16698,0.576923,0.0,0.0,0,0,0,0,0.0,5,1.0,top5,top5,1,3
774,housing,or-gemma4-26b,Utah,yes_no,89,11,0,0,0.0,0,0.0,0.0,1,0,0,0,1,1.0,4.5,274,211,0,1,1.263879,,1.263879,0.0,0.0,1.263879,1.263879,0.0,1,1.0,699,0.363636,0.0,0.0,0,0,0,0,0.0,1,1.0,1,1.0,4.7,1004,293,0,5,1.987139,,1.987139,1.87272,1.159514,0.114419,0.827626,0.960051,1,0.2,3906,0.545455,0.0,0.0,0,0,0,0,0.0,5,1.0,1,1.0,5.9,2249,425,0,10,2.083986,,2.083986,1.987139,1.263879,0.096847,0.820107,0.955297,1,0.1,9607,0.636364,0.0,0.0,0,0,0,0,0.0,9,0.9,0,2.0,33.7,1747,1001,0,5,3.654272,1,3.654272,3.222756,2.685902,0.431516,0.96837,0.957146,1,0.2,5430,0.47619,0.0,0.0,0,0,0,0,0.0,2,0.4,top1,top1,1,3
7779,housing,or-gemma4-26b,Idaho,yes_no,113,22,0,0,0.0,0,0.0,0.0,2,0,2,0,0,1.0,7.1,494,387,0,1,3.378766,,3.378766,0.0,0.0,3.378766,3.378766,0.0,1,1.0,1743,0.6,0.0,0.0,0,0,0,0,0.0,1,1.0,0,1.0,3.3,1268,465,0,5,3.684281,,3.684281,3.378767,2.880241,0.305515,0.80404,0.975615,1,0.2,4738,0.6,0.0,0.0,0,0,0,0,0.0,3,0.6,1,1.0,5.6,3770,893,0,10,4.380127,,4.380127,4.229609,3.378767,0.150517,1.00136,0.935731,1,0.1,14875,0.8,0.0,0.0,0,0,0,0,0.0,6,0.6,0,2.0,15.6,2927,643,0,5,5.118849,1,5.118849,4.441279,2.125476,0.67757,2.993373,0.716514,1,0.2,11284,0.653846,0.0,0.0,0,0,0,0,0.0,5,1.0,top10,top10,1,1
7793,housing,or-gemma4-26b,Illinois,yes_no,112,22,0,0,0.0,0,0.0,0.0,2,0,2,0,0,1.0,4.1,188,268,0,1,4.721377,,4.721377,0.0,0.0,4.721377,4.721377,0.0,1,1.0,278,0.333333,0.0,0.0,0,0,0,0,0.0,1,1.0,0,1.0,9.1,665,484,0,5,4.721377,,4.721377,2.720796,1.790173,2.000581,2.931204,0.525754,1,0.2,1982,0.666667,0.0,0.0,0,0,1,0,0.2,5,1.0,0,1.0,7.1,1589,384,0,10,4.721377,,4.721377,2.720796,1.790173,2.000581,2.931204,0.54024,1,0.1,5143,0.733333,0.0,0.0,0,0,1,0,0.2,7,0.7,1,2.0,11.2,1456,576,0,5,4.912023,1,4.912023,4.362453,3.547604,0.54957,1.364419,0.918157,1,0.2,4508,0.461538,0.0,0.0,0,0,0,0,0.0,5,1.0,two_call,two_call,1,1
7806,housing,or-gemma4-26b,Illinois,yes_no,119,22,0,0,0.0,0,0.0,0.0,2,0,2,0,0,1.0,3.6,187,312,0,1,2.634756,,2.634756,0.0,0.0,2.634756,2.634756,0.0,1,1.0,354,0.4,0.0,0.0,0,0,0,0,0.0,1,1.0,0,1.0,8.1,942,455,0,5,4.141013,,4.141013,2.634756,1.709923,1.506257,2.43109,0.744388,1,0.2,3398,0.533333,0.0,0.0,0,0,0,0,0.0,5,1.0,1,1.0,14.0,2008,514,0,10,4.141013,,4.141013,2.634756,2.302775,1.506258,1.838238,0.78396,1,0.1,7587,0.866667,0.0,0.0,0,0,0,0,0.0,10,1.0,1,2.0,14.6,1536,630,0,5,5.150883,1,5.150883,3.689509,2.991243,1.461374,2.15964,0.734583,1,0.2,5098,0.538462,0.0,0.0,0,0,0,0,0.0,4,0.8,top10,top10,1,2
7816,housing,or-gemma4-26b,Indiana,yes_no,114,22,0,0,0.0,0,0.0,0.0,2,0,2,0,1,1.0,2.9,267,373,0,1,2.814537,,2.814537,0.0,0.0,2.814537,2.814537,0.0,1,1.0,495,0.466667,0.0,0.0,0,0,0,0,0.0,1,1.0,1,1.0,7.9,1873,396,0,5,3.878716,,3.878716,2.814537,2.601073,1.064179,1.277643,0.897527,1,0.2,7877,0.733333,0.0,0.0,0,0,0,0,0.0,4,0.8,1,1.0,11.3,2897,518,0,10,3.878716,,3.878716,3.234449,2.608557,0.644267,1.27016,0.928782,1,0.1,12153,0.8,0.0,0.0,0,0,0,0,0.0,7,0.7,0,2.0,28.0,1447,560,0,5,4.404401,1,4.404401,4.024284,2.861705,0.380116,1.542696,0.927135,1,0.2,4543,0.538462,0.0,0.0,0,0,0,0,0.0,5,1.0,top1,top1,1,3
7854,housing,or-gemma4-26b,Kansas,yes_no,143,28,0,0,0.0,0,0.0,0.0,2,0,2,0,0,1.0,5.7,329,411,0,1,6.204651,,6.204651,0.0,0.0,6.204651,6.204651,0.0,1,1.0,812,0.666667,0.0,0.0,0,0,0,0,0.0,1,1.0,0,1.0,3.8,2301,370,0,5,6.204651,,6.204651,5.122137,2.444312,1.082514,3.760339,0.648735,1,0.2,9990,0.833333,0.0,0.0,0,0,0,0,0.0,3,0.6,0,1.0,7.0,3393,390,0,10,6.204652,,6.204652,5.122139,2.444311,1.082513,3.760341,0.50456,1,0.1,14770,0.833333,0.0,0.0,0,0,0,0,0.0,5,0.5,0,2.0,20.7,3691,607,0,5,5.23604,1,5.23604,4.825889,2.458684,0.410151,2.777356,0.835972,1,0.2,14990,0.689655,0.0,0.0,0,0,0,0,0.0,3,0.6,top5,top5,0,0
7965,housing,or-gemma4-26b,Massachusetts,yes_no,114,22,0,0,0.0,0,0.0,0.0,2,0,2,0,0,1.0,6.7,247,353,0,1,3.568675,,3.568675,0.0,0.0,3.568675,3.568675,0.0,1,1.0,463,0.466667,0.0,0.0,0,0,0,0,0.0,1,1.0,0,1.0,11.1,2964,338,0,5,3.568675,,3.568675,3.125729,0.906003,0.442945,2.662671,0.783833,1,0.2,11572,0.666667,0.0,0.0,0,0,0,0,0.0,5,1.0,0,1.0,9.8,5825,530,0,10,3.568675,,3.568675,3.125729,2.353921,0.442946,1.214754,0.823927,1,0.1,24624,0.8,0.0,0.0,0,0,0,0,0.0,9,0.9,1,2.0,13.2,3611,561,0,5,2.877544,1,2.877544,2.545745,1.316945,0.3318,1.560599,0.922642,1,0.2,13409,0.538462,0.0,0.0,0,0,0,0,0.0,3,0.6,two_call,two_call,1,1
7987,housing,or-gemma4-26b,Michigan,yes_no,114,22,0,0,0.0,0,0.0,0.0,2,0,2,0,1,1.0,66.2,247,409,0,1,3.568675,,3.568675,0.0,0.0,3.568675,3.568675,0.0,1,1.0,463,0.466667,0.0,0.0,0,0,0,0,0.0,1,1.0,1,1.0,2.4,2964,361,1,5,3.568675,,3.568675,3.125729,0.906003,0.442945,2.662671,0.783833,1,0.2,11572,0.666667,0.0,0.0,5,0,1,0,0.2,5,1.0,1,1.0,4.4,5825,357,1,10,3.568675,,3.568675,3.125729,2.353921,0.442946,1.214754,0.823927,1,0.1,24624,0.8,0.0,0.0,8,0,1,0,0.1,9,0.9,1,2.0,4.0,3514,459,1,5,5.269061,1,5.269061,4.495309,4.026577,0.773752,1.242485,0.925626,1,0.2,13268,0.653846,0.0,0.0,1,1,1,0,0.2,5,1.0,top5,top5,1,4
8091,housing,or-gemma4-26b,Nebraska,yes_no,109,21,0,0,0.0,0,0.0,0.0,2,0,2,0,0,1.0,3.5,439,313,0,1,4.034095,,4.034095,0.0,0.0,4.034095,4.034095,0.0,1,1.0,1508,0.538462,0.0,0.0,0,0,0,0,0.0,1,1.0,0,1.0,9.9,925,463,0,5,4.034096,,4.034096,3.607478,1.841803,0.426618,2.192293,0.816994,1,0.2,3457,0.692308,0.0,0.0,0,0,0,0,0.0,4,0.8,0,1.0,11.3,1323,592,0,10,4.034096,,4.034096,3.607478,2.42562,0.426618,1.608475,0.814518,1,0.1,5115,0.769231,0.0,0.0,0,0,0,0,0.0,7,0.7,1,2.0,21.6,3208,665,0,5,4.751007,1,4.751007,4.60077,3.24632,0.150237,1.504687,0.893965,1,0.2,11722,0.541667,0.0,0.0,0,0,0,0,0.0,5,1.0,two_call,two_call,1,1
8111,housing,or-gemma4-26b,Nevada,yes_no,111,22,0,0,0.0,0,0.0,0.0,2,0,2,0,0,1.0,2.3,368,432,0,1,2.660483,,2.660483,0.0,0.0,2.660483,2.660483,0.0,1,1.0,961,0.533333,0.0,0.0,0,0,0,0,0.0,1,1.0,0,1.0,10.2,1410,749,0,5,3.918185,,3.918185,3.584348,2.590579,0.333838,1.327606,0.90314,1,0.2,5413,0.666667,0.0,0.0,0,0,0,0,0.0,3,0.6,0,1.0,2.7,2759,520,0,10,3.918186,,3.918186,3.584348,2.660481,0.333838,1.257705,0.88073,1,0.1,11304,0.733333,0.0,0.0,0,0,0,0,0.0,5,0.5,0,2.0,6.2,2327,583,0,5,3.262963,1,3.262963,2.22686,1.13038,1.036103,2.132583,0.808362,1,0.2,9103,0.615385,0.0,0.0,0,0,0,0,0.0,4,0.8,top1,top1,0,0
8135,housing,or-gemma4-26b,New Hampshire,yes_no,109,21,0,0,0.0,0,0.0,0.0,2,0,2,0,1,1.0,19.1,440,490,0,1,4.034095,,4.034095,0.0,0.0,4.034095,4.034095,0.0,1,1.0,1508,0.538462,0.0,0.0,0,0,0,0,0.0,1,1.0,0,1.0,6.9,926,423,0,5,4.034096,,4.034096,3.607478,1.841803,0.426618,2.192293,0.816994,1,0.2,3457,0.692308,0.0,0.0,0,0,0,0,0.0,4,0.8,0,1.0,7.3,1324,519,0,10,4.034096,,4.034096,3.607478,2.42562,0.426618,1.608475,0.814518,1,0.1,5115,0.769231,0.0,0.0,0,0,0,0,0.0,7,0.7,1,2.0,105.7,3098,543,0,5,5.420888,1,5.420888,4.269562,3.629439,1.151327,1.791449,0.813001,1,0.2,11065,0.64,0.0,0.0,0,0,0,0,0.0,5,1.0,top1,top1,1,2
8202,housing,or-gemma4-26b,New York,yes_no,119,22,0,0,0.0,0,0.0,0.0,2,0,2,0,0,1.0,6.1,188,301,0,1,2.634756,,2.634756,0.0,0.0,2.634756,2.634756,0.0,1,1.0,354,0.4,0.0,0.0,0,0,0,0,0.0,1,1.0,0,1.0,9.6,943,605,0,5,4.141013,,4.141013,2.634756,1.709923,1.506257,2.43109,0.744388,1,0.2,3398,0.533333,0.0,0.0,0,0,1,0,0.2,5,1.0,1,1.0,11.8,2009,680,0,10,4.141013,,4.141013,2.634756,2.302775,1.506258,1.838238,0.78396,1,0.1,7587,0.866667,0.0,0.0,0,0,1,0,0.1,10,1.0,1,2.0,7.9,1063,678,0,5,3.867295,1,3.867295,3.417346,3.171162,0.44995,0.696134,0.978481,1,0.2,2717,0.481481,0.0,0.0,0,0,0,0,0.0,4,0.8,top10,top10,1,2
8285,housing,or-gemma4-26b,Oklahoma,yes_no,113,22,0,0,0.0,0,0.0,0.0,2,0,2,0,0,1.0,14.5,494,316,0,1,3.378766,,3.378766,0.0,0.0,3.378766,3.378766,0.0,1,1.0,1743,0.6,0.0,0.0,0,0,0,0,0.0,1,1.0,0,1.0,14.4,1268,435,0,5,3.684281,,3.684281,3.378767,2.880241,0.305515,0.80404,0.975615,1,0.2,4738,0.6,0.0,0.0,0,0,0,0,0.0,3,0.6,1,1.0,15.8,3770,968,0,10,4.380127,,4.380127,4.229609,3.378767,0.150517,1.00136,0.935731,1,0.1,14875,0.8,0.0,0.0,0,0,0,0,0.0,6,0.6,0,2.0,11.8,3068,889,0,5,5.887169,1,5.887169,4.972565,3.234616,0.914604,2.652553,0.756938,1,0.2,11863,0.653846,0.0,0.0,0,0,0,0,0.0,4,0.8,top10,top10,1,1
829,housing,or-gemma4-26b,Alaska,yes_no,90,17,0,0,0.0,0,0.0,0.0,1,0,3,0,0,1.0,3.7,272,273,0,1,8.449971,,8.449971,0.0,0.0,8.449971,8.449971,0.0,1,1.0,761,0.833333,0.0,0.0,0,0,0,0,0.0,1,1.0,0,1.0,6.2,790,364,0,5,8.449973,,8.449973,7.396142,7.203489,1.053831,1.246484,0.903825,1,0.2,2848,0.833333,0.0,0.0,0,0,0,0,0.0,4,0.8,0,1.0,16.2,1628,746,0,10,8.449972,,8.449972,7.800436,7.281234,0.649536,1.168738,0.941021,1,0.1,6674,0.833333,0.0,0.0,0,0,0,0,0.0,7,0.7,0,2.0,16.8,962,479,0,5,7.543235,1,7.543235,7.452647,5.929436,0.090588,1.6138,0.886344,1,0.2,2962,0.434783,0.0,0.0,0,0,1,0,0.2,4,0.8,top1,top1,0,0
830,housing,or-gemma4-26b,Alaska,yes_no,329,52,0,0,0.0,0,0.0,0.0,2,0,3,0,1,1.0,4.8,247,328,0,1,2.176425,,2.176425,0.0,0.0,2.176425,2.176425,0.0,1,1.0,408,0.314286,0.0,0.0,0,0,0,0,0.0,1,1.0,1,1.0,9.4,3003,346,0,5,2.235508,,2.235508,2.176425,1.909863,0.059083,0.325646,0.996336,1,0.2,12698,0.742857,0.0,0.0,0,0,0,0,0.0,5,1.0,1,1.0,7.2,4789,795,0,10,2.235507,,2.235507,2.176423,1.909862,0.059083,0.325645,0.942708,1,0.1,19455,0.8,0.0,0.0,0,0,0,0,0.0,8,0.8,1,2.0,7.7,3720,505,0,5,5.667284,1,5.667284,5.623592,4.615789,0.043692,1.051495,0.955639,1,0.2,15330,0.622222,0.0,0.0,0,0,0,0,0.0,3,0.6,top1,top1,1,4
8316,housing,or-gemma4-26b,Oregon,yes_no,143,28,0,0,0.0,0,0.0,0.0,2,0,2,0,0,1.0,6.0,329,587,0,1,6.204651,,6.204651,0.0,0.0,6.204651,6.204651,0.0,1,1.0,812,0.666667,0.0,0.0,0,0,0,0,0.0,1,1.0,0,1.0,6.0,2301,390,0,5,6.204651,,6.204651,5.122137,2.444312,1.082514,3.760339,0.648735,1,0.2,9990,0.833333,0.0,0.0,0,0,0,0,0.0,3,0.6,0,1.0,3.2,3393,384,0,10,6.204652,,6.204652,5.122139,2.444311,1.082513,3.760341,0.50456,1,0.1,14770,0.833333,0.0,0.0,0,0,0,0,0.0,5,0.5,0,2.0,11.5,3691,544,0,5,4.364389,1,4.364389,3.96519,2.943416,0.399199,1.420973,0.950455,1,0.2,14990,0.689655,0.0,0.0,0,0,0,0,0.0,3,0.6,top10,top10,0,0
8387,housing,or-gemma4-26b,South Carolina,yes_no,112,22,0,0,0.0,0,0.0,0.0,2,0,2,0,1,1.0,62.1,189,261,1,1,4.721377,,4.721377,0.0,0.0,4.721377,4.721377,0.0,1,1.0,278,0.333333,0.0,0.0,1,1,1,1,1.0,1,1.0,1,1.0,8.4,666,318,1,5,4.721377,,4.721377,2.720796,1.790173,2.000581,2.931204,0.525754,1,0.2,1982,0.666667,0.0,0.0,1,1,1,0,0.2,5,1.0,1,1.0,5.6,1590,269,1,10,4.721377,,4.721377,2.720796,1.790173,2.000581,2.931204,0.54024,1,0.1,5143,0.733333,0.0,0.0,1,1,1,0,0.1,7,0.7,1,2.0,20.1,1966,533,0,5,3.781945,1,3.781945,3.554025,2.562283,0.22792,1.219662,0.941804,1,0.2,6473,0.444444,0.0,0.0,0,0,1,0,0.2,5,1.0,top10,top10,1,4
8394,housing,or-gemma4-26b,South Carolina,yes_no,111,22,0,0,0.0,0,0.0,0.0,2,0,2,0,0,1.0,7.4,268,416,0,1,4.047252,,4.047252,0.0,0.0,4.047252,4.047252,0.0,1,1.0,495,0.466667,0.0,0.0,0,0,0,0,0.0,1,1.0,0,1.0,10.6,1052,458,0,5,4.047252,,4.047252,3.57277,2.389332,0.474482,1.657919,0.894871,1,0.2,3470,0.733333,0.0,0.0,0,0,0,0,0.0,3,0.6,0,1.0,2.7,2019,298,0,10,4.047253,,4.047253,3.748178,2.791049,0.299075,1.256204,0.915162,1,0.1,7735,0.733333,0.0,0.0,0,0,0,0,0.0,6,0.6,1,2.0,20.5,2639,535,0,5,3.319858,1,3.319858,3.050476,2.000075,0.269382,1.319783,0.924907,1,0.2,9994,0.518519,0.0,0.0,0,0,0,0,0.0,4,0.8,two_call,two_call,1,1
840,housing,or-gemma4-26b,Alaska,yes_no,53,10,0,0,0.0,0,0.0,0.0,1,0,2,0,1,1.0,10.0,258,229,0,1,10.216878,,10.216878,0.0,0.0,10.216878,10.216878,0.0,1,1.0,577,0.875,0.0,0.0,0,0,0,0,0.0,1,1.0,1,1.0,11.4,1707,218,0,5,10.216878,,10.216878,9.260688,7.432581,0.95619,2.784297,0.690501,1,0.2,7221,0.875,0.0,0.0,0,0,0,0,0.0,5,1.0,1,1.0,8.2,4378,784,0,10,10.216878,,10.216878,9.260689,7.43258,0.956189,2.784298,0.593023,1,0.1,18812,0.875,0.0,0.0,0,0,0,0,0.0,10,1.0,1,2.0,16.6,1163,499,1,5,7.65153,1,7.65153,6.381124,3.67298,1.270407,3.97855,0.540874,1,0.2,3505,0.526316,0.0,0.0,4,0,1,0,0.2,5,1.0,top10,top10,1,4
8413,housing,or-gemma4-26b,South Dakota,yes_no,114,22,0,0,0.0,0,0.0,0.0,2,0,2,0,0,1.0,5.2,219,391,0,1,3.640117,,3.640117,0.0,0.0,3.640117,3.640117,0.0,1,1.0,394,0.571429,0.0,0.0,0,0,0,0,0.0,1,1.0,1,1.0,6.5,810,573,0,5,3.640116,,3.640116,3.134322,1.81749,0.505795,1.822626,0.866097,1,0.2,2837,0.714286,0.0,0.0,0,0,0,0,0.0,5,1.0,1,1.0,5.5,1243,728,0,10,3.801151,,3.801151,3.640116,2.220699,0.161035,1.580452,0.838551,1,0.1,4605,0.857143,0.0,0.0,0,0,0,0,0.0,9,0.9,0,2.0,11.3,1036,553,0,5,3.292379,1,3.292379,3.083638,1.617224,0.20874,1.675155,0.90716,1,0.2,2696,0.5,0.0,0.0,0,0,0,0,0.0,2,0.4,top10,top10,1,2
8433,housing,or-gemma4-26b,Tennessee,yes_no,120,23,0,0,0.0,0,0.0,0.0,2,0,2,0,0,1.0,7.7,228,464,0,1,5.938951,,5.938951,0.0,0.0,5.938951,5.938951,0.0,1,1.0,467,0.6,0.0,0.0,0,0,0,0,0.0,1,1.0,1,1.0,9.6,775,504,0,5,5.938951,,5.938951,3.529463,2.221343,2.409488,3.717608,0.419083,1,0.2,2432,0.666667,0.0,0.0,0,0,0,0,0.0,4,0.8,1,1.0,3.4,2742,373,0,10,5.93895,,5.93895,3.529462,2.221342,2.409488,3.717608,0.390067,1,0.1,11642,0.8,0.0,0.0,0,0,0,0,0.0,6,0.6,1,2.0,9.6,2926,546,0,5,3.777829,1,3.777829,3.106384,0.391174,0.671445,3.386656,0.596865,1,0.2,11719,0.653846,0.0,0.0,0,0,1,0,0.2,5,1.0,top10,top10,1,3
8446,housing,or-gemma4-26b,Tennessee,yes_no,117,22,0,0,0.0,0,0.0,0.0,2,0,2,0,0,1.0,3.0,247,330,0,1,2.645858,,2.645858,0.0,0.0,2.645858,2.645858,0.0,1,1.0,463,0.466667,0.0,0.0,0,0,0,0,0.0,1,1.0,0,1.0,4.8,2239,596,0,5,2.645859,,2.645859,1.581263,0.757683,1.064596,1.888176,0.807665,1,0.2,9144,0.8,0.0,0.0,0,0,0,0,0.0,4,0.8,1,1.0,7.2,5450,563,0,10,2.645859,,2.645859,2.196049,1.581263,0.44981,1.064595,0.891059,1,0.1,22826,0.866667,0.0,0.0,0,0,0,0,0.0,9,0.9,1,2.0,14.0,3956,723,0,5,4.532447,1,4.532447,4.388712,3.672433,0.143734,0.860014,0.953561,1,0.2,15505,0.576923,0.0,0.0,0,0,0,0,0.0,4,0.8,top10,top10,1,2
8506,housing,or-gemma4-26b,Utah,yes_no,115,22,0,0,0.0,0,0.0,0.0,2,0,2,0,1,1.0,3.4,188,323,0,1,3.469805,,3.469805,0.0,0.0,3.469805,3.469805,0.0,1,1.0,278,0.266667,0.0,0.0,0,0,0,0,0.0,1,1.0,0,1.0,15.4,690,738,0,5,5.129471,,5.129471,3.469805,1.497963,1.659666,3.631508,0.460863,1,0.2,2165,0.666667,0.0,0.0,0,0,0,0,0.0,4,0.8,0,1.0,4.7,1509,332,0,10,5.129471,,5.129471,3.469804,1.524827,1.659667,3.604644,0.468719,1,0.1,4762,0.733333,0.0,0.0,0,0,0,0,0.0,7,0.7,0,2.0,5.7,1453,470,0,5,4.200568,1,4.200568,3.124615,3.012101,1.075953,1.188467,0.912676,1,0.2,4419,0.5,0.0,0.0,0,0,0,0,0.0,5,1.0,top1,top1,1,1
8573,housing,or-gemma4-26b,Washington,yes_no,111,22,0,0,0.0,0,0.0,0.0,2,0,2,0,0,1.0,8.5,368,336,0,1,2.660483,,2.660483,0.0,0.0,2.660483,2.660483,0.0,1,1.0,961,0.533333,0.0,0.0,0,0,0,0,0.0,1,1.0,0,1.0,9.5,1410,660,0,5,3.918185,,3.918185,3.584348,2.590579,0.333838,1.327606,0.90314,1,0.2,5413,0.666667,0.0,0.0,0,0,0,0,0.0,3,0.6,0,1.0,3.7,2759,430,0,10,3.918186,,3.918186,3.584348,2.660481,0.333838,1.257705,0.88073,1,0.1,11304,0.733333,0.0,0.0,0,0,0,0,0.0,5,0.5,1,2.0,7.3,3441,539,0,5,4.839954,1,4.839954,4.305682,3.486361,0.534272,1.353594,0.91369,1,0.2,13037,0.615385,0.0,0.0,0,0,1,0,0.2,5,1.0,two_call,two_call,1,1
8722,housing,or-gemma4-26b,New Jersey,yes_no,108,18,0,0,0.0,0,0.0,0.0,1,0,0,0,1,1.0,3.5,1014,411,0,1,1.987701,,1.987701,0.0,0.0,1.987701,1.987701,0.0,1,1.0,4408,0.583333,0.0,0.0,0,0,0,0,0.0,1,1.0,1,1.0,2.7,2068,399,0,5,1.9877,,1.9877,-1.480981,-2.557734,3.468681,4.545434,0.197627,1,0.2,8559,0.666667,0.0,0.0,0,0,0,0,0.0,5,1.0,1,1.0,10.6,3951,668,0,10,1.987701,,1.987701,-0.441777,-2.510767,2.429478,4.498468,0.291693,1,0.1,17509,0.916667,0.0,0.0,0,0,0,0,0.0,8,0.8,1,2.0,8.6,3052,669,1,5,-0.974382,1,-0.974382,-1.201519,-2.97018,0.227137,1.995798,0.900039,1,0.2,12557,0.666667,0.0,0.0,4,1,1,0,0.4,4,0.8,top5,top5,1,4
8789,housing,or-gemma4-26b,South Dakota,yes_no,73,13,0,0,0.0,0,0.0,0.0,1,0,0,0,1,1.0,10.8,192,257,0,1,1.656662,,1.656662,0.0,0.0,1.656662,1.656662,0.0,1,1.0,365,0.461538,0.0,0.0,0,0,0,0,0.0,1,1.0,1,1.0,4.4,658,447,0,5,4.073709,,4.073709,3.955762,1.327285,0.117946,2.746423,0.675791,1,0.2,2113,0.692308,0.0,0.0,0,0,0,0,0.0,5,1.0,1,1.0,8.7,1605,470,0,10,4.073709,,4.073709,3.955762,1.619402,0.117946,2.454306,0.682639,1,0.1,5573,0.692308,0.0,0.0,0,0,0,0,0.0,10,1.0,1,2.0,9.8,1958,730,0,5,4.740892,1,4.740892,4.599976,3.717522,0.140917,1.023371,0.970512,1,0.2,5797,0.625,0.0,0.0,0,0,1,0,0.2,5,1.0,top5,top5,1,4
8794,housing,or-gemma4-26b,Utah,yes_no,68,11,0,0,0.0,0,0.0,0.0,1,0,0,0,1,1.0,10.3,698,444,0,1,-0.265179,,-0.265179,0.0,0.0,-0.265179,-0.265179,0.0,1,1.0,2671,0.555556,0.0,0.0,0,0,0,0,0.0,1,1.0,1,1.0,17.8,4313,591,0,5,-0.265181,,-0.265181,-0.536975,-5.543268,0.271794,5.278087,0.62792,1,0.2,17028,0.555556,0.0,0.0,0,0,0,0,0.0,3,0.6,1,1.0,5.5,6401,572,0,10,-0.26518,,-0.26518,-0.536973,-3.092964,0.271794,2.827784,0.649799,1,0.1,26289,0.666667,0.0,0.0,0,0,0,0,0.0,9,0.9,1,2.0,16.4,2498,771,0,5,4.273239,1,4.273239,3.480196,2.725372,0.793043,1.547867,0.881938,1,0.2,8786,0.5,0.0,0.0,0,0,0,0,0.0,5,1.0,top10,top10,1,4
8811,housing,or-gemma4-26b,West Virginia,yes_no,85,14,0,0,0.0,0,0.0,0.0,1,0,0,0,0,1.0,9.5,1012,496,0,1,-0.778664,,-0.778664,0.0,0.0,-0.778664,-0.778664,0.0,1,1.0,4044,0.5,0.0,0.0,0,0,0,0,0.0,1,1.0,1,1.0,13.8,1852,822,0,5,-0.778666,,-0.778666,-2.219732,-4.622717,1.441066,3.844051,0.502534,1,0.2,7596,0.5,0.0,0.0,0,0,0,0,0.0,4,0.8,1,1.0,7.1,4801,469,0,10,1.186216,,1.186216,-0.778667,-2.266251,1.964884,3.452467,0.39486,1,0.1,20949,0.9,0.0,0.0,0,0,0,0,0.0,8,0.8,1,2.0,26.7,1252,778,0,5,2.275818,1,2.275818,2.058988,1.668317,0.21683,0.6075,0.985587,1,0.2,4215,0.590909,0.0,0.0,0,1,1,0,0.2,5,1.0,top10,top10,1,3
8887,housing,or-gemma4-26b,District of Columbia,yes_no,76,14,0,0,0.0,0,0.0,0.0,1,0,0,0,1,1.0,5.4,194,274,0,1,1.420609,,1.420609,0.0,0.0,1.420609,1.420609,0.0,1,1.0,352,0.538462,0.0,0.0,0,0,0,0,0.0,1,1.0,1,1.0,5.3,1104,309,0,5,1.420606,,1.420606,1.319506,-0.000924,0.1011,1.42153,0.927411,1,0.2,4493,0.769231,0.0,0.0,0,0,1,0,0.2,5,1.0,1,1.0,4.0,2413,388,0,10,1.420608,,1.420608,1.319504,0.602335,0.101104,0.818273,0.927284,1,0.1,10226,0.846154,0.0,0.0,0,0,1,0,0.1,8,0.8,1,2.0,15.5,1114,653,0,5,5.147798,1,5.147798,4.151796,1.801357,0.996002,3.346441,0.74825,1,0.2,2474,0.458333,0.0,0.0,0,1,1,1,1.0,1,0.2,top10,top10,1,4
8974,housing,or-gemma4-26b,Maine,yes_no,67,11,0,0,0.0,0,0.0,0.0,1,0,0,1,0,1.0,5.7,124,241,0,1,1.807514,,1.807514,0.0,0.0,1.807514,1.807514,0.0,1,1.0,135,0.3,0.0,0.0,0,0,0,0,0.0,1,1.0,1,1.0,6.0,385,298,0,5,1.960873,,1.960873,1.807516,0.521631,0.153357,1.439242,0.939829,1,0.2,1122,0.7,0.0,0.0,0,0,0,0,0.0,5,1.0,1,1.0,8.0,949,392,0,10,2.166554,,2.166554,1.960871,1.249529,0.205683,0.917025,0.875076,1,0.1,3427,0.7,0.0,0.0,0,0,0,0,0.0,8,0.8,1,2.0,23.4,1143,478,0,5,5.180651,1,5.180651,4.197573,3.757491,0.983078,1.423161,0.890067,1,0.2,3195,0.380952,0.0,0.0,0,0,0,0,0.0,5,1.0,top5,top5,1,3
8986,housing,or-gemma4-26b,Maryland,yes_no,78,14,0,0,0.0,0,0.0,0.0,1,0,0,0,1,1.0,14.8,378,270,0,1,0.681176,,0.681176,0.0,0.0,0.681176,0.681176,0.0,1,1.0,1281,0.461538,0.0,0.0,0,0,0,0,0.0,1,1.0,0,1.0,4.9,1244,589,0,5,2.46171,,2.46171,2.300174,-0.037898,0.161536,2.499608,0.786355,1,0.2,4599,0.846154,0.0,0.0,0,0,0,0,0.0,5,1.0,0,1.0,5.3,2856,351,0,10,2.461711,,2.461711,2.300174,-0.037897,0.161536,2.499608,0.65546,1,0.1,10730,0.846154,0.0,0.0,0,0,0,0,0.0,8,0.8,1,2.0,8.8,763,596,0,5,5.20561,1,5.20561,5.006634,3.568617,0.198976,1.636994,0.906541,1,0.2,1773,0.434783,0.0,0.0,0,0,1,0,0.2,4,0.8,top1,top1,1,2
9007,housing,or-gemma4-26b,Mississippi,yes_no,76,14,0,0,0.0,0,0.0,0.0,1,0,0,0,1,1.0,5.3,192,246,0,1,1.420609,,1.420609,0.0,0.0,1.420609,1.420609,0.0,1,1.0,352,0.538462,0.0,0.0,0,0,0,0,0.0,1,1.0,1,1.0,2.5,1102,298,0,5,1.420606,,1.420606,1.319506,-0.000924,0.1011,1.42153,0.927411,1,0.2,4493,0.769231,0.0,0.0,0,0,0,0,0.0,5,1.0,1,1.0,3.6,2411,360,0,10,1.420608,,1.420608,1.319504,0.602335,0.101104,0.818273,0.927284,1,0.1,10226,0.846154,0.0,0.0,0,0,0,0,0.0,8,0.8,1,2.0,6.6,815,554,0,5,5.175396,1,5.175396,4.730964,3.898932,0.444432,1.276464,0.927245,1,0.2,1758,0.391304,0.0,0.0,0,0,0,0,0.0,5,1.0,top5,top5,1,4
9035,housing,or-gemma4-26b,Nevada,yes_no,78,15,0,0,0.0,0,0.0,0.0,1,0,0,0,1,1.0,8.9,701,360,0,1,-0.224238,,-0.224238,0.0,0.0,-0.224238,-0.224238,0.0,1,1.0,2671,0.615385,0.0,0.0,0,0,0,0,0.0,1,1.0,1,1.0,11.7,1766,567,0,5,-0.224235,,-0.224235,-0.744727,-5.260641,0.520492,5.036406,0.546639,1,0.2,7386,0.692308,0.0,0.0,0,0,0,0,0.0,4,0.8,1,1.0,9.5,4320,602,0,10,-0.224237,,-0.224237,-0.606465,-3.171983,0.382228,2.947746,0.650973,1,0.1,18419,0.846154,0.0,0.0,0,0,0,0,0.0,5,0.5,1,2.0,5.4,1485,624,0,5,4.894493,1,4.894493,4.388403,3.017829,0.50609,1.876664,0.905817,1,0.2,5086,0.478261,0.0,0.0,0,0,1,0,0.2,5,1.0,top1,top1,1,4
906,housing,or-gemma4-26b,California,yes_no,329,52,0,0,0.0,0,0.0,0.0,2,0,3,0,1,1.0,19.0,247,313,0,1,2.176425,,2.176425,0.0,0.0,2.176425,2.176425,0.0,1,1.0,408,0.314286,0.0,0.0,0,0,0,0,0.0,1,1.0,1,1.0,15.9,3003,517,0,5,2.235508,,2.235508,2.176425,1.909863,0.059083,0.325646,0.996336,1,0.2,12698,0.742857,0.0,0.0,0,0,0,0,0.0,5,1.0,1,1.0,12.2,4789,788,0,10,2.235507,,2.235507,2.176423,1.909862,0.059083,0.325645,0.942708,1,0.1,19455,0.8,0.0,0.0,0,0,0,0,0.0,8,0.8,1,2.0,11.9,1521,716,0,5,4.318192,1,4.318192,2.926007,1.243532,1.392185,3.07466,0.649595,1,0.2,4574,0.4,0.0,0.0,0,0,0,0,0.0,3,0.6,top10,top10,1,4
9125,housing,or-gemma4-26b,Rhode Island,yes_no,92,16,0,0,0.0,0,0.0,0.0,1,0,0,0,1,1.0,9.8,332,474,0,1,0.907376,,0.907376,0.0,0.0,0.907376,0.907376,0.0,1,1.0,979,0.533333,0.0,0.0,0,0,0,0,0.0,1,1.0,0,1.0,7.3,1087,695,0,5,0.907378,,0.907378,-0.396966,-2.465251,1.304345,3.372629,0.57953,1,0.2,4209,0.666667,0.0,0.0,0,0,0,0,0.0,4,0.8,1,1.0,9.9,4102,511,0,10,1.614568,,1.614568,0.907379,-1.394639,0.70719,3.009207,0.626178,1,0.1,17059,0.866667,0.0,0.0,0,0,0,0,0.0,9,0.9,1,2.0,9.0,3458,654,0,5,4.445339,1,4.445339,4.221832,2.929251,0.223507,1.516087,0.915093,1,0.2,12966,0.576923,0.0,0.0,0,1,1,0,0.8,2,0.4,top1,top1,1,3
913,housing,or-gemma4-26b,California,yes_no,259,49,0,0,0.0,0,0.0,0.0,2,0,3,0,1,1.0,6.6,439,606,0,1,1.6776,,1.6776,0.0,0.0,1.6776,1.6776,0.0,1,1.0,1300,0.419355,0.0,0.0,0,0,0,0,0.0,1,1.0,1,1.0,7.0,1311,589,0,5,4.79181,,4.79181,2.560453,1.70263,2.231356,3.089179,0.500004,1,0.2,4927,0.612903,0.0,0.0,0,0,0,0,0.0,5,1.0,1,1.0,6.2,2378,627,0,10,4.791809,,4.791809,3.365308,2.560454,1.426501,2.231355,0.720815,1,0.1,9430,0.774194,0.0,0.0,0,0,0,0,0.0,8,0.8,1,2.0,14.4,1234,1169,0,5,4.430901,1,4.430901,4.157593,4.08167,0.273308,0.34923,0.994433,1,0.2,3406,0.375,0.0,0.0,0,0,0,0,0.0,5,1.0,top10,top10,1,4
9142,housing,or-gemma4-26b,Texas,yes_no,67,11,0,0,0.0,0,0.0,0.0,1,0,0,1,0,1.0,5.1,124,261,0,1,1.807514,,1.807514,0.0,0.0,1.807514,1.807514,0.0,1,1.0,135,0.3,0.0,0.0,0,0,0,0,0.0,1,1.0,1,1.0,4.6,385,364,0,5,1.960873,,1.960873,1.807516,0.521631,0.153357,1.439242,0.939829,1,0.2,1122,0.7,0.0,0.0,0,0,0,0,0.0,5,1.0,1,1.0,3.0,949,368,0,10,2.166554,,2.166554,1.960871,1.249529,0.205683,0.917025,0.875076,1,0.1,3427,0.7,0.0,0.0,0,0,0,0,0.0,8,0.8,1,2.0,65.0,1008,448,0,5,4.164667,1,4.164667,3.437657,2.584377,0.727009,1.580289,0.870076,1,0.2,2693,0.428571,0.0,0.0,0,0,0,0,0.0,5,1.0,top10,top10,1,3
9192,housing,or-gemma4-26b,West Virginia,yes_no,76,14,0,0,0.0,0,0.0,0.0,1,0,0,0,0,1.0,4.2,238,290,0,1,-0.70888,,-0.70888,0.0,0.0,-0.70888,-0.70888,0.0,1,1.0,590,0.538462,0.0,0.0,0,0,0,0,0.0,1,1.0,0,1.0,8.2,1956,413,0,5,0.590452,,0.590452,-0.708879,-3.420286,1.299332,4.010739,0.508936,1,0.2,8313,0.846154,0.0,0.0,0,0,0,0,0.0,4,0.8,0,1.0,6.5,3227,440,0,10,0.590454,,0.590454,-0.708878,-2.537916,1.299333,3.12837,0.51758,1,0.1,13726,0.846154,0.0,0.0,0,0,0,0,0.0,7,0.7,1,2.0,22.1,3058,627,0,5,5.316451,1,5.316451,5.194245,4.02459,0.122206,1.291862,0.921556,1,0.2,12721,0.5,0.0,0.0,0,0,0,0,0.0,4,0.8,two_call,two_call,1,1
9193,housing,or-gemma4-26b,West Virginia,yes_no,88,17,0,0,0.0,0,0.0,0.0,1,0,0,0,1,1.0,5.9,226,371,0,1,2.135709,,2.135709,0.0,0.0,2.135709,2.135709,0.0,1,1.0,539,0.6,0.0,0.0,0,0,0,0,0.0,1,1.0,1,1.0,20.2,849,251,0,5,2.495588,,2.495588,2.135709,1.538405,0.359879,0.957183,0.960526,1,0.2,2661,0.8,0.0,0.0,0,0,0,0,0.0,5,1.0,1,1.0,8.3,3796,276,0,10,2.495586,,2.495586,2.135709,1.538406,0.359877,0.95718,0.879382,1,0.1,15235,0.8,0.0,0.0,0,0,0,0,0.0,9,0.9,1,2.0,15.8,1514,471,0,5,3.906466,1,3.906466,3.396091,3.125819,0.510375,0.780648,0.97105,1,0.2,5255,0.423077,0.0,0.0,0,0,0,0,0.0,4,0.8,top1,top1,1,4
9283,housing,or-gemma4-26b,New York,yes_no,85,12,0,0,0.0,0,0.0,0.0,1,0,1,0,1,1.0,19.3,1117,438,0,1,3.938653,,3.938653,0.0,0.0,3.938653,3.938653,0.0,1,1.0,4043,0.545455,0.0,0.0,0,0,0,0,0.0,1,1.0,1,1.0,40.0,1710,762,0,5,3.938654,,3.938654,3.075181,0.999566,0.863473,2.939088,0.761668,1,0.2,6792,0.818182,0.0,0.0,0,0,1,0,0.2,5,1.0,1,1.0,16.9,2658,806,0,10,3.938654,,3.938654,3.075181,1.887747,0.863472,2.050907,0.686002,1,0.1,10795,0.818182,0.0,0.0,0,0,1,0,0.1,9,0.9,1,2.0,7.7,2389,604,0,5,2.303802,1,2.303802,0.229084,-0.801076,2.074718,3.104879,0.531129,1,0.2,8682,0.521739,0.0,0.0,0,0,0,0,0.0,5,1.0,top10,top10,1,4
9294,housing,or-gemma4-26b,Washington,yes_no,105,15,0,0,0.0,0,0.0,0.0,1,0,1,1,0,1.0,1.8,1015,248,0,1,1.131001,,1.131001,0.0,0.0,1.131001,1.131001,0.0,1,1.0,3875,0.615385,0.0,0.0,0,0,0,0,0.0,1,1.0,0,1.0,9.2,2382,371,0,5,3.029882,,3.029882,1.131002,-1.602628,1.89888,4.632509,0.465979,1,0.2,9809,0.846154,0.0,0.0,0,0,0,0,0.0,5,1.0,1,1.0,8.2,4229,499,0,10,3.029882,,3.029882,1.961021,0.855479,1.068861,2.174403,0.588631,1,0.1,17581,0.923077,0.0,0.0,0,0,0,0,0.0,9,0.9,1,2.0,8.6,2653,489,0,5,4.311517,1,4.311517,3.073455,0.66437,1.238062,3.647147,0.584702,1,0.2,9968,0.458333,0.0,0.0,0,0,1,0,0.6,3,0.6,top10,top10,1,2
952,housing,or-gemma4-26b,Connecticut,yes_no,76,14,0,0,0.0,0,0.0,0.0,1,0,2,0,0,1.0,106.1,226,366,0,1,5.822575,,5.822575,0.0,0.0,5.822575,5.822575,0.0,1,1.0,484,0.416667,0.0,0.0,0,0,0,0,0.0,1,1.0,0,1.0,6.9,867,453,0,5,5.822575,,5.822575,5.567362,5.372873,0.255213,0.449702,0.992869,1,0.2,3167,0.75,0.0,0.0,0,0,0,0,0.0,5,1.0,0,1.0,8.4,1519,475,0,10,5.822577,,5.822577,5.567366,5.415497,0.255211,0.40708,0.98491,1,0.1,5956,0.75,0.0,0.0,0,0,0,0,0.0,10,1.0,0,2.0,18.2,1424,537,1,5,3.653938,1,3.653938,1.520041,-0.886709,2.133896,4.540647,0.370882,1,0.2,5106,0.5,0.0,0.0,2,0,1,0,0.2,5,1.0,top5,top5,0,0
